profile,plotted_stage,training_source_revision,iteration,transitions,iteration_transitions,warmup,rollout_seconds,ppo_seconds,iteration_seconds,transitions_per_second,wall_seconds,segment_wall_seconds,slurm_job_id,torch_peak_bytes,gpu_memory_mib,gpu_utilization_pct,gpu_peak_memory_mib,gpu_mean_utilization_pct,train/Loss/value,train/Loss/surrogate,train/Loss/entropy,train/Loss/diagnostic_kl,train/Loss/diagnostic_clip_fraction,train/Loss/diagnostic_completed_episodes,train/Loss/diagnostic_successes,train/Loss/diagnostic_action_saturation,train/Loss/diagnostic_action_std_0,train/Loss/diagnostic_action_std_1,train/Loss/diagnostic_action_std_2,train/Loss/learning_rate,train/Policy/mean_std,train/Perf/total_fps,train/Perf/collection_time,train/Perf/learning_time,train/Episode_Reward/task,train/Episode_Metrics/success_rate,train/Episode_Termination/success,train/Episode_Termination/failure,train/Episode_Termination/timeout,train/Loss/diagnostic_episode_weighted_success,train/Train/mean_reward,train/Train/mean_episode_length
progress,exploration,11a591f7a2129484d555caf115fcdbf1a709a0c9,1,12288,12288,True,25.05288457032293,1.0980736059136689,26.151016012299806,469.8861411052057,61.96218119887635,61.96218119887635,51531364,5500434944,9813.0,90.0,9813.0,9.53061224489796,0.0007068280067414889,0.00012586344473675126,4.2259142100811005,0.004921946674585342,0.0506795272231102,0,0,0.3201497495174408,0.9753970503807068,0.992415726184845,0.9903103709220886,0.01,0.9850966334342957,469,25.05288457032293,1.0980736059136689,,,,,,,,
progress,exploration,11a591f7a2129484d555caf115fcdbf1a709a0c9,2,24576,12288,True,2.775065027177334,0.7277940516360104,3.5536246211268008,3457.8778880994078,65.51580582000315,65.51580582000315,51531364,5500434944,9329.0,89.0,9813.0,15.849056603773585,0.4262714199721813,-0.004477011982089607,4.223529011011124,0.008187441155314445,0.10699462890625,0,0,0.3150770664215088,0.9784398674964905,0.9882045984268188,0.9934524297714233,0.01,0.9875910878181458,3507,2.775065027177334,0.7277940516360104,,,,,,,,
progress,exploration,11a591f7a2129484d555caf115fcdbf1a709a0c9,3,36864,12288,True,2.8372759418562055,0.7303908453322947,3.5800498286262155,3432.3544610314307,69.09585564862937,69.09585564862937,51531364,5500434944,9329.0,100.0,9813.0,20.321428571428573,0.25732328929007053,-0.002054286829661578,4.202296927571297,0.009658100083470345,0.1246744841337204,0,0,0.3125,0.9757915139198303,0.9845144152641296,0.9924984574317932,0.006666666666666667,0.9848183393478394,3444,2.8372759418562055,0.7303908453322947,,,,,,,,
progress,exploration,11a591f7a2129484d555caf115fcdbf1a709a0c9,4,49152,12288,False,2.689253628719598,0.7549274452030659,3.4547154870815575,3556.8775622621656,72.55057113571092,72.55057113571092,51531364,5702089216,9329.0,98.0,9813.0,24.322033898305083,0.19472186965867877,-0.0015729388105683029,4.225845754146576,0.012044988572597504,0.1534423828125,512.0,0.0,0.3146430253982544,0.9726969599723816,0.995780885219574,1.003529667854309,0.006666666666666667,0.9909388422966003,3567,2.689253628719598,0.7549274452030659,-0.16240468621253967,0.0,0.0,0.0,512.0,0.0,-0.43173847485333683,88.0
progress,exploration,11a591f7a2129484d555caf115fcdbf1a709a0c9,5,61440,12288,False,2.0862472667358816,0.73256004601717,2.844845009036362,4319.3917281849845,75.39541614474729,75.39541614474729,51531364,5702089216,11061.0,98.0,11061.0,27.596774193548388,0.11890944268088788,-0.0020024334371555597,4.1869004517793655,0.011415316723287106,0.1420491635799408,0,0,0.3237033784389496,0.9685108065605164,0.9775794744491577,0.9961462020874023,0.01,0.9800751805305481,4359,2.0862472667358816,0.73256004601717,-0.16240468621253967,0.0,0.0,0.0,512.0,0.0,-0.43173847485333683,88.0
progress,exploration,11a591f7a2129484d555caf115fcdbf1a709a0c9,6,73728,12288,False,2.753373784944415,0.7516670529730618,3.5199483050964773,3490.9603593349366,78.91536444984376,78.91536444984376,51531364,5702089216,11061.0,99.0,11061.0,30.892307692307693,0.1603120369836688,-0.012322392751229927,4.203272998332977,0.015311485156416893,0.2012329250574112,0,0,0.3166775405406952,0.9661784768104553,0.974907398223877,0.9940226078033447,0.0019753086419753087,0.9786423444747925,3505,2.753373784944415,0.7516670529730618,-0.16240468621253967,0.0,0.0,0.0,512.0,0.0,-0.43173847485333683,88.0
progress,exploration,11a591f7a2129484d555caf115fcdbf1a709a0c9,7,86016,12288,False,2.7584085622802377,0.7526559699326754,3.5302469129674137,3480.776360107655,82.44561136281118,82.44561136281118,51531364,5702089216,11061.0,86.0,11061.0,34.289855072463766,0.11671691993251443,-0.017916583688929677,4.170167073607445,0.0158962681889534,0.2114664912223816,0,0,0.3282063901424408,0.9445723295211792,0.9718529582023621,0.9915157556533813,0.00026012294873748923,0.9693156480789185,3499,2.7584085622802377,0.7526559699326754,-0.16240468621253967,0.0,0.0,0.0,512.0,0.0,-0.43173847485333683,88.0
progress,exploration,11a591f7a2129484d555caf115fcdbf1a709a0c9,8,98304,12288,False,2.2695194031111896,0.7565512051805854,3.0435508508235216,4037.3894185717722,85.4891622136347,85.4891622136347,51531364,5702089216,11061.0,83.0,11061.0,36.75,0.10365938302129507,-0.016784342395112617,4.171377494931221,0.011870300397276878,0.1391194760799408,512.0,0.0,0.3229709267616272,0.9415497183799744,0.9663279056549072,1.0073007345199585,0.0029629629629629637,0.9719573259353638,4060,2.2695194031111896,0.7565512051805854,-0.12824253737926483,0.0,0.0,0.0,512.0,0.0,-0.5109227422252297,88.0
progress,exploration,11a591f7a2129484d555caf115fcdbf1a709a0c9,9,110592,12288,False,2.332662519067526,0.7297272966243327,3.079131599981338,3990.735569754302,88.56829381361604,88.56829381361604,51531364,5702089216,11061.0,99.0,11061.0,38.432432432432435,0.07918893091846257,-0.012790522137947846,4.175799056887627,0.014105452224612236,0.1690877377986908,0,0,0.326958566904068,0.9448867440223694,0.9644716382026672,1.0097429752349854,0.0013168724279835394,0.9732668399810791,4012,2.332662519067526,0.7297272966243327,-0.12824253737926483,0.0,0.0,0.0,512.0,0.0,-0.5109227422252297,88.0
progress,exploration,11a591f7a2129484d555caf115fcdbf1a709a0c9,10,122880,12288,False,2.7192642758600414,0.729066263884306,3.4616481070406735,3549.754226897685,92.02994192065671,92.02994192065671,51531364,5702089216,11061.0,87.0,11061.0,41.23076923076923,0.08418538351543248,-0.023233567109855358,4.159102112054825,0.016106653958559036,0.2082926332950592,0,0,0.3353949785232544,0.9401884078979492,0.9496639966964722,1.0140774250030518,0.0013168724279835394,0.9679037928581238,3563,2.7192642758600414,0.729066263884306,-0.12824253737926483,0.0,0.0,0.0,512.0,0.0,-0.5109227422252297,88.0
progress,exploration,11a591f7a2129484d555caf115fcdbf1a709a0c9,11,135168,12288,False,2.8453170796856284,0.746763810981065,3.6054624440148473,3408.1619738955733,95.63540436467156,95.63540436467156,51531364,5702089216,11061.0,96.0,11061.0,43.32098765432099,0.2428757669404149,-0.020615578516299138,4.1438306123018265,0.016331324353814125,0.2032877653837204,512.0,0.0,0.335313618183136,0.9274835586547852,0.9375177621841431,1.0176340341567993,0.00026012294873748923,0.9609642028808594,3420,2.8453170796856284,0.746763810981065,-0.07675144821405411,0.0,0.0,0.0,512.0,0.0,-0.24909970646724106,88.0
progress,exploration,11a591f7a2129484d555caf115fcdbf1a709a0c9,12,147456,12288,False,1.8825039342045784,0.7304611657746136,2.631615255959332,4669.375575389921,98.26701962063089,98.26701962063089,51531364,5702089216,11061.0,88.0,11061.0,45.166666666666664,0.005858780757989734,-0.003436998769757338,4.156369298696518,0.010071278549730778,0.11260986328125,0,0,0.319444477558136,0.9484992027282715,0.9508419632911682,1.0313981771469116,0.0013168724279835394,0.9765909314155579,4702,1.8825039342045784,0.7304611657746136,-0.07675144821405411,0.0,0.0,0.0,512.0,0.0,-0.24909970646724106,88.0
progress,exploration,11a591f7a2129484d555caf115fcdbf1a709a0c9,13,159744,12288,False,2.646622315980494,0.7426916602998972,3.400328426156193,3613.7685717290046,101.66734804678708,101.66734804678708,51531364,5702089216,11061.0,92.0,11061.0,46.91954022988506,0.06814658327493817,-0.022053947497624904,4.182626023888588,0.016380183398723602,0.2021077424287796,0,0,0.3329806923866272,0.9409037232398987,0.94963538646698,1.0260602235794067,0.0005852766346593508,0.9723688960075378,3625,2.646622315980494,0.7426916602998972,-0.07675144821405411,0.0,0.0,0.0,512.0,0.0,-0.24909970646724106,88.0
progress,exploration,11a591f7a2129484d555caf115fcdbf1a709a0c9,14,172032,12288,False,2.7047533709555864,0.7363324393518269,3.453384717926383,3558.248212605297,105.12073276471347,105.12073276471347,51531364,5702089216,11061.0,87.0,11061.0,48.5,0.0623207064345479,-0.022897721639310475,4.151638239622116,0.015854740515351295,0.1968180239200592,0,0,0.3396539092063904,0.9358381032943726,0.9342138171195984,1.0232036113739014,0.00011561019943888411,0.9644287824630737,3570,2.7047533709555864,0.7363324393518269,-0.07675144821405411,0.0,0.0,0.0,512.0,0.0,-0.24909970646724106,88.0
progress,exploration,11a591f7a2129484d555caf115fcdbf1a709a0c9,15,184320,12288,False,2.5236213062889874,0.745375326834619,3.281793441157788,3744.2941551083427,108.40252620587125,108.40252620587125,51531364,5702089216,11061.0,98.0,11061.0,50.11827956989247,0.19693531515076756,-0.019060715894738678,4.131380885839462,0.009553237818181515,0.1278686672449112,512.0,0.0,0.344835102558136,0.9206945300102234,0.9211879372596741,1.0142353773117065,0.0013168724279835394,0.9526227116584778,3758,2.5236213062889874,0.745375326834619,-0.06305810809135437,0.0,0.0,0.0,512.0,0.0,-0.12803910423070192,88.0
progress,exploration,11a591f7a2129484d555caf115fcdbf1a709a0c9,16,196608,12288,False,2.056651785969734,0.7348907757550478,2.8083156468346715,4375.576518205899,111.21084185270593,111.21084185270593,51531364,5702089216,11061.0,87.0,11061.0,51.510416666666664,0.029419473954476416,-0.0008720329351490363,4.100112944841385,0.021854812279343605,0.1860148161649704,0,0,0.3334690034389496,0.9192599654197693,0.9164780378341675,1.0147907733917236,1e-05,0.9501745700836182,4401,2.056651785969734,0.7348907757550478,-0.06305810809135437,0.0,0.0,0.0,512.0,0.0,-0.12803910423070192,88.0
progress,exploration,11a591f7a2129484d555caf115fcdbf1a709a0c9,17,208896,12288,False,2.6912351548671722,0.7342396741732955,3.4374011838808656,3574.7936719235972,114.64824303658679,114.64824303658679,51531364,5702089216,11061.0,84.0,11061.0,52.77777777777778,0.05909513379447162,-0.016984658330329694,4.090441644191742,0.008037281222641468,0.1085612028837204,0,0,0.344482421875,0.9068726897239685,0.9070670008659363,1.0112358331680298,0.0008649755859375004,0.9421045780181885,3587,2.6912351548671722,0.7342396741732955,-0.06305810809135437,0.0,0.0,0.0,512.0,0.0,-0.12803910423070192,88.0
progress,exploration,11a591f7a2129484d555caf115fcdbf1a709a0c9,18,221184,12288,False,2.6803097180090845,0.7441008547320962,3.4371041962876916,3575.1025567603924,118.08534723287448,118.08534723287448,51531364,5702089216,11061.0,98.0,11061.0,54.11764705882353,0.045911219087429345,-0.023615828053152654,4.068157345056534,0.015418220311403275,0.1997477263212204,0,0,0.3579644560813904,0.9028218984603882,0.900503933429718,1.0157725811004639,0.0005766503906250003,0.9397830963134766,3588,2.6803097180090845,0.7441008547320962,-0.06305810809135437,0.0,0.0,0.0,512.0,0.0,-0.12803910423070192,88.0
progress,exploration,11a591f7a2129484d555caf115fcdbf1a709a0c9,19,233472,12288,False,2.268490028101951,0.7641021879389882,3.0501136989332736,4028.702275688124,121.13546093180776,121.13546093180776,51531364,5702089216,11061.0,98.0,11061.0,55.371428571428574,0.13115870486944914,-0.018090167694026604,4.044174328446388,0.013723611831665039,0.1582845151424408,512.0,0.0,0.3519694209098816,0.8938179612159729,0.8806037306785583,1.0084227323532104,0.0002562890625000001,0.927638590335846,4051,2.268490028101951,0.7641021879389882,-0.06816398352384567,0.0,0.0,0.0,512.0,0.0,-0.2935449542850256,88.0
progress,exploration,11a591f7a2129484d555caf115fcdbf1a709a0c9,20,245760,12288,False,2.320262511726469,0.7281126542948186,3.0661450941115618,4007.6381328459406,124.20160602591932,124.20160602591932,51531364,5702089216,11061.0,99.0,11061.0,56.574074074074076,0.03962358878925443,-0.01563120190257905,4.020290359854698,0.009720798581838608,0.1237589567899704,0,0,0.3498806655406952,0.8918192386627197,0.8794231414794922,1.001731038093567,0.0005766503906250003,0.9243937730789185,4030,2.320262511726469,0.7281126542948186,-0.06816398352384567,0.0,0.0,0.0,512.0,0.0,-0.2935449542850256,88.0
progress,exploration,11a591f7a2129484d555caf115fcdbf1a709a0c9,21,258048,12288,False,2.6595157398842275,0.7304785521700978,3.4243033616803586,3588.4671134890596,127.62590938759968,127.62590938759968,51531364,5702089216,11061.0,99.0,11061.0,57.72072072072072,0.041097906534560025,-0.024680955559233553,4.008052214980125,0.013849826529622078,0.1757405549287796,0,0,0.3606770932674408,0.8867471218109131,0.8727626204490662,1.0005639791488647,0.0005766503906250003,0.9201793670654297,3624,2.6595157398842275,0.7304785521700978,-0.06816398352384567,0.0,0.0,0.0,512.0,0.0,-0.2935449542850256,88.0
progress,exploration,11a591f7a2129484d555caf115fcdbf1a709a0c9,22,270336,12288,False,2.748888127040118,0.7248835051432252,3.490848284214735,3520.0613144848203,131.1167576718144,131.1167576718144,51531364,5702089216,11061.0,89.0,11061.0,58.85217391304348,0.22548834281042218,-0.026470909564523026,3.9806216955184937,0.01635466329753399,0.2063395380973816,512.0,0.0,0.3692220151424408,0.8793364763259888,0.8591082692146301,0.9918835163116455,0.0005766503906250003,0.9102420806884766,3537,2.748888127040118,0.7248835051432252,-0.023349570110440254,0.0,0.0,0.0,512.0,0.0,0.013859944269061088,88.0
progress,exploration,11a591f7a2129484d555caf115fcdbf1a709a0c9,23,282624,12288,False,1.8732208851724863,0.7257770420983434,2.6182819781824946,4693.153794126419,133.7350396499969,133.7350396499969,51531364,5702089216,11061.0,90.0,11061.0,59.46153846153846,0.003494088199659018,-0.0027096707926830277,3.9718531742691994,0.011398371309041977,0.12689208984375,0,0,0.3490668535232544,0.8756634593009949,0.8652624487876892,1.0000934600830078,0.0005766503906250003,0.9135320782661438,4727,1.8732208851724863,0.7257770420983434,-0.023349570110440254,0.0,0.0,0.0,512.0,0.0,0.013859944269061088,88.0
progress,exploration,11a591f7a2129484d555caf115fcdbf1a709a0c9,24,294912,12288,False,2.5786725552752614,0.729935463052243,3.3288696138188243,3691.3431361174307,137.06390926381573,137.06390926381573,51531364,5702089216,11061.0,99.0,11061.0,60.45,0.037531200679950416,-0.023325557689531706,3.979714222252369,0.015196380205452442,0.1909993588924408,0,0,0.3623046875,0.8737168908119202,0.8625833988189697,0.9996398091316223,0.0005766503906250003,0.9121314287185669,3713,2.5786725552752614,0.729935463052243,-0.023349570110440254,0.0,0.0,0.0,512.0,0.0,0.013859944269061088,88.0
progress,exploration,11a591f7a2129484d555caf115fcdbf1a709a0c9,25,307200,12288,False,2.651642207056284,0.7256126338616014,3.393055649008602,3621.5144315685957,140.45696491282433,140.45696491282433,51531364,5702089216,11061.0,99.0,11061.0,61.390243902439025,0.04159483429975808,-0.0222671947467461,3.95466835051775,0.01397347915917635,0.18719482421875,0,0,0.3733453154563904,0.8585363626480103,0.8597893714904785,0.9881239533424377,0.0005766503906250003,0.9023157954216003,3638,2.651642207056284,0.7256126338616014,-0.023349570110440254,0.0,0.0,0.0,512.0,0.0,0.013859944269061088,88.0
progress,exploration,11a591f7a2129484d555caf115fcdbf1a709a0c9,26,319488,12288,False,2.5055998787283897,0.7469685291871428,3.2688195761293173,3759.155167123203,143.72578448895365,143.72578448895365,51531364,5702089216,11061.0,99.0,11061.0,62.198412698412696,0.23828089237213135,-0.02159428767117788,3.911968633532524,0.01572970114648342,0.1835123747587204,512.0,0.0,0.362548828125,0.8452469706535339,0.8464092016220093,0.9768955707550049,0.0002562890625000001,0.889538049697876,3777,2.5055998787283897,0.7469685291871428,0.03329820558428764,0.0,0.0,0.0,512.0,0.0,0.21806785377673804,88.0
progress,exploration,11a591f7a2129484d555caf115fcdbf1a709a0c9,27,331776,12288,False,2.0418224232271314,0.7231190339662135,2.8333399649709463,4336.931025545325,146.5591244539246,146.5591244539246,51531364,5702089216,11063.0,99.0,11063.0,62.96124031007752,0.015099500567885116,-0.008596106723416597,3.8946574106812477,0.011994888074696064,0.1458943784236908,0,0,0.358995258808136,0.8318915963172913,0.8441571593284607,0.987618625164032,0.00038443359375000017,0.8879535794258118,4444,2.0418224232271314,0.7231190339662135,0.03329820558428764,0.0,0.0,0.0,512.0,0.0,0.21806785377673804,88.0
progress,exploration,11a591f7a2129484d555caf115fcdbf1a709a0c9,28,344064,12288,False,2.662012204993516,0.7256792853586376,3.408681833650917,3604.9125731511185,149.9678062875755,149.9678062875755,51531364,5702089216,11063.0,99.0,11063.0,63.78030303030303,0.03986073151463643,-0.025961777893826365,3.8673599287867546,0.012677088379859924,0.1722208708524704,0,0,0.3675130307674408,0.8205475211143494,0.8317387700080872,0.9774289131164551,0.0008649755859375004,0.87673020362854,3627,2.662012204993516,0.7256792853586376,0.03329820558428764,0.0,0.0,0.0,512.0,0.0,0.21806785377673804,88.0
progress,exploration,11a591f7a2129484d555caf115fcdbf1a709a0c9,29,356352,12288,False,2.646566532086581,0.727583636995405,3.397238387260586,3617.0555607987853,153.3650446748361,153.3650446748361,51531364,5702089216,11063.0,89.0,11063.0,64.66911764705883,0.04223231133073568,-0.02522439961830969,3.834008239209652,0.015276934951543808,0.2006022185087204,0,0,0.3642307221889496,0.8184963464736938,0.8217379450798035,0.9666388630867004,0.00038443359375000017,0.8690242767333984,3641,2.646566532086581,0.727583636995405,0.03329820558428764,0.0,0.0,0.0,512.0,0.0,0.21806785377673804,88.0
progress,exploration,11a591f7a2129484d555caf115fcdbf1a709a0c9,30,368640,12288,False,2.243936619721353,0.7480557691305876,3.0051372819580138,4088.9978883073472,156.3701819567941,156.3701819567941,51531364,5702089216,11063.0,99.0,11063.0,65.16666666666667,0.14383679628372192,-0.020886567828711122,3.797357030212879,0.013758796267211437,0.1632283627986908,512.0,0.0,0.3641764521598816,0.8054938316345215,0.8026629686355591,0.9620224237442017,0.00038443359375000017,0.8567081093788147,4106,2.243936619721353,0.7480557691305876,0.038700975477695465,0.0,0.0,0.0,512.0,0.0,0.12937028493732214,88.0
progress,exploration,11a591f7a2129484d555caf115fcdbf1a709a0c9,31,380928,12288,False,2.31624366203323,0.729405103251338,3.066032523754984,4007.7852745511095,159.4362144805491,159.4362144805491,51531364,5702089216,11063.0,99.0,11063.0,65.81560283687944,0.03021676273783669,-0.01706034321068728,3.781461402773857,0.01392407901585102,0.1741943359375,0,0,0.3760037124156952,0.7985739707946777,0.797723114490509,0.967922568321228,0.0008649755859375004,0.8548004627227783,4034,2.31624366203323,0.729405103251338,0.038700975477695465,0.0,0.0,0.0,512.0,0.0,0.12937028493732214,88.0
progress,exploration,11a591f7a2129484d555caf115fcdbf1a709a0c9,32,393216,12288,False,2.661303065251559,0.7263948735781014,3.3995488812215626,3614.5972390267684,162.83576336177066,162.83576336177066,51531364,5702089216,11063.0,89.0,11063.0,66.53103448275863,0.0369854555465281,-0.024589511849626433,3.7610884979367256,0.016056086868047714,0.20318603515625,0,0,0.3659125566482544,0.7950817942619324,0.7926386594772339,0.960631251335144,0.0002562890625000001,0.8495018482208252,3627,2.661303065251559,0.7263948735781014,0.038700975477695465,0.0,0.0,0.0,512.0,0.0,0.12937028493732214,88.0
progress,exploration,11a591f7a2129484d555caf115fcdbf1a709a0c9,33,405504,12288,False,2.761616623029113,0.7291017659008503,3.505029120016843,3505.81966061981,166.3407924817875,166.3407924817875,51531364,5702089216,11063.0,87.0,11063.0,67.10810810810811,0.3179877516813576,-0.025768410458113067,3.7218741104006767,0.013247411698102951,0.1798909604549408,512.0,0.0,0.3715277910232544,0.7819243669509888,0.7755805850028992,0.9385550022125244,0.0005766503906250003,0.8320838809013367,3520,2.761616623029113,0.7291017659008503,0.10350065678358078,0.0,0.0,0.0,512.0,0.0,0.3060804390534759,88.0
progress,exploration,11a591f7a2129484d555caf115fcdbf1a709a0c9,34,417792,12288,False,1.8736621411517262,0.7258557300083339,2.6514530018903315,4634.440056542346,168.99224548367783,168.99224548367783,51531364,5702089216,11063.0,99.0,11063.0,67.53333333333333,0.004832209408050403,-0.0028356423135846853,3.705303557217121,0.012009368278086185,0.1460164487361908,0,0,0.3527561128139496,0.7830866575241089,0.7937924861907959,0.9417601823806763,0.0012974633789062506,0.8393228650093079,4727,1.8736621411517262,0.7258557300083339,0.10350065678358078,0.0,0.0,0.0,512.0,0.0,0.3060804390534759,88.0
progress,exploration,11a591f7a2129484d555caf115fcdbf1a709a0c9,35,430080,12288,False,2.584166401065886,0.7264505070634186,3.327560619916767,3692.795234578585,172.3198061035946,172.3198061035946,51531364,5702089216,11063.0,99.0,11063.0,68.01960784313725,0.06219695426989347,-0.01866221279851743,3.720649801194668,0.0172435212880373,0.2083943784236908,0,0,0.3745388686656952,0.7840440273284912,0.7959727048873901,0.9375593662261963,0.00011390625000000006,0.8391894102096558,3711,2.584166401065886,0.7264505070634186,0.10350065678358078,0.0,0.0,0.0,512.0,0.0,0.3060804390534759,88.0
progress,exploration,11a591f7a2129484d555caf115fcdbf1a709a0c9,36,442368,12288,False,2.6533647840842605,0.7305551869794726,3.3969160593114793,3617.398777434216,175.71672216290608,175.71672216290608,51531364,5702089216,11063.0,87.0,11063.0,68.6687898089172,0.05291697022039443,-0.021944452128082048,3.716213457286358,0.012591244652867317,0.1699015349149704,0,0,0.3784993588924408,0.7830431461334229,0.7903710603713989,0.9371321201324463,0.0002562890625000001,0.8368604779243469,3631,2.6533647840842605,0.7305551869794726,0.10350065678358078,0.0,0.0,0.0,512.0,0.0,0.3060804390534759,88.0
progress,exploration,11a591f7a2129484d555caf115fcdbf1a709a0c9,37,454656,12288,False,2.5027594957500696,0.7495639929547906,3.264911892823875,3763.654396618927,178.98163405572996,178.98163405572996,51531364,5702089216,11063.0,88.0,11063.0,69.16875,0.2704822551459074,-0.018582212425826583,3.703249290585518,0.009760976769030094,0.1285807341337204,512.0,0.0,0.3754340410232544,0.7809031009674072,0.7812508344650269,0.9329612255096436,0.0008649755859375004,0.8318501710891724,3778,2.5027594957500696,0.7495639929547906,0.07280068844556808,0.0,0.0,0.0,512.0,0.0,0.3545659516751766,88.0
progress,exploration,11a591f7a2129484d555caf115fcdbf1a709a0c9,38,466944,12288,False,2.0486767101101577,0.7265992220491171,2.793281985912472,4399.126211378877,181.77491604164243,181.77491604164243,51531364,5702089216,11063.0,99.0,11063.0,69.53703703703704,0.017884299712022766,-0.007463490677764639,3.6899912282824516,0.012505345046520233,0.14764404296875,0,0,0.3897027373313904,0.7835841178894043,0.7828524708747864,0.9234297275543213,0.0005766503906250003,0.8299747109413147,4427,2.0486767101101577,0.7265992220491171,0.07280068844556808,0.0,0.0,0.0,512.0,0.0,0.3545659516751766,88.0
progress,exploration,11a591f7a2129484d555caf115fcdbf1a709a0c9,39,479232,12288,False,2.6495944880880415,0.7294062948785722,3.3934118459001184,3621.134291390602,185.16832788754255,185.16832788754255,51531364,5702089216,11063.0,89.0,11063.0,70.12048192771084,0.03590459353290498,-0.0252636959485244,3.690095506608486,0.014161092229187489,0.1853230893611908,0,0,0.3783094882965088,0.7838664054870605,0.779241681098938,0.9263249635696411,0.0005766503906250003,0.8299067616462708,3636,2.6495944880880415,0.7294062948785722,0.07280068844556808,0.0,0.0,0.0,512.0,0.0,0.3545659516751766,88.0
progress,exploration,11a591f7a2129484d555caf115fcdbf1a709a0c9,40,491520,12288,False,2.642021299805492,0.7288178913295269,3.3831189102493227,3632.1513745121133,188.55144679779187,188.55144679779187,51531364,5702089216,11063.0,90.0,11063.0,70.57988165680473,0.042600908083841205,-0.02519266851595603,3.6767441406846046,0.015364614315330982,0.2002156674861908,0,0,0.3829752802848816,0.7802921533584595,0.7735050916671753,0.9222428202629089,0.0005766503906250003,0.8254518508911133,3645,2.642021299805492,0.7288178913295269,0.07280068844556808,0.0,0.0,0.0,512.0,0.0,0.3545659516751766,88.0
progress,exploration,11a591f7a2129484d555caf115fcdbf1a709a0c9,41,503808,12288,False,2.236903129145503,0.746255022007972,3.0363644338212907,4046.9450449119663,191.58781123161316,191.58781123161316,51531364,5702089216,11063.0,87.0,11063.0,71.00581395348837,0.15843921550549567,-0.022499758089907118,3.6754040271043777,0.013814281672239304,0.16107177734375,512.0,0.0,0.3760579526424408,0.7904143333435059,0.7726708650588989,0.919081449508667,0.0008649755859375004,0.8273501396179199,4119,2.236903129145503,0.746255022007972,0.11295650899410248,0.0,0.0,0.0,512.0,0.0,0.1190170093998313,88.0
progress,exploration,11a591f7a2129484d555caf115fcdbf1a709a0c9,42,516096,12288,False,2.3216099687851965,0.7251597451977432,3.0688184089958668,4004.1469915519365,194.65662964060903,194.65662964060903,51531364,5702089216,11063.0,88.0,11063.0,71.42857142857143,0.03062428202247247,-0.00821475077100331,3.6692813485860825,0.019382614642381668,0.2133382260799408,0,0,0.3854709565639496,0.7879142761230469,0.7714241743087769,0.9122874736785889,1.5000000000000005e-05,0.8238811492919922,4033,2.3216099687851965,0.7251597451977432,0.11295650899410248,0.0,0.0,0.0,512.0,0.0,0.1190170093998313,88.0
progress,exploration,11a591f7a2129484d555caf115fcdbf1a709a0c9,43,528384,12288,False,2.781410369090736,0.7272526100277901,3.5345676383003592,3476.5213902962223,198.19119727890939,198.19119727890939,51531364,5702089216,11127.0,89.0,11127.0,71.76966292134831,0.11737818503752351,-0.012192237663839478,3.661217153072357,0.008989772759377956,0.1195475310087204,1.0,1.0,0.381700336933136,0.7846681475639343,0.7638278007507324,0.9123238921165466,0.0008649755859375004,0.8203988671302795,3502,2.781410369090736,0.7272526100277901,4.174844741821289,1.0,1.0,0.0,0.0,1.0,0.2676171147450805,87.59
progress,exploration,11a591f7a2129484d555caf115fcdbf1a709a0c9,44,540672,12288,False,2.8416395517997444,0.7283600601367652,3.5999709316529334,3413.3608946553195,201.79116821056232,201.79116821056232,51531364,5702089216,11127.0,88.0,11127.0,72.1657458563536,0.2883010837249458,-0.023016427556285635,3.642179235816002,0.014934694394469261,0.18829345703125,511.0,0.0,0.3877496123313904,0.7826676964759827,0.7584635019302368,0.9032474160194397,0.0005766503906250003,0.8149569630622864,3442,2.8416395517997444,0.7283600601367652,0.09567423909902573,0.0,0.0,0.0,511.0,0.0,0.4294752593897283,88.0
progress,exploration,11a591f7a2129484d555caf115fcdbf1a709a0c9,45,552960,12288,False,1.9002155968919396,0.7283821031451225,2.670489284209907,4601.403972169668,204.46165749477223,204.46165749477223,51531364,5702089216,11127.0,89.0,11127.0,72.30434782608695,0.0043007934546039905,-0.002805530442856252,3.625689670443535,0.013690666295588017,0.1727701872587204,0,0,0.382432758808136,0.7826681733131409,0.7588475346565247,0.9002763628959656,0.0005766503906250003,0.8137901425361633,4674,1.9002155968919396,0.7283821031451225,0.09567423909902573,0.0,0.0,0.0,511.0,0.0,0.4294752593897283,88.0
progress,exploration,11a591f7a2129484d555caf115fcdbf1a709a0c9,46,565248,12288,False,2.6800570799969137,0.7285891259089112,3.4237259621731937,3589.072296019933,207.88538345694542,207.88538345694542,51531364,5702089216,11127.0,61.0,11127.0,72.53475935828877,0.0373468708130531,-0.025970757254981436,3.623979426920414,0.01671290583908558,0.2100016325712204,1.0,0.0,0.380615234375,0.7814017534255981,0.7563326954841614,0.8943463563919067,5.0625000000000024e-05,0.8107145428657532,3604,2.6800570799969137,0.7285891259089112,-0.06017374247312546,0.0,0.0,0.0,1.0,0.0,0.4394848453067243,88.0
progress,exploration,11a591f7a2129484d555caf115fcdbf1a709a0c9,47,577536,12288,False,2.6375987618230283,0.7286202819086611,3.4186197738163173,3594.4330791378134,211.30400323076174,211.30400323076174,51531364,5702089216,11127.0,99.0,11127.0,72.95263157894736,0.037456535326782614,-0.024022303292440483,3.616516560316086,0.010884901508688927,0.1481119841337204,0,0,0.3801541030406952,0.7785969376564026,0.7510890960693359,0.8958516120910645,0.0008649755859375004,0.8086743354797363,3650,2.6375987618230283,0.7286202819086611,-0.06017374247312546,0.0,0.0,0.0,1.0,0.0,0.4394848453067243,88.0
progress,exploration,11a591f7a2129484d555caf115fcdbf1a709a0c9,48,589824,12288,False,2.6854266761802137,0.7494572000578046,3.459048081189394,3552.4224328719856,214.76305131195113,214.76305131195113,51531364,5702089216,11127.0,86.0,11127.0,73.41237113402062,0.29336741426959634,-0.02307046137866564,3.607952579855919,0.015399198979139328,0.1861368864774704,511.0,0.0,0.3764919936656952,0.7717766165733337,0.7504352927207947,0.8972196578979492,0.0005766503906250003,0.8066633343696594,3577,2.6854266761802137,0.7494572000578046,0.11099217087030411,0.0,0.0,0.0,511.0,0.0,0.4319827775657177,88.0
progress,exploration,11a591f7a2129484d555caf115fcdbf1a709a0c9,49,602112,12288,False,2.065846011042595,0.743097071070224,2.830466634593904,4341.33363376071,217.59351794654503,217.59351794654503,51531364,5702089216,11127.0,99.0,11127.0,73.66836734693878,0.015087471052538604,-0.007952043626573868,3.5897544100880623,0.014068695716559887,0.17529296875,0,0,0.4106174409389496,0.7671120166778564,0.7436280846595764,0.897269070148468,0.00011390625000000006,0.8026841282844543,4374,2.065846011042595,0.743097071070224,0.11099217087030411,0.0,0.0,0.0,511.0,0.0,0.4319827775657177,88.0
progress,exploration,11a591f7a2129484d555caf115fcdbf1a709a0c9,50,614400,12288,False,2.766250129789114,0.7348439269699156,3.5218430920504034,3489.0821876013715,221.11536103859544,221.11536103859544,51531364,5702089216,11127.0,86.0,11127.0,73.985,0.02784524584421888,-0.027675901572365547,3.57969019562006,0.012970900163054466,0.17633056640625,1.0,0.0,0.386827290058136,0.7628728151321411,0.7362254858016968,0.8964647054672241,0.00017085937500000009,0.7985690236091614,3509,2.766250129789114,0.7348439269699156,0.2629900574684143,0.0,0.0,0.0,1.0,0.0,0.4460952062904835,88.0
progress,exploration,11a591f7a2129484d555caf115fcdbf1a709a0c9,51,626688,12288,False,2.623278950806707,0.7339103692211211,3.4227100112475455,3590.137627675077,224.53807104984298,224.53807104984298,51531364,5702089216,11127.0,88.0,11127.0,74.30049261083744,0.03067906916840002,-0.02483847239636816,3.5626590698957443,0.0127680329605937,0.1707560271024704,0,0,0.399766743183136,0.7632014751434326,0.7315526604652405,0.8887622356414795,0.00038443359375000017,0.794567346572876,3660,2.623278950806707,0.7339103692211211,0.2629900574684143,0.0,0.0,0.0,1.0,0.0,0.4460952062904835,88.0
progress,exploration,11a591f7a2129484d555caf115fcdbf1a709a0c9,52,638976,12288,False,2.247503631748259,0.7516984604299068,3.024477711878717,4062.8502407997757,227.5625487617217,227.5625487617217,51531364,5702089216,11127.0,88.0,11127.0,74.60679611650485,0.14488403964787722,-0.01841956562930136,3.553160682320595,0.01327456720173359,0.163330078125,511.0,0.0,0.3914117217063904,0.7696307897567749,0.7232704162597656,0.8836233615875244,0.0005766503906250003,0.7924049496650696,4097,2.247503631748259,0.7516984604299068,0.10542760789394379,0.0,0.0,0.0,511.0,0.0,0.4233832267671824,88.0
progress,exploration,11a591f7a2129484d555caf115fcdbf1a709a0c9,53,651264,12288,False,2.3187711075879633,0.7266655662097037,3.0654067741706967,4008.60339434865,230.6279555358924,230.6279555358924,51531364,5702089216,11127.0,99.0,11127.0,74.84134615384616,0.020599400799255818,-0.011219835587326088,3.532127782702446,0.019445499405264854,0.1989949643611908,0,0,0.4023166596889496,0.7632405161857605,0.7200731039047241,0.8793554306030273,1e-05,0.7875539064407349,4034,2.3187711075879633,0.7266655662097037,0.10542760789394379,0.0,0.0,0.0,511.0,0.0,0.4233832267671824,88.0
progress,exploration,11a591f7a2129484d555caf115fcdbf1a709a0c9,54,663552,12288,False,2.740176986902952,0.7220803019590676,3.4755289210006595,3535.576966645437,234.10348445689306,234.10348445689306,51531364,5702089216,11127.0,87.0,11127.0,75.08018867924528,0.030815784353762865,-0.016331840884049598,3.53008371591568,0.0057970499619841576,0.0783488005399704,1.0,0.0,0.3953993320465088,0.7625447511672974,0.7173183560371399,0.8814263939857483,0.00038443359375000017,0.7871549725532532,3549,2.740176986902952,0.7220803019590676,-0.030756952241063118,0.0,0.0,0.0,1.0,0.0,0.40769525326788425,88.0
progress,exploration,11a591f7a2129484d555caf115fcdbf1a709a0c9,55,675840,12288,False,2.737234261352569,0.7264233697205782,3.483353867661208,3527.6347069068825,237.58683832455426,237.58683832455426,51531364,5702089216,11127.0,86.0,11127.0,75.35348837209303,0.32277138251811266,-0.0263311414164491,3.5044430643320084,0.014490097761154175,0.1880696713924408,511.0,0.0,0.3978678584098816,0.7549950480461121,0.7039961218833923,0.8713244795799255,0.0005766503906250003,0.7769930362701416,3547,2.737234261352569,0.7264233697205782,0.15492886304855347,0.0,0.0,0.0,511.0,0.0,0.5015246680378914,88.0
progress,exploration,11a591f7a2129484d555caf115fcdbf1a709a0c9,56,688128,12288,False,1.9019986148923635,0.7269207001663744,2.65506583917886,4628.133818256027,240.24190416373312,240.24190416373312,51531364,5702089216,11127.0,88.0,11127.0,75.62385321100918,0.0034985781385330483,-0.002994194539496675,3.4834190011024475,0.01271828729659319,0.1553548276424408,0,0,0.3998209834098816,0.7562072277069092,0.6998583078384399,0.8754969835281372,0.00038443359375000017,0.7770854234695435,4674,1.9019986148923635,0.7269207001663744,0.15492886304855347,0.0,0.0,0.0,511.0,0.0,0.5015246680378914,88.0
progress,exploration,11a591f7a2129484d555caf115fcdbf1a709a0c9,57,700416,12288,False,2.6799522321671247,0.7287054709158838,3.4330940968357027,3579.2785322505147,243.67499826056883,243.67499826056883,51531364,5702089216,11127.0,88.0,11127.0,75.89140271493213,0.029069663665723056,-0.0291774618672207,3.483692727982998,0.017606008797883987,0.2174275815486908,1.0,0.0,0.3976779878139496,0.7546859979629517,0.6940363645553589,0.877009928226471,1.0000000000000004e-05,0.7752469182014465,3604,2.6799522321671247,0.7287054709158838,0.2662222981452942,0.0,0.0,0.0,1.0,0.0,0.5050273653864861,88.0
progress,exploration,11a591f7a2129484d555caf115fcdbf1a709a0c9,58,712704,12288,False,2.6059621097519994,0.7252915240824223,3.3492489182390273,3668.8822777797004,247.02424717880785,247.02424717880785,51531364,5702089216,11127.0,91.0,11127.0,76.16517857142857,0.03144780418369919,-0.018170812167227268,3.4734856709837914,0.0065801735036075115,0.0911661833524704,0,0,0.3966742753982544,0.7541092038154602,0.6895122528076172,0.8708388805389404,0.00038443359375000017,0.7716406583786011,3688,2.6059621097519994,0.7252915240824223,0.2662222981452942,0.0,0.0,0.0,1.0,0.0,0.5050273653864861,88.0
progress,exploration,11a591f7a2129484d555caf115fcdbf1a709a0c9,59,724992,12288,False,2.483333864249289,0.7451465399935842,3.2421020418405533,3790.133635961704,250.2663492206484,250.2663492206484,51531364,5702089216,11127.0,91.0,11127.0,76.431718061674,0.19464045949280262,-0.0219625620811712,3.455445498228073,0.01445871964097023,0.1726277619600296,511.0,0.0,0.3963758945465088,0.7518488168716431,0.6832534074783325,0.8707793951034546,0.00038443359375000017,0.7686816453933716,3806,2.483333864249289,0.7451465399935842,0.10676436126232147,0.0,0.0,0.0,511.0,0.0,0.2462303976714611,88.0
progress,exploration,11a591f7a2129484d555caf115fcdbf1a709a0c9,60,737280,12288,False,2.0625271974131465,0.7267810497432947,2.8159675542265177,4363.686641757218,253.08231677487493,253.08231677487493,51531364,5702089216,11127.0,87.0,11127.0,76.67391304347827,0.013085169135592878,-0.00865804774366552,3.44558572024107,0.01470859069377184,0.1782023161649704,0,0,0.413682758808136,0.7475417852401733,0.6770063042640686,0.8741149306297302,0.0005766503906250003,0.7662451863288879,4405,2.0625271974131465,0.7267810497432947,0.10676436126232147,0.0,0.0,0.0,511.0,0.0,0.2462303976714611,88.0
progress,exploration,11a591f7a2129484d555caf115fcdbf1a709a0c9,61,749568,12288,False,2.736225309316069,0.7267566127702594,3.4763969788327813,3534.6941315447125,256.5587137537077,256.5587137537077,51531364,5702089216,11127.0,88.0,11127.0,76.91845493562232,0.030721808259841055,-0.025181112372592906,3.4362082555890083,0.014414049685001373,0.1862589567899704,1.0,0.0,0.3944770097732544,0.7475957274436951,0.6678116321563721,0.8760007619857788,0.0005766503906250003,0.7639284133911133,3548,2.736225309316069,0.7267566127702594,-0.21004585921764374,0.0,0.0,0.0,1.0,0.0,0.22908975109457969,88.0
progress,exploration,11a591f7a2129484d555caf115fcdbf1a709a0c9,62,761856,12288,False,2.616713101044297,0.7244125581346452,3.3566813338547945,3660.758582015448,259.9153950875625,259.9153950875625,51531364,5702089216,11127.0,99.0,11127.0,77.19915254237289,0.029241156298667192,-0.023614940437255427,3.4246542006731033,0.01571614108979702,0.2038981318473816,0,0,0.4072808623313904,0.7465270161628723,0.6639921069145203,0.8759512305259705,7.593750000000004e-05,0.7621672749519348,3677,2.616713101044297,0.7244125581346452,-0.21004585921764374,0.0,0.0,0.0,1.0,0.0,0.22908975109457969,88.0
progress,exploration,11a591f7a2129484d555caf115fcdbf1a709a0c9,63,774144,12288,False,2.251276921015233,0.7479125307872891,3.010411964263767,4081.8333656221635,262.92580705182627,262.92580705182627,51531364,5702089216,11127.0,89.0,11127.0,77.42677824267783,0.16072002425789833,-0.019023482062038966,3.4179817736148834,0.008454401046037674,0.1080729216337204,511.0,0.0,0.4000380039215088,0.7503190040588379,0.6529219746589661,0.8726191520690918,0.0008649755859375004,0.7589234113693237,4097,2.251276921015233,0.7479125307872891,0.12016353756189346,0.0,0.0,0.0,511.0,0.0,0.40692917734384537,88.0
progress,exploration,11a591f7a2129484d555caf115fcdbf1a709a0c9,64,786432,12288,False,2.3235099432058632,0.7186301196925342,3.062939825002104,4011.83199868824,265.9887468768284,265.9887468768284,51531364,5702089216,11127.0,88.0,11127.0,77.64462809917356,0.02169282949762419,-0.01595489346073009,3.393036276102066,0.015279963612556458,0.1847737729549408,0,0,0.4137098789215088,0.749316394329071,0.647322416305542,0.8672130703926086,0.00017085937500000009,0.7546312808990479,4039,2.3235099432058632,0.7186301196925342,0.12016353756189346,0.0,0.0,0.0,511.0,0.0,0.40692917734384537,88.0
progress,exploration,11a591f7a2129484d555caf115fcdbf1a709a0c9,65,798720,12288,False,2.7299742638133466,0.727120861876756,3.469522493891418,3541.697747063105,269.4582693707198,269.4582693707198,51531364,5702089216,11127.0,99.0,11127.0,77.90612244897959,0.027385033841710538,-0.026749898912385106,3.396166354417801,0.013850642368197441,0.1742757260799408,1.0,0.0,0.404296875,0.7491104006767273,0.6460745930671692,0.8728698492050171,0.0005766503906250003,0.7561565041542053,3554,2.7299742638133466,0.727120861876756,-0.17448464035987854,0.0,0.0,0.0,1.0,0.0,0.3991368289291859,88.0
progress,exploration,11a591f7a2129484d555caf115fcdbf1a709a0c9,66,811008,12288,False,2.728718201164156,0.7285613929852843,3.474915645085275,3536.200948468909,272.93318501580507,272.93318501580507,51531364,5702089216,11127.0,99.0,11127.0,78.16129032258064,0.30188740883022547,-0.019129494685330428,3.3907612711191177,0.01350224856287241,0.1770426481962204,511.0,0.0,0.4096137285232544,0.7494565844535828,0.6424242854118347,0.870126485824585,0.00038443359375000017,0.7540901303291321,3554,2.728718201164156,0.7285613929852843,0.16516929864883423,0.0,0.0,0.0,511.0,0.0,0.5908202736452222,88.0
progress,exploration,11a591f7a2129484d555caf115fcdbf1a709a0c9,67,823296,12288,False,1.9001910397782922,0.7291148179210722,2.647274340968579,4641.755412287225,275.58045935677364,275.58045935677364,51531364,5702089216,11127.0,87.0,11127.0,78.32270916334662,0.003762250049476279,-0.00577765084017301,3.393935516476631,0.011830939911305904,0.1363525390625,0,0,0.404296875,0.7523723840713501,0.6495764851570129,0.8741341233253479,0.0005766503906250003,0.7585256695747375,4673,1.9001910397782922,0.7291148179210722,0.16516929864883423,0.0,0.0,0.0,511.0,0.0,0.5908202736452222,88.0
progress,exploration,11a591f7a2129484d555caf115fcdbf1a709a0c9,68,835584,12288,False,2.9096414940431714,0.7258233851753175,3.654685159213841,3362.259528435897,279.2351445159875,279.2351445159875,51531364,5702089216,11127.0,98.0,11127.0,78.56299212598425,0.27437338029267266,0.004704472026787698,3.417819432914257,0.0557473823428154,0.3681437373161316,3.0,2.0,0.4031575620174408,0.7596884369850159,0.6523080468177795,0.8739235997200012,1e-05,0.7619727253913879,3380,2.9096414940431714,0.7258233851753175,2.663550853729248,0.6666666865348816,0.6666666865348816,0.0,0.3333333432674408,0.6666666666666666,0.867226942665875,87.15
progress,exploration,11a591f7a2129484d555caf115fcdbf1a709a0c9,69,847872,12288,False,2.645016246009618,0.7297797310166061,3.426004007924348,3586.6858216096225,282.66114852391183,282.66114852391183,51531364,5702089216,11127.0,88.0,11127.0,78.78682170542636,0.04454832832561806,-0.018296546069905162,3.4157643169164658,0.007167941890656948,0.09796142578125,0,0,0.4099392592906952,0.7568215727806091,0.6496713161468506,0.8691337704658508,0.0005766503906250003,0.7587342858314514,3641,2.645016246009618,0.7297797310166061,2.663550853729248,0.6666666865348816,0.6666666865348816,0.0,0.3333333432674408,0.6666666666666666,0.867226942665875,87.15
progress,exploration,11a591f7a2129484d555caf115fcdbf1a709a0c9,70,860160,12288,False,2.519629720132798,0.7465109275653958,3.277945376932621,3748.6896781357145,285.93909390084445,285.93909390084445,51531364,5702089216,11127.0,88.0,11127.0,78.84291187739464,0.24013322684913874,-0.022640997252892703,3.3868179321289062,0.014962771907448769,0.18280029296875,509.0,0.0,0.403076171875,0.7506216764450073,0.6426099538803101,0.8608599305152893,0.00017085937500000009,0.7513929009437561,3762,2.519629720132798,0.7465109275653958,0.15682284533977509,0.0,0.0,0.0,509.0,0.0,0.6250201734900475,88.0
progress,exploration,11a591f7a2129484d555caf115fcdbf1a709a0c9,71,872448,12288,False,2.1091752322390676,0.7277989750728011,2.854462314862758,4304.838755802879,288.7935562157072,288.7935562157072,51531364,5702089216,11127.0,99.0,11127.0,78.99619771863118,0.015491553727770224,-0.007441783149261028,3.378293938934803,0.011267028748989105,0.1204427182674408,0,0,0.4081217646598816,0.752920925617218,0.6387168169021606,0.862909734249115,0.0002562890625000001,0.7515621185302734,4331,2.1091752322390676,0.7277989750728011,0.15682284533977509,0.0,0.0,0.0,509.0,0.0,0.6250201734900475,88.0
progress,exploration,11a591f7a2129484d555caf115fcdbf1a709a0c9,72,884736,12288,False,2.98765467107296,0.7251308709383011,3.728402739856392,3295.7812922520543,292.5219589555636,292.5219589555636,51531364,5702089216,11127.0,87.0,11127.0,79.13857677902622,0.03330479556461796,-0.027124444550281623,3.3718175068497658,0.014294123277068138,0.18804931640625,3.0,0.0,0.4169108271598816,0.7480782866477966,0.6370548605918884,0.8592736721038818,0.0005766503906250003,0.7483233213424683,3309,2.98765467107296,0.7251308709383011,0.2675994634628296,0.0,0.0,0.0,1.0,0.0,0.6646285200119019,88.0
progress,exploration,11a591f7a2129484d555caf115fcdbf1a709a0c9,73,897024,12288,False,2.622033692896366,0.7180785690434277,3.4521869351156056,3559.4827948065636,295.9741458906792,295.9741458906792,51531364,5702089216,11127.0,99.0,11127.0,79.36296296296297,0.0467792556155473,-0.0187441808739095,3.3446964472532272,0.013821631669998169,0.1779581904411316,0,0,0.4203016757965088,0.7421233057975769,0.6292827129364014,0.8507674932479858,0.0002562890625000001,0.7408693432807922,3678,2.622033692896366,0.7180785690434277,0.2675994634628296,0.0,0.0,0.0,1.0,0.0,0.6646285200119019,88.0
progress,exploration,11a591f7a2129484d555caf115fcdbf1a709a0c9,74,909312,12288,False,2.283403973095119,0.7348308670334518,3.053485390264541,4024.2537394080737,299.02763128094375,299.02763128094375,51531364,5702089216,11127.0,90.0,11127.0,79.54578754578755,0.1534134983085096,-0.020100012522561883,3.3176030665636063,0.014553975313901901,0.1734822690486908,509.0,0.0,0.4131673276424408,0.7457753419876099,0.6183846592903137,0.8440471887588501,0.00038443359375000017,0.7360918521881104,4071,2.283403973095119,0.7348308670334518,0.1603991836309433,0.0,0.0,0.0,509.0,0.0,0.5723572611808777,88.0
progress,exploration,11a591f7a2129484d555caf115fcdbf1a709a0c9,75,921600,12288,False,2.3395364582538605,0.7167713269591331,3.1267479127272964,3929.9618462947433,302.15437919367105,302.15437919367105,51531364,5702089216,11127.0,89.0,11127.0,79.72101449275362,0.03449779120273888,-0.015432137151947245,3.3059959039092064,0.014020810835063457,0.17059326171875,0,0,0.429931640625,0.7435517907142639,0.6160707473754883,0.8401002883911133,0.00017085937500000009,0.733306884765625,4020,2.3395364582538605,0.7167713269591331,0.1603991836309433,0.0,0.0,0.0,509.0,0.0,0.5723572611808777,88.0
progress,exploration,11a591f7a2129484d555caf115fcdbf1a709a0c9,76,933888,12288,False,2.9668083703145385,0.7171284346841276,3.696738807950169,3324.01087509173,305.8511180016212,305.8511180016212,51531364,5702089216,11127.0,99.0,11127.0,79.75985663082437,0.050634650979191065,-0.022652970859780908,3.293361470103264,0.012795064598321915,0.1673177182674408,3.0,0.0,0.4221462905406952,0.7431899905204773,0.6108595728874207,0.8352871537208557,0.00038443359375000017,0.7298974990844727,3335,2.9668083703145385,0.7171284346841276,0.21451042592525482,0.0,0.0,0.0,1.0,0.0,0.6061442390084266,88.0
progress,exploration,11a591f7a2129484d555caf115fcdbf1a709a0c9,77,946176,12288,False,2.734229790046811,0.718305179849267,3.4733746121637523,3537.7698555656634,309.32449261378497,309.32449261378497,51531364,5702089216,11127.0,89.0,11127.0,79.95759717314488,0.2573782308027148,-0.016024287731852382,3.276247024536133,0.013697534799575806,0.17041015625,509.0,0.0,0.4299045503139496,0.7410096526145935,0.6079539060592651,0.8293609023094177,0.00011390625000000006,0.7261452078819275,3559,2.734229790046811,0.718305179849267,0.18804408609867096,0.0,0.0,0.0,509.0,0.0,0.5193526763282716,88.0
progress,exploration,11a591f7a2129484d555caf115fcdbf1a709a0c9,78,958464,12288,False,1.9307813527993858,0.718435226008296,2.681775851175189,4582.038425998668,312.00626846496016,312.00626846496016,51531364,5702089216,11127.0,99.0,11127.0,80.09122807017543,0.003971496989834122,-0.005279318000248168,3.283402480185032,0.011317449621856213,0.1308186948299408,0,0,0.4206000566482544,0.751335620880127,0.6102055907249451,0.8345993757247925,0.00038443359375000017,0.7319807410240173,4638,1.9307813527993858,0.718435226008296,0.18804408609867096,0.0,0.0,0.0,509.0,0.0,0.5193526763282716,88.0
progress,exploration,11a591f7a2129484d555caf115fcdbf1a709a0c9,79,970752,12288,False,2.896578700747341,0.7175862779840827,3.6286955876275897,3386.340822277073,315.63496405258775,315.63496405258775,51531364,5702089216,11127.0,89.0,11127.0,80.17301038062284,0.029223162739071995,-0.015924027196888346,3.2952747121453285,0.01099981926381588,0.13983154296875,3.0,0.0,0.4175347685813904,0.7498640418052673,0.6099132299423218,0.8322933316230774,0.00017085937500000009,0.7307761311531067,3399,2.896578700747341,0.7175862779840827,0.128790944814682,0.0,0.0,0.0,1.0,0.0,0.5148147710226476,88.0
progress,exploration,11a591f7a2129484d555caf115fcdbf1a709a0c9,80,983040,12288,False,2.6125686219893396,0.7187781557440758,3.350124808959663,3667.923047862768,318.9850888615474,318.9850888615474,51531364,5702089216,11127.0,86.0,11127.0,80.32191780821918,0.039270547626074404,-0.023751488493871875,3.2747504636645317,0.01643998920917511,0.2029825896024704,0,0,0.4350315034389496,0.7410940527915955,0.6057718396186829,0.8296734690666199,1.5000000000000005e-05,0.7255157828330994,3688,2.6125686219893396,0.7187781557440758,0.128790944814682,0.0,0.0,0.0,1.0,0.0,0.5148147710226476,88.0
progress,exploration,11a591f7a2129484d555caf115fcdbf1a709a0c9,81,995328,12288,False,2.5103895869106054,0.7380476291291416,3.2596852499991655,3769.6891133900567,322.2447741115466,322.2447741115466,51531364,5702089216,11127.0,90.0,11127.0,80.48135593220339,0.20496556861326098,-0.021402935031801462,3.266004227101803,0.009305303916335106,0.1192220151424408,509.0,0.0,0.4217122495174408,0.7399314641952515,0.6022776961326599,0.8233970403671265,0.0008649755859375004,0.7221697568893433,3782,2.5103895869106054,0.7380476291291416,0.18382614850997925,0.0,0.0,0.0,509.0,0.0,0.702138742338866,88.0
progress,exploration,11a591f7a2129484d555caf115fcdbf1a709a0c9,82,1007616,12288,False,2.108689702115953,0.7185793658718467,2.848571336362511,4313.741363307821,325.0933454479091,325.0933454479091,51531364,5702089216,11127.0,88.0,11127.0,80.63087248322148,0.012936912127770483,-0.00884031126042828,3.249866470694542,0.014807567000389099,0.1575927734375,0,0,0.4425727128982544,0.7424594759941101,0.6004932522773743,0.819212794303894,0.00017085937500000009,0.7207297086715698,4346,2.108689702115953,0.7185793658718467,0.18382614850997925,0.0,0.0,0.0,509.0,0.0,0.702138742338866,88.0
progress,exploration,11a591f7a2129484d555caf115fcdbf1a709a0c9,83,1019904,12288,False,2.950321833603084,0.7171990252099931,3.6956602479331195,3324.980971092334,328.7890056958422,328.7890056958422,51531364,5702089216,11127.0,100.0,11127.0,80.63455149501661,0.05163333017844707,-0.024468245508614928,3.236835516989231,0.014219489879906178,0.1798909604549408,3.0,0.0,0.4256184995174408,0.7376275062561035,0.5961771011352539,0.8102670311927795,0.00017085937500000009,0.7147470116615295,3350,2.950321833603084,0.7171990252099931,0.38284969329833984,0.0,0.0,0.0,1.0,0.0,0.7230548462271691,88.0
progress,exploration,11a591f7a2129484d555caf115fcdbf1a709a0c9,84,1032192,12288,False,2.6188632152043283,0.7186470478773117,3.362103934865445,3654.854293043079,332.15110963070765,332.15110963070765,51531364,5702089216,11127.0,99.0,11127.0,80.8157894736842,0.0892357025295496,-0.016530496533960104,3.2140154913067818,0.012070829048752785,0.1505940854549408,0,0,0.429443359375,0.7349561452865601,0.5906564593315125,0.8081299662590027,0.00011390625000000006,0.7112873792648315,3681,2.6188632152043283,0.7186470478773117,0.38284969329833984,0.0,0.0,0.0,1.0,0.0,0.7230548462271691,88.0
progress,exploration,11a591f7a2129484d555caf115fcdbf1a709a0c9,85,1044480,12288,False,2.2734482372179627,0.7358177057467401,3.0233399481512606,4064.3792000677854,335.1744495788589,335.1744495788589,51531364,5702089216,11127.0,99.0,11127.0,80.81758957654723,0.12860151287168264,-0.02035276871174574,3.1903973296284676,0.009536126628518105,0.1190185621380806,509.0,0.0,0.4190267026424408,0.7292595505714417,0.5746639966964722,0.8035517334938049,0.0008649755859375004,0.7026928067207336,4083,2.2734482372179627,0.7358177057467401,0.1901695877313614,0.0,0.0,0.0,509.0,0.0,0.7354216372594238,88.0
progress,exploration,11a591f7a2129484d555caf115fcdbf1a709a0c9,86,1056768,12288,False,2.3426172961480916,0.7194425789639354,3.090206725988537,3976.4329993389515,338.26465630484745,338.26465630484745,51531364,5702089216,11127.0,87.0,11127.0,80.95483870967742,0.04127354227239266,-0.009963047748897225,3.1640844643115997,0.01698174700140953,0.1994832456111908,0,0,0.4401041865348816,0.729600727558136,0.570719838142395,0.8047012090682983,5.0625000000000024e-05,0.7016797661781311,4012,2.3426172961480916,0.7194425789639354,0.1901695877313614,0.0,0.0,0.0,509.0,0.0,0.7354216372594238,88.0
progress,exploration,11a591f7a2129484d555caf115fcdbf1a709a0c9,87,1069056,12288,False,2.9712883150205016,0.7191309090703726,3.70743977278471,3314.4166198471544,341.97209607763216,341.97209607763216,51531364,5702089216,11127.0,98.0,11127.0,80.99680511182109,0.0828358888393268,-0.02270832023350522,3.1658775731921196,0.012868998572230339,0.1666056513786316,3.0,0.0,0.4268934726715088,0.731234610080719,0.5707053542137146,0.805054247379303,0.0002562890625000001,0.7023659944534302,3329,2.9712883150205016,0.7191309090703726,-0.05854227393865585,0.0,0.0,0.0,1.0,0.0,0.7147280770167709,88.0
progress,exploration,11a591f7a2129484d555caf115fcdbf1a709a0c9,88,1081344,12288,False,2.758842008654028,0.7530759032815695,3.5386134129948914,3472.5466067795464,345.51070949062705,345.51070949062705,51531364,5702089216,11127.0,84.0,11127.0,81.13564668769716,0.2947003641165793,-0.026743307088963775,3.161933407187462,0.014898199588060379,0.1944987028837204,509.0,0.0,0.439805805683136,0.7293899655342102,0.5676155686378479,0.8051211833953857,0.00017085937500000009,0.7007268071174622,3498,2.758842008654028,0.7530759032815695,0.2084013968706131,0.0,0.0,0.0,509.0,0.0,0.6840226979926228,88.0
progress,exploration,11a591f7a2129484d555caf115fcdbf1a709a0c9,89,1093632,12288,False,1.9492429769597948,0.7209270871244371,2.692759975325316,4563.34768512573,348.20346946595237,348.20346946595237,51531364,5702089216,11127.0,98.0,11127.0,81.24137931034483,0.006014876187691698,-0.006461771481554024,3.167067877948284,0.011896641924977303,0.1299235075712204,0,0,0.4206814467906952,0.7356752753257751,0.5685191750526428,0.8112509846687317,0.0002562890625000001,0.705151379108429,4601,1.9492429769597948,0.7209270871244371,0.2084013968706131,0.0,0.0,0.0,509.0,0.0,0.6840226979926228,88.0
progress,exploration,11a591f7a2129484d555caf115fcdbf1a709a0c9,90,1105920,12288,False,2.911227572709322,0.7391950492747128,3.6626880397088826,3354.913076620272,351.86615750566125,351.86615750566125,51531364,5702089216,11127.0,88.0,11127.0,81.37461300309597,0.05352304154075682,-0.02270866801336524,3.1751665100455284,0.014282651245594025,0.1717325896024704,3.0,0.0,0.4333767592906952,0.7376116514205933,0.5659725666046143,0.8099165558815002,0.00017085937500000009,0.7045686841011047,3366,2.911227572709322,0.7391950492747128,0.3149479031562805,0.0,0.0,0.0,1.0,0.0,0.6994426043704152,88.0
progress,exploration,11a591f7a2129484d555caf115fcdbf1a709a0c9,91,1118208,12288,False,2.6458996213041246,0.7331535266712308,3.3969469340518117,3617.3658990142408,355.26310443971306,355.26310443971306,51531364,5702089216,11127.0,87.0,11127.0,81.49693251533742,0.04832856426946819,-0.022138909764180426,3.1681425496935844,0.015517039224505424,0.1834716796875,0,0,0.4406467378139496,0.7401954531669617,0.5621353983879089,0.8080654144287109,0.00011390625000000006,0.7034770846366882,3636,2.6458996213041246,0.7331535266712308,0.3149479031562805,0.0,0.0,0.0,1.0,0.0,0.6994426043704152,88.0
progress,exploration,11a591f7a2129484d555caf115fcdbf1a709a0c9,92,1130496,12288,False,2.5202883458696306,0.7506231442093849,3.2829928821884096,3742.9261777165184,358.54609732190147,358.54609732190147,51531364,5702089216,11127.0,87.0,11127.0,81.62006079027356,0.23852818924933672,-0.02440696818575816,3.167019009590149,0.014634314924478531,0.1676839292049408,509.0,0.0,0.4306098222732544,0.7417199611663818,0.5582851767539978,0.8081374168395996,0.00017085937500000009,0.7027754187583923,3756,2.5202883458696306,0.7506231442093849,0.21371379494667053,0.0,0.0,0.0,509.0,0.0,0.5104913391172886,88.0
progress,exploration,11a591f7a2129484d555caf115fcdbf1a709a0c9,93,1142784,12288,False,2.101325155235827,0.7367563610896468,2.882459554821253,4263.025990927392,361.4285568767227,361.4285568767227,51531364,5702089216,11127.0,86.0,11127.0,81.73493975903614,0.012070047450833954,-0.008418448633165099,3.159273825585842,0.015594427473843098,0.1350911557674408,0,0,0.449462890625,0.7427442669868469,0.5560182929039001,0.8074126243591309,5.0625000000000024e-05,0.7020587921142578,4329,2.101325155235827,0.7367563610896468,0.21371379494667053,0.0,0.0,0.0,509.0,0.0,0.5104913391172886,88.0
progress,exploration,11a591f7a2129484d555caf115fcdbf1a709a0c9,94,1155072,12288,False,2.984966184012592,0.7320855762809515,3.7298766830936074,3294.4788914061833,365.15843355981633,365.15843355981633,51531364,5702089216,11127.0,98.0,11127.0,81.88358208955223,0.07238084566779435,-0.02416399968933547,3.148841679096222,0.013161798007786274,0.1642252653837204,3.0,0.0,0.4410536289215088,0.7456624507904053,0.546672523021698,0.8042457103729248,0.00011390625000000006,0.6988974809646606,3305,2.984966184012592,0.7320855762809515,0.12847769260406494,0.0,0.0,0.0,1.0,0.0,0.5185278810560703,88.0
progress,exploration,11a591f7a2129484d555caf115fcdbf1a709a0c9,95,1167360,12288,False,2.645004941150546,0.7326371879316866,3.427629209123552,3584.9852041440777,368.5860627689399,368.5860627689399,51531364,5702089216,11127.0,88.0,11127.0,81.90855457227138,0.08668354689143598,-0.021573729751253268,3.1296699196100235,0.012882968410849571,0.1672160029411316,0,0,0.4520941972732544,0.7396706938743591,0.5397380590438843,0.8025932908058167,7.593750000000004e-05,0.6940228343009949,3638,2.645004941150546,0.7326371879316866,0.12847769260406494,0.0,0.0,0.0,1.0,0.0,0.5185278810560703,88.0
progress,exploration,11a591f7a2129484d555caf115fcdbf1a709a0c9,96,1179648,12288,False,2.299246115144342,0.7524669747799635,3.0802016058005393,3989.3492610547382,371.6662643747404,371.6662643747404,51531364,5702089216,11127.0,99.0,11127.0,82.00586510263929,0.1499466896057129,-0.0195577455451712,3.122773699462414,0.012462601065635681,0.1526692807674408,509.0,0.0,0.4298231601715088,0.7399888634681702,0.5419387221336365,0.8060997724533081,0.00038443359375000017,0.6959719061851501,4026,2.299246115144342,0.7524669747799635,0.2240840643644333,0.0,0.0,0.0,509.0,0.0,0.8279850019514561,88.0
progress,exploration,11a591f7a2129484d555caf115fcdbf1a709a0c9,97,1191936,12288,False,2.3559693936258554,0.732061630114913,3.1065050661563873,3955.5705650928426,374.7727694408968,374.7727694408968,51531364,5702089216,11127.0,98.0,11127.0,82.11046511627907,0.03394860401749611,-0.018672113428237935,3.1269907131791115,0.01373358815908432,0.16546630859375,0,0,0.4495442807674408,0.7389199137687683,0.540763258934021,0.8057621717453003,0.0002562890625000001,0.695220410823822,3979,2.3559693936258554,0.732061630114913,0.2240840643644333,0.0,0.0,0.0,509.0,0.0,0.8279850019514561,88.0
progress,exploration,11a591f7a2129484d555caf115fcdbf1a709a0c9,98,1204224,12288,False,2.988538881763816,0.7337701669894159,3.7357904110103846,3289.263756281386,378.5085598519072,378.5085598519072,51531364,5702089216,11127.0,86.0,11127.0,82.22413793103448,0.07460848754271865,-0.022302785155261518,3.1289310082793236,0.014493447728455067,0.1815185546875,3.0,0.0,0.4590657651424408,0.7406328916549683,0.5414451956748962,0.8068804740905762,0.00038443359375000017,0.6963714957237244,3301,2.988538881763816,0.7337701669894159,0.4157586693763733,0.0,0.0,0.0,1.0,0.0,0.8412636299431324,88.0
progress,exploration,11a591f7a2129484d555caf115fcdbf1a709a0c9,99,1216512,12288,False,2.7587500801309943,0.7318011466413736,3.5262609738856554,3484.7108852693946,382.03482082579285,382.03482082579285,51531364,5702089216,11127.0,99.0,11127.0,82.36467236467236,0.3743432071059942,-0.016633740071029024,3.1141515001654625,0.018606185913085938,0.2177734375,509.0,1.0,0.4638400971889496,0.7404159307479858,0.535169780254364,0.801529586315155,1e-05,0.6923731565475464,3520,2.7587500801309943,0.7318011466413736,0.2075679898262024,0.0019646366126835346,1.0,0.0,509.0,0.0019646365422396855,0.6536856413632631,88.0
progress,exploration,11a591f7a2129484d555caf115fcdbf1a709a0c9,100,1228800,12288,False,1.971348978113383,0.7374183186329901,2.731098535936326,4499.2884139155385,384.7659193617292,384.7659193617292,51531364,5702089216,11127.0,86.0,11127.0,82.46610169491525,0.006174019858008251,-0.005510439463250805,3.1092349141836166,0.007607670966535807,0.0917561948299408,0,0,0.4394802749156952,0.7385863661766052,0.535771906375885,0.7986195087432861,0.0005766503906250003,0.6910862922668457,4536,1.971348978113383,0.7374183186329901,0.2075679898262024,0.0019646366126835346,1.0,0.0,509.0,0.0019646365422396855,0.6536856413632631,88.0
progress,exploration,11a591f7a2129484d555caf115fcdbf1a709a0c9,101,1241088,12288,False,2.9446301297284663,0.7287198202684522,3.687685700133443,3332.171177048886,388.4536050618626,388.4536050618626,51531364,5702089216,11127.0,50.0,11127.0,82.46498599439776,0.06883764371741563,-0.01847540941525949,3.1069436445832253,0.015906646847724915,0.1924642026424408,3.0,0.0,0.4544270932674408,0.739952027797699,0.5356308817863464,0.7995714545249939,0.00017085937500000009,0.6917405724525452,3345,2.9446301297284663,0.7287198202684522,0.34216469526290894,0.0,0.0,0.0,1.0,0.0,0.674652420654893,88.0
progress,exploration,11a591f7a2129484d555caf115fcdbf1a709a0c9,102,1253376,12288,False,2.662166994996369,0.7318854643963277,3.4135701060295105,3599.75029611821,391.8671751678921,391.8671751678921,51531364,5702089216,11127.0,86.0,11127.0,82.5623268698061,0.09125648182816803,-0.02179809437075164,3.101672261953354,0.0148543706163764,0.1842244565486908,0,0,0.4666070342063904,0.7362773418426514,0.5327325463294983,0.7964829802513123,0.0002562890625000001,0.6885759830474854,3620,2.662166994996369,0.7318854643963277,0.34216469526290894,0.0,0.0,0.0,1.0,0.0,0.674652420654893,88.0
progress,exploration,11a591f7a2129484d555caf115fcdbf1a709a0c9,103,1265664,12288,False,2.657189187128097,0.754575474653393,3.4385882169008255,3573.5596194984596,395.30576338479295,395.30576338479295,51531364,5702089216,11127.0,86.0,11127.0,82.51923076923077,0.2977323913946748,-0.019206026732717874,3.0890596210956573,0.013838037848472595,0.1655070036649704,509.0,1.0,0.437852680683136,0.7371488213539124,0.5284771919250488,0.7978914976119995,0.00038443359375000017,0.6878226399421692,3601,2.657189187128097,0.754575474653393,2.024221658706665,0.5,0.5,0.0,254.0,0.0019646365422396855,0.8907565459609031,88.0
progress,exploration,11a591f7a2129484d555caf115fcdbf1a709a0c9,104,1277952,12288,False,2.1181754278950393,0.7342225504107773,2.882812458090484,4262.5041270077345,398.18857584288344,398.18857584288344,51531364,5702089216,11127.0,98.0,11127.0,82.60109289617486,0.019548645796021447,-0.010390699259005487,3.0828123837709427,0.013326985761523247,0.16058349609375,0,0,0.4446343779563904,0.7360005974769592,0.5269200205802917,0.7911139130592346,0.00038443359375000017,0.6847386956214905,4307,2.1181754278950393,0.7342225504107773,2.024221658706665,0.5,0.5,0.0,254.0,0.0019646365422396855,0.8907565459609031,88.0
progress,exploration,11a591f7a2129484d555caf115fcdbf1a709a0c9,105,1290240,12288,False,3.001302042044699,0.7319936570711434,3.749368759803474,3277.3516789647774,401.9379446026869,401.9379446026869,51531364,5702089216,11127.0,90.0,11127.0,82.61351351351351,0.06479890330228955,-0.022836493080831133,3.071832299232483,0.014339723624289036,0.178731307387352,3.0,0.0,0.4597439467906952,0.7386229038238525,0.5234808325767517,0.7890600562095642,0.00038443359375000017,0.6836962103843689,3291,3.001302042044699,0.7319936570711434,-0.16791045665740967,0.0,0.0,0.0,1.0,0.0,0.8456130594015121,88.0
progress,exploration,11a591f7a2129484d555caf115fcdbf1a709a0c9,106,1302528,12288,False,2.7796533862128854,0.7354373307898641,3.6078537101857364,3405.903062341017,405.54579831287265,405.54579831287265,51531364,5702089216,11127.0,98.0,11127.0,82.73994638069705,0.08929064078256488,-0.02170226612361148,3.0709977000951767,0.015150127932429314,0.188720703125,1.0,0.0,0.469482421875,0.7400850057601929,0.5233197808265686,0.7873607277870178,0.00017085937500000009,0.6836286187171936,3495,2.7796533862128854,0.7354373307898641,0.31647777557373047,0.0,0.0,0.0,1.0,0.0,0.8619872111082078,88.0
progress,exploration,11a591f7a2129484d555caf115fcdbf1a709a0c9,107,1314816,12288,False,2.2960544019006193,0.7498879251070321,3.0803087069652975,3989.2105528948973,408.62610701983795,408.62610701983795,51531364,5702089216,11127.0,98.0,11127.0,82.83244680851064,0.1534515437670052,-0.019255539300502278,3.063086286187172,0.014924395829439163,0.1640421599149704,508.0,0.0,0.4300130307674408,0.742951512336731,0.5189352631568909,0.7838973999023438,7.593750000000004e-05,0.6819237470626831,4034,2.2960544019006193,0.7498879251070321,0.2266506850719452,0.0,0.0,0.0,508.0,0.0,0.6276331476122141,88.0
progress,exploration,11a591f7a2129484d555caf115fcdbf1a709a0c9,108,1327104,12288,False,2.4822371676564217,0.7316999551840127,3.2503036498092115,3780.569855595273,411.87641066964716,411.87641066964716,51531364,5702089216,11127.0,99.0,11127.0,82.85224274406332,0.1552138754632324,-0.0076559180961339734,3.0667602196335793,0.014170417562127113,0.1541341245174408,1.0,1.0,0.4545627534389496,0.7442161440849304,0.5191432237625122,0.7907514572143555,7.593750000000004e-05,0.6846972703933716,3823,2.4822371676564217,0.7316999551840127,4.199104309082031,1.0,1.0,0.0,0.0,1.0,0.7537285140901804,87.48
progress,exploration,11a591f7a2129484d555caf115fcdbf1a709a0c9,109,1339392,12288,False,3.1142511190846562,0.7204578900709748,3.852667863946408,3189.478157458665,415.72907853359357,415.72907853359357,51531364,5702089216,11127.0,90.0,11127.0,82.96605744125327,0.1349127016728744,-0.01593282137037022,3.072736717760563,0.012854499742388725,0.1607462614774704,4.0,1.0,0.4643283784389496,0.7459461688995361,0.5178818106651306,0.7913902997970581,0.0002562890625000001,0.6851215362548828,3204,3.1142511190846562,0.7204578900709748,1.0419917106628418,0.25,0.25,0.0,0.75,0.25,0.8893922134488821,87.06
progress,exploration,11a591f7a2129484d555caf115fcdbf1a709a0c9,110,1351680,12288,False,2.8953937720507383,0.7219185726717114,3.652328946162015,3364.4286101098933,419.3814074797556,419.3814074797556,51531364,5702089216,11127.0,98.0,11127.0,83.08290155440415,0.37724159052595496,-0.017721489788527833,3.073737435042858,0.015685271471738815,0.1901652216911316,507.0,1.0,0.4796820878982544,0.7444742918014526,0.5197852849960327,0.7919472455978394,0.00011390625000000006,0.6854149699211121,3396,2.8953937720507383,0.7219185726717114,0.12200282514095306,0.0009881423320621252,0.5,0.0,253.5,0.0019723865877712033,0.8256147658079862,88.0
progress,exploration,11a591f7a2129484d555caf115fcdbf1a709a0c9,111,1363968,12288,False,1.9990746132098138,0.744332626927644,2.772329229861498,4432.374000765376,422.1537367096171,422.1537367096171,51531364,5702089216,11127.0,89.0,11127.0,83.15167095115682,0.006844582920166431,-0.006247521814657375,3.0770155265927315,0.010522722266614437,0.12030029296875,0,0,0.4220920503139496,0.7460545301437378,0.520954430103302,0.7931499481201172,0.0008649755859375004,0.6866975426673889,4479,1.9990746132098138,0.744332626927644,0.12200282514095306,0.0009881423320621252,0.5,0.0,253.5,0.0019723865877712033,0.8256147658079862,88.0
progress,exploration,11a591f7a2129484d555caf115fcdbf1a709a0c9,112,1376256,12288,False,3.1724182460457087,0.7163897040300071,3.9030727432109416,3148.2887479804,426.056809452828,426.056809452828,51531364,5702089216,11127.0,90.0,11127.0,83.2442748091603,0.07402164675295353,-0.013428259990178049,3.0852111876010895,0.016050618141889572,0.19580078125,5.0,0.0,0.4599609375,0.7465397715568542,0.5210745930671692,0.7965255975723267,7.593750000000004e-05,0.6880775094032288,3159,3.1724182460457087,0.7163897040300071,-0.10517869144678116,0.0,0.0,0.0,1.0,0.0,0.7498924844712019,88.0
progress,exploration,11a591f7a2129484d555caf115fcdbf1a709a0c9,113,1388544,12288,False,2.903757677413523,0.721052996814251,3.6464687078259885,3369.8355819227804,429.703278160654,429.703278160654,51531364,5702089216,11127.0,99.0,11127.0,83.36111111111111,0.24191152083221823,-0.01345463888719678,3.0831541046500206,0.012373118661344051,0.1542561948299408,2.0,2.0,0.4769423007965088,0.7454593777656555,0.5211687684059143,0.794579267501831,0.00038443359375000017,0.6871784329414368,3389,2.903757677413523,0.721052996814251,4.122831344604492,1.0,1.0,0.0,0.0,1.0,1.035571026727557,87.43
progress,exploration,11a591f7a2129484d555caf115fcdbf1a709a0c9,114,1400832,12288,False,2.7891408940777183,0.7429332658648491,3.5714319990947843,3440.6366978608353,433.2747101597488,433.2747101597488,51531364,5702089216,11127.0,99.0,11127.0,83.47368421052632,0.28739546053111553,-0.016292937682010233,3.0795812755823135,0.014074152335524559,0.1699829250574112,505.0,1.0,0.448106586933136,0.743565022945404,0.5235162377357483,0.7911419868469238,0.00038443359375000017,0.6861870288848877,3478,2.7891408940777183,0.7429332658648491,1.32371985912323,0.3333333432674408,0.3333333432674408,0.0,168.0,0.0019801980198019802,1.030411042496562,88.0
progress,exploration,11a591f7a2129484d555caf115fcdbf1a709a0c9,115,1413120,12288,False,2.1977924052625895,0.7209109119139612,2.95446140691638,4159.133699033554,436.2291715666652,436.2291715666652,51531364,5702089216,11127.0,99.0,11127.0,83.55970149253731,0.02166504703927785,-0.009406930184923112,3.0728692412376404,0.013763835653662682,0.1584269255399704,0,0,0.4375271499156952,0.7393783330917358,0.5264135003089905,0.783135175704956,0.00038443359375000017,0.6830331087112427,4210,2.1977924052625895,0.7209109119139612,1.32371985912323,0.3333333432674408,0.3333333432674408,0.0,168.0,0.0019801980198019802,1.030411042496562,88.0
progress,exploration,11a591f7a2129484d555caf115fcdbf1a709a0c9,116,1425408,12288,False,3.341792993247509,0.7197405570186675,4.076149665284902,3014.60962158786,440.3053212319501,440.3053212319501,51531364,5702089216,11127.0,98.0,11127.0,83.62807881773399,0.07947314402554184,-0.022062551659473684,3.0617204308509827,0.016458597034215927,0.1991984099149704,6.0,0.0,0.467881977558136,0.7360976934432983,0.5269813537597656,0.7784523963928223,5.0625000000000024e-05,0.6805195212364197,3025,3.341792993247509,0.7197405570186675,0.33895978331565857,0.0,0.0,0.0,1.0,0.0,1.0564406432956457,88.0
progress,exploration,11a591f7a2129484d555caf115fcdbf1a709a0c9,117,1437696,12288,False,3.0243773218244314,0.7233896031975746,3.774789769668132,3255.280624828101,444.0801110016182,444.0801110016182,51531364,5702089216,11127.0,90.0,11127.0,83.75365853658536,0.17080977011937648,-0.011565587319637416,3.060681067407131,0.011779176071286201,0.1472574919462204,3.0,1.0,0.4779459834098816,0.7353301644325256,0.5266667604446411,0.7788673639297485,0.0005766503906250003,0.6803752183914185,3278,3.0243773218244314,0.7233896031975746,1.398928165435791,0.3333333432674408,0.3333333432674408,0.0,0.6666666865348816,0.3333333333333333,1.1889658994227648,87.89
progress,exploration,11a591f7a2129484d555caf115fcdbf1a709a0c9,118,1449984,12288,False,2.462001915089786,0.7429583766497672,3.258916880004108,3770.5779105309707,447.3390278816223,447.3390278816223,51531364,5702089216,11127.0,87.0,11127.0,83.80871670702179,0.1406753829214722,-0.019719022428034805,3.056232735514641,0.015833169221878052,0.1762085109949112,503.0,0.0,0.426622211933136,0.7289292216300964,0.5308250188827515,0.7760114073753357,0.0005766503906250003,0.678676187992096,3834,2.462001915089786,0.7429583766497672,0.23630733788013458,0.0,0.0,0.0,251.5,0.0,0.9417662113904953,88.0
progress,exploration,11a591f7a2129484d555caf115fcdbf1a709a0c9,119,1462272,12288,False,2.5030897241085768,0.7223500846885145,3.247020887210965,3784.392040223308,450.5860487688333,450.5860487688333,51531364,5702089216,11127.0,90.0,11127.0,83.89663461538461,0.051515002793166786,-0.009375245834235102,3.0507336482405663,0.015385400503873825,0.1695760190486908,1.0,0.0,0.4489203691482544,0.728010892868042,0.5304785966873169,0.7754898071289062,7.593750000000004e-05,0.6779823899269104,3809,2.5030897241085768,0.7223500846885145,0.27747613191604614,0.0,0.0,0.0,1.0,0.0,0.9552641013264656,88.0
progress,exploration,11a591f7a2129484d555caf115fcdbf1a709a0c9,120,1474560,12288,False,3.3528637611307204,0.7244714149273932,4.10619800677523,2992.549307102285,454.6922467756085,454.6922467756085,51531364,5702089216,11127.0,87.0,11127.0,84.00714285714285,0.1779033134225756,-0.012902737747936044,3.052550934255123,0.012901462614536285,0.1656494140625,6.0,1.0,0.4695367217063904,0.7341268658638,0.5291517972946167,0.7707869410514832,0.00038443359375000017,0.67808598279953,3013,3.3528637611307204,0.7244714149273932,0.7183597087860107,0.1666666716337204,0.1666666716337204,0.0,0.8333333730697632,0.16666666666666666,1.0623013956844807,87.76
progress,exploration,11a591f7a2129484d555caf115fcdbf1a709a0c9,121,1486848,12288,False,3.475490035954863,0.7235522889532149,4.2284799623303115,2906.008804456553,458.9207267379388,458.9207267379388,51531364,5702089216,11127.0,87.0,11127.0,84.0872641509434,0.5675341561436653,-0.011815913909231313,3.0476281493902206,0.01424453780055046,0.1831665188074112,505.0,4.0,0.4893934726715088,0.7294507622718811,0.5301588773727417,0.7694511413574219,0.0005766503906250003,0.6764108538627625,2926,3.475490035954863,0.7235522889532149,1.2140235900878906,0.2857142984867096,0.5714285969734192,0.0,71.5714340209961,0.007920792079207921,1.0969969312846661,88.0
progress,exploration,11a591f7a2129484d555caf115fcdbf1a709a0c9,122,1499136,12288,False,2.0417884550988674,0.7209710949100554,2.783018124755472,4415.350331604353,461.7037448626943,461.7037448626943,51531364,5702089216,11127.0,99.0,11127.0,84.15727699530517,0.004087580291525228,-0.005548922039452009,3.0455511659383774,0.013305414468050003,0.1358642578125,0,0,0.4179416596889496,0.7327685952186584,0.528357982635498,0.7693571448326111,0.00017085937500000009,0.6768339276313782,4447,2.0417884550988674,0.7209710949100554,1.2140235900878906,0.2857142984867096,0.5714285969734192,0.0,71.5714340209961,0.007920792079207921,1.0969969312846661,88.0
progress,exploration,11a591f7a2129484d555caf115fcdbf1a709a0c9,123,1511424,12288,False,3.1823678170330822,0.7227024873718619,3.9170572119764984,3137.0488953873687,465.6208020746708,465.6208020746708,51531364,5702089216,11127.0,89.0,11127.0,84.16511627906976,0.10454569791909307,-0.016130769581650384,3.04649555683136,0.014008473604917526,0.1725667417049408,5.0,1.0,0.4576823115348816,0.7308962345123291,0.5313798189163208,0.7660810947418213,0.00038443359375000017,0.6761566996574402,3146,3.1823678170330822,0.7227024873718619,0.8206848502159119,0.20000000298023224,0.20000000298023224,0.0,0.800000011920929,0.2,1.2083327178657055,87.94
progress,exploration,11a591f7a2129484d555caf115fcdbf1a709a0c9,124,1523712,12288,False,3.2738399556837976,0.7213610941544175,4.016021752264351,3059.7443833743346,469.63682382693514,469.63682382693514,51531364,5702089216,11127.0,88.0,11127.0,84.13824884792626,0.26430987915955484,-0.011970263840339612,3.037086211144924,0.012497265823185444,0.1648152768611908,5.0,2.0,0.477294921875,0.7268155813217163,0.5288492441177368,0.7638953328132629,0.00017085937500000009,0.6732562184333801,3075,3.2738399556837976,0.7213610941544175,1.4628554582595825,0.4000000059604645,0.4000000059604645,0.0,0.6000000238418579,0.4,1.442589480727911,87.33
progress,exploration,11a591f7a2129484d555caf115fcdbf1a709a0c9,125,1536000,12288,False,3.162174442317337,0.744835517834872,3.9292329270392656,3127.32796150601,473.5660567539744,473.5660567539744,51531364,5702089216,11127.0,98.0,11127.0,84.17848970251717,0.25849359203130007,-0.01855251500819577,3.022248588502407,0.009636069647967815,0.1243489682674408,502.0,1.0,0.4497341811656952,0.7215973138809204,0.5247030258178711,0.7637138962745667,0.0005766503906250003,0.6700829267501831,3145,3.162174442317337,0.744835517834872,0.5258576273918152,0.0833333358168602,0.1666666716337204,0.0,83.5,0.00199203187250996,0.956786554325372,88.0
progress,exploration,11a591f7a2129484d555caf115fcdbf1a709a0c9,126,1548288,12288,False,2.3397037931717932,0.7177819758653641,3.0794202596880496,3990.3614848740376,476.64547701366246,476.64547701366246,51531364,5702089216,11127.0,89.0,11127.0,84.23181818181818,0.026630325184669346,-0.0056452127755619586,3.009022317826748,0.012363426387310028,0.12310791015625,1.0,0.0,0.440782368183136,0.717510461807251,0.5212649703025818,0.7629165053367615,0.00017085937500000009,0.6673256754875183,4018,2.3397037931717932,0.7177819758653641,0.0025651371106505394,0.0,0.0,0.0,1.0,0.0,0.9592202083952724,88.0
progress,exploration,11a591f7a2129484d555caf115fcdbf1a709a0c9,127,1560576,12288,False,3.363453112076968,0.7184872692450881,4.108228509314358,2991.0702318870776,480.7537055229768,480.7537055229768,51531364,5702089216,11127.0,69.0,11127.0,84.23648648648648,0.09138164576143026,-0.02352852855983656,2.9903150349855423,0.015011470764875412,0.1939900815486908,6.0,0.0,0.46630859375,0.7141357064247131,0.5138202905654907,0.762178897857666,0.0002562890625000001,0.6634567379951477,3010,3.363453112076968,0.7184872692450881,0.4784884452819824,0.0,0.0,0.0,1.0,0.0,1.0269601318426431,88.0
progress,exploration,11a591f7a2129484d555caf115fcdbf1a709a0c9,128,1572864,12288,False,3.602445652708411,0.7192046814598143,4.3436995088122785,2828.924969388588,485.0974050317891,485.0974050317891,51531364,5702089216,11127.0,84.0,11127.0,84.265625,0.2250707468483597,-0.014999758685007691,2.976591907441616,0.013373029418289661,0.1718343198299408,11.0,2.0,0.4755859375,0.7109660506248474,0.5131410956382751,0.759084939956665,0.0002562890625000001,0.661159098148346,2843,3.602445652708411,0.7192046814598143,1.335608720779419,0.25,0.25,0.0,1.125,0.18181818181818182,1.3189702516980468,87.54
progress,exploration,11a591f7a2129484d555caf115fcdbf1a709a0c9,129,1585152,12288,False,2.6277634082362056,0.7406151830218732,3.3968815789557993,3617.4354961697923,488.4942866107449,488.4942866107449,51531364,5702089216,11127.0,99.0,11127.0,84.2039911308204,0.16530766035430133,-0.015846673222768004,2.958491802215576,0.016204511746764183,0.1914266049861908,494.0,0.9999999403953552,0.438096821308136,0.704632580280304,0.5140869617462158,0.7497290968894958,1e-05,0.6561495661735535,3648,2.6277634082362056,0.7406151830218732,0.18761877715587616,0.0006775067886337638,0.3333333432674408,0.0,164.6666717529297,0.002024291377318533,1.0854811189323663,88.0
progress,exploration,11a591f7a2129484d555caf115fcdbf1a709a0c9,130,1597440,12288,False,2.5466011478565633,0.7194787850603461,3.2841064808890224,3741.6569990975395,491.7783930916339,491.7783930916339,51531364,5702089216,11127.0,90.0,11127.0,84.2945054945055,0.0666407766402699,-0.015040627862617839,2.9545626640319824,0.010842856019735336,0.13433837890625,1.0,0.0,0.4547797441482544,0.7011100649833679,0.5147612690925598,0.7500206828117371,0.0005766503906250003,0.6554688215255737,3762,2.5466011478565633,0.7194787850603461,0.6188406944274902,0.0,0.0,0.0,1.0,0.0,1.102620386853814,88.0
progress,exploration,11a591f7a2129484d555caf115fcdbf1a709a0c9,131,1609728,12288,False,3.8035141858272254,0.7188804731704295,4.54896562313661,2701.2734362074953,496.3273587147705,496.3273587147705,51531364,5702089216,11127.0,89.0,11127.0,84.36383442265796,0.345619089435786,-0.0011631315428530797,2.9454300478100777,0.025137782096862793,0.25311279296875,12.0,3.0,0.47119140625,0.6994742751121521,0.5150209665298462,0.7476683855056763,1e-05,0.6540547609329224,2717,3.8035141858272254,0.7188804731704295,0.9398286938667297,0.1666666716337204,0.30000001192092896,0.0,0.9000000357627869,0.25,1.5083568882197143,87.26
progress,exploration,11a591f7a2129484d555caf115fcdbf1a709a0c9,132,1622016,12288,False,3.5811826726421714,0.7203339450061321,4.32559925923124,2840.7624617042925,500.65295797400177,500.65295797400177,51531364,5702089216,11127.0,66.0,11127.0,84.41900647948164,0.5475402530282736,-0.015098580431185837,2.9433973878622055,0.009808771312236786,0.1241862028837204,499.0,3.0,0.490098774433136,0.6983304619789124,0.5145429968833923,0.7446345686912537,0.00038443359375000017,0.6525125503540039,2856,3.5811826726421714,0.7203339450061321,1.0922315120697021,0.1979166716337204,0.375,0.0,62.0,0.006012024048096192,0.9791788229160011,88.0
progress,exploration,11a591f7a2129484d555caf115fcdbf1a709a0c9,133,1634304,12288,False,2.1408375618048012,0.718005983158946,2.881475518923253,4264.481832069067,503.534433492925,503.534433492925,51531364,5702089216,11127.0,90.0,11127.0,84.49356223175965,0.010772780522529501,-0.006173357600346208,2.936250291764736,0.012419451959431171,0.1333414763212204,0,0,0.4373372495174408,0.6983475685119629,0.5130875706672668,0.7436869144439697,0.0002562890625000001,0.6517677307128906,4298,2.1408375618048012,0.718005983158946,1.0922315120697021,0.1979166716337204,0.375,0.0,62.0,0.006012024048096192,0.9791788229160011,88.0
progress,exploration,11a591f7a2129484d555caf115fcdbf1a709a0c9,134,1646592,12288,False,3.19491302780807,0.7197288619354367,3.936856373678893,3121.2721099391224,507.4712898666039,507.4712898666039,51531364,5702089216,11127.0,84.0,11127.0,84.5543710021322,0.13343796832486987,-0.021572033627307974,2.9326677694916725,0.013476423919200897,0.16455078125,5.0,0.0,0.4672037959098816,0.6967275738716125,0.5121094584465027,0.7431232333183289,0.0002562890625000001,0.6507040858268738,3138,3.19491302780807,0.7197288619354367,0.2962441146373749,0.0,0.0,0.0,1.0,0.0,0.970075367372483,88.0
progress,exploration,11a591f7a2129484d555caf115fcdbf1a709a0c9,135,1658880,12288,False,3.5842134840786457,0.7187035358510911,4.325617417227477,2840.750536804535,511.7969072838314,511.7969072838314,51531364,5702089216,11127.0,99.0,11127.0,84.47780126849894,0.2199959644349292,-0.013808934614644386,2.9223019927740097,0.01228664442896843,0.1594848781824112,10.0,2.0,0.48876953125,0.6927989721298218,0.5127204060554504,0.7385877370834351,0.00038443359375000017,0.648081362247467,2855,3.5842134840786457,0.7187035358510911,1.1242303848266602,0.1875,0.25,0.0,1.0,0.2,1.2180180284008384,87.92
progress,exploration,11a591f7a2129484d555caf115fcdbf1a709a0c9,136,1671168,12288,False,3.1575569082051516,0.7397791207768023,3.9269989668391645,3129.107011171585,515.7239062506706,515.7239062506706,51531364,5702089216,11127.0,99.0,11127.0,84.47379454926624,0.29370232578366995,-0.019217365188524127,2.9137420430779457,0.01387978345155716,0.1702474057674408,497.0,1.0,0.4648980498313904,0.6947286128997803,0.5125105977058411,0.729939877986908,0.00038443359375000017,0.6457943320274353,3152,3.1575569082051516,0.7397791207768023,0.4290522038936615,0.0416666679084301,0.1666666716337204,0.0,82.66667175292969,0.002012072434607646,1.1053105702996253,88.0
progress,exploration,11a591f7a2129484d555caf115fcdbf1a709a0c9,137,1683456,12288,False,2.350510573014617,0.7194563113152981,3.122696850914508,3935.060169673965,518.8466031015851,518.8466031015851,51531364,5702089216,11127.0,93.0,11127.0,84.55,0.02761922255740501,-0.011040529323508963,2.8991081938147545,0.013009054586291313,0.1390787810087204,1.0,0.0,0.4679090976715088,0.6900210976600647,0.5091143846511841,0.7288098335266113,0.0002562890625000001,0.642695426940918,4002,2.350510573014617,0.7194563113152981,1.1380600929260254,0.0,0.0,0.0,1.0,0.0,1.1427970312535762,88.0
progress,exploration,11a591f7a2129484d555caf115fcdbf1a709a0c9,138,1695744,12288,False,3.4529890208505094,0.719487486872822,4.2043201653286815,2922.7079567665037,523.0509232669137,523.0509232669137,51531364,5702089216,11127.0,69.0,11127.0,84.50619834710744,0.2960858312435448,-0.01174232887569815,2.8957433626055717,0.013307609595358372,0.1627604067325592,9.0,2.0,0.4807671904563904,0.692398726940155,0.5094349384307861,0.7270551323890686,0.0002562890625000001,0.6429977416992188,2945,3.4529890208505094,0.719487486872822,1.0686891078948975,0.2142857313156128,0.2857142984867096,0.0,1.0,0.2222222222222222,1.3847805072367192,87.22
progress,exploration,11a591f7a2129484d555caf115fcdbf1a709a0c9,139,1708032,12288,False,3.67841983679682,0.7195814303122461,4.443789745680988,2765.2073350101596,527.4947130125947,527.4947130125947,51531364,5702089216,11127.0,84.0,11127.0,84.53073770491804,0.1037496228236705,-0.021039758255938068,2.8889871910214424,0.014029091224074364,0.1789347380399704,16.0,0.0,0.4966363310813904,0.6930970549583435,0.5052674412727356,0.720276951789856,0.00038443359375000017,0.6396676301956177,2793,3.67841983679682,0.7195814303122461,0.21675962209701538,0.0,0.0,0.0,1.7777777910232544,0.0,1.4016567893326282,87.22
progress,exploration,11a591f7a2129484d555caf115fcdbf1a709a0c9,140,1720320,12288,False,2.6359991189092398,0.7384863318875432,3.3940649810247123,3620.4374603016863,530.8887779936194,530.8887779936194,51531364,5702089216,11127.0,99.0,11127.0,84.5152749490835,0.12207195884548128,-0.017664210623479448,2.869718052446842,0.015277978032827377,0.1678059995174408,486.0,0.0,0.4522298276424408,0.6905579566955566,0.5042866468429565,0.7168708443641663,0.00038443359375000017,0.6372349858283997,3641,2.6359991189092398,0.7384863318875432,0.2898208796977997,0.0,0.0,0.0,162.0,0.0,0.8995167355239392,88.0
progress,exploration,11a591f7a2129484d555caf115fcdbf1a709a0c9,141,1732608,12288,False,2.7940040729008615,0.7197447661310434,3.5375060602091253,3473.633625174221,534.4262840538286,534.4262840538286,51531364,5702089216,11127.0,89.0,11127.0,84.5939393939394,0.2935247393907048,-0.007340205309446901,2.8739503622055054,0.01474494207650423,0.1652628630399704,4.0,3.0,0.4761013686656952,0.6918009519577026,0.5073397159576416,0.7150396108627319,0.00011390625000000006,0.6380882263183594,3497,2.7940040729008615,0.7197447661310434,3.4472837448120117,0.8333333730697632,1.0,0.0,0.3333333432674408,0.75,1.239349078387022,86.8
progress,exploration,11a591f7a2129484d555caf115fcdbf1a709a0c9,142,1744896,12288,False,4.022556857671589,0.7327310023829341,4.774312833789736,2573.7735309326345,539.2005968876183,539.2005968876183,51531364,5702089216,11127.0,74.0,11127.0,84.65330661322645,0.3638355451403186,-0.005367458009459369,2.874013639986515,0.016872385516762733,0.1908162534236908,15.0,3.0,0.4940863847732544,0.6932417154312134,0.5073396563529968,0.7134201526641846,1.0000000000000004e-05,0.6380007266998291,2584,4.022556857671589,0.7327310023829341,1.0692540407180786,0.2083333432674408,0.25,0.0,1.0,0.2,1.6467229064553977,85.96
progress,exploration,11a591f7a2129484d555caf115fcdbf1a709a0c9,143,1757184,12288,False,3.8101599789224565,0.7190191610716283,4.548917230218649,2701.3021732667057,543.749514117837,543.749514117837,51531364,5702089216,11127.0,89.0,11127.0,84.62103174603175,0.5388757223263383,-0.01109644107054919,2.8716493397951126,0.006117386743426323,0.07763671875,493.0,3.0,0.5037435293197632,0.6919206380844116,0.5055522322654724,0.7103621363639832,0.0002562890625000001,0.6360793709754944,2713,3.8101599789224565,0.7190191610716283,1.03171968460083,0.25,0.30000001192092896,0.0,49.0,0.006085192697768763,1.1880222865659744,88.0
progress,exploration,11a591f7a2129484d555caf115fcdbf1a709a0c9,144,1769472,12288,False,2.2546914271079004,0.7227283855900168,2.999411930795759,4096.803067906692,546.7489260486327,546.7489260486327,51531364,5702089216,11127.0,98.0,11127.0,84.67588932806323,0.006359334925946314,-0.008991382361273281,2.852372393012047,0.012076628394424915,0.1478474885225296,1.0,0.0,0.44873046875,0.6869411468505859,0.5039370656013489,0.7065091133117676,0.00017085937500000009,0.6324751973152161,4127,2.2546914271079004,0.7227283855900168,0.46784576773643494,0.0,0.0,0.0,1.0,0.0,1.1922342118341476,88.0
progress,exploration,11a591f7a2129484d555caf115fcdbf1a709a0c9,145,1781760,12288,False,3.41947651701048,0.7161800800822675,4.154926309362054,2957.4531736729396,550.9038523579948,550.9038523579948,51531364,5702089216,11127.0,66.0,11127.0,84.63333333333334,0.16540036478545517,-0.015270234182025888,2.8560478389263153,0.014278637245297432,0.1795857846736908,9.0,1.0,0.4789768159389496,0.6892787218093872,0.5062042474746704,0.7093761563301086,0.00038443359375000017,0.6349217295646667,2971,3.41947651701048,0.7161800800822675,0.8310936689376831,0.1428571492433548,0.1428571492433548,0.0,1.1428571939468384,0.1111111111111111,1.3410580024588854,87.54
progress,exploration,11a591f7a2129484d555caf115fcdbf1a709a0c9,146,1794048,12288,False,3.9257410601712763,0.7168855839408934,4.6741201328113675,2628.943983219591,555.5779724908061,555.5779724908061,51531364,5702089216,11127.0,89.0,11127.0,84.64466019417476,0.27599611110053957,-0.010964226326905191,2.8641064167022705,0.012608003802597523,0.15606689453125,15.0,3.0,0.4954427182674408,0.6876253485679626,0.5075780749320984,0.7108208537101746,0.00017085937500000009,0.635421872138977,2646,3.9257410601712763,0.7168855839408934,0.8864903450012207,0.1818181872367859,0.27272728085517883,0.0,1.0909091234207153,0.2,1.6614162346813828,86.56
progress,exploration,11a591f7a2129484d555caf115fcdbf1a709a0c9,147,1806336,12288,False,3.3911321880295873,0.7379519757814705,4.146687552798539,2963.329125607018,559.7246600436047,559.7246600436047,51531364,5702089216,11127.0,88.0,11127.0,84.6281310211946,0.38061571680009365,-0.01839721430587815,2.8573180362582207,0.013597127050161362,0.1620076596736908,487.0,2.0,0.472276508808136,0.6872270107269287,0.5068545341491699,0.7080214619636536,0.00011390625000000006,0.6340393424034119,2975,3.3911321880295873,0.7379519757814705,0.7024059295654297,0.125,0.25,0.0,60.625,0.004106776180698152,1.1845430029928685,88.0
progress,exploration,11a591f7a2129484d555caf115fcdbf1a709a0c9,148,1818624,12288,False,2.498190904967487,0.7169487588107586,3.2478732131421566,3783.3989178758516,562.9725332567468,562.9725332567468,51531364,5702089216,11127.0,90.0,11127.0,84.69348659003832,0.03748490600264631,-0.009892126128761447,2.8472369089722633,0.012895848602056503,0.1405029296875,3.0,0.0,0.4720866084098816,0.6822020411491394,0.504652202129364,0.7015273571014404,0.00017085937500000009,0.6294901967048645,3821,2.498190904967487,0.7169487588107586,0.31144970655441284,0.0,0.0,0.0,1.5,0.0,1.1832196775078774,88.0
progress,exploration,11a591f7a2129484d555caf115fcdbf1a709a0c9,149,1830912,12288,False,3.7832438251934946,0.7190383700653911,4.522012040950358,2717.3744538321753,567.4945452976972,567.4945452976972,51531364,5702089216,11127.0,47.0,11127.0,84.63117870722434,0.30771513376384974,-0.012189619319542544,2.8335817456245422,0.010835426859557629,0.1367390900850296,15.0,2.0,0.495714008808136,0.6845955848693848,0.5004242062568665,0.6979944109916687,0.0002562890625000001,0.6277840733528137,2729,3.7832438251934946,0.7190383700653911,0.6264854669570923,0.0833333358168602,0.20000000298023224,0.0,1.3000000715255737,0.13333333333333333,1.4126705617178232,87.14
progress,exploration,11a591f7a2129484d555caf115fcdbf1a709a0c9,150,1843200,12288,False,4.020821719896048,0.7191967549733818,4.760280964896083,2581.3602370565636,572.2548262625933,572.2548262625933,51531364,5702089216,11127.0,48.0,11127.0,84.51320754716981,0.38985640136525035,-0.012323767761699855,2.8153130784630775,0.013919636607170105,0.1689249724149704,24.0,6.0,0.504611611366272,0.6852664351463318,0.49678340554237366,0.6910146474838257,0.0002562890625000001,0.6244299411773682,2592,4.020821719896048,0.7191967549733818,1.330409288406372,0.3055555820465088,0.5,0.0,1.5,0.25,2.143960325019434,85.77
progress,exploration,11a591f7a2129484d555caf115fcdbf1a709a0c9,151,1855488,12288,False,2.8806269741617143,0.7377686109393835,3.6393782272934914,3376.4009214118582,575.8942044898868,575.8942044898868,51531364,5702089216,11127.0,97.0,11127.0,84.57116104868913,0.1512285741046071,-0.0180749163555447,2.803507626056671,0.012384100817143917,0.1505533903837204,470.0,1.0,0.4611274003982544,0.6832658052444458,0.4961686134338379,0.6842398643493652,0.0005766503906250003,0.6213332414627075,3395,2.8806269741617143,0.7377686109393835,0.6338227987289429,0.10000000149011612,0.20000000298023224,0.0,93.80000305175781,0.002127659574468085,1.3517935495078564,88.0
progress,exploration,11a591f7a2129484d555caf115fcdbf1a709a0c9,152,1867776,12288,False,3.018989663105458,0.7213389165699482,3.7617338388226926,3266.57879757005,579.6559383287095,579.6559383287095,51531364,5702089216,11127.0,95.0,11127.0,84.6461824953445,0.24527985928580165,-0.005484205204993486,2.7937702015042305,0.018532952293753624,0.1907348930835724,5.0,2.0,0.479600727558136,0.682329535484314,0.496944785118103,0.6827887892723083,1e-05,0.620688259601593,3285,3.018989663105458,0.7213389165699482,1.736296534538269,0.4000000059604645,0.4000000059604645,0.0,0.6000000238418579,0.4,1.5612962488830089,87.41
progress,exploration,11a591f7a2129484d555caf115fcdbf1a709a0c9,153,1880064,12288,False,4.667244344949722,0.7505059051327407,5.445418396964669,2256.5759146899445,585.1013567256741,585.1013567256741,51531364,5702089216,11127.0,86.0,11127.0,84.64088397790056,0.35693131550215185,-0.011564594024093822,2.789399042725563,0.010514436289668083,0.1319173276424408,29.0,4.0,0.5084635615348816,0.6779839396476746,0.4941950738430023,0.6828962564468384,0.0002562890625000001,0.6184509992599487,2268,4.667244344949722,0.7505059051327407,1.0762101411819458,0.2222222238779068,0.2222222238779068,0.0,1.388888955116272,0.13793103448275862,1.8763513466715813,86.1
progress,exploration,11a591f7a2129484d555caf115fcdbf1a709a0c9,154,1892352,12288,False,4.091735098976642,0.7183450809679925,4.826645769178867,2545.867376153128,589.928002494853,589.928002494853,51531364,5702089216,11127.0,95.0,11127.0,84.62705667276052,0.5359058976173401,-0.0162618555877998,2.7787970826029778,0.015087127685546875,0.1832071840763092,478.0,4.0,0.5107421875,0.6767234206199646,0.4929404556751251,0.683150053024292,0.00017085937500000009,0.6176326870918274,2554,4.091735098976642,0.7183450809679925,0.9236180782318115,0.1666666716337204,0.3076923191547394,0.0,36.46154022216797,0.008368200836820083,1.1842923583835363,88.0
progress,exploration,11a591f7a2129484d555caf115fcdbf1a709a0c9,155,1904640,12288,False,2.531549727078527,0.7386592249386013,3.2879144698381424,3737.323495706661,593.2159169646911,593.2159169646911,51531364,5702089216,11127.0,94.0,11127.0,84.69272727272727,0.07224842206051107,-0.0036550619079207536,2.7715786024928093,0.013798440806567669,0.1580607146024704,3.0,1.0,0.4589572846889496,0.6747423410415649,0.49101516604423523,0.6802554130554199,0.0005766503906250003,0.6153951287269592,3757,2.531549727078527,0.7386592249386013,1.3660688400268555,0.3333333432674408,0.3333333432674408,0.0,0.6666666865348816,0.3333333333333333,1.3532185032218695,87.55
progress,exploration,11a591f7a2129484d555caf115fcdbf1a709a0c9,156,1916928,12288,False,3.727256298996508,0.7168241264298558,4.462381571996957,2753.6865240551374,597.6782985366881,597.6782985366881,51531364,5702089216,11127.0,60.0,11127.0,84.58483754512635,0.34043721901252866,-0.005349457263946533,2.765824429690838,0.03095964342355728,0.2981567680835724,14.0,4.0,0.481201171875,0.6758275628089905,0.48990753293037415,0.6801503896713257,1e-05,0.6152933239936829,2765,3.727256298996508,0.7168241264298558,1.2827320098876953,0.30000001192092896,0.4000000059604645,0.0,1.0,0.2857142857142857,1.771726232767105,86.48
progress,exploration,11a591f7a2129484d555caf115fcdbf1a709a0c9,157,1929216,12288,False,4.34654927207157,0.718606875743717,5.082818752154708,2417.5562024104975,602.7611172888428,602.7611172888428,51531364,5702089216,11127.0,98.0,11127.0,84.56887298747763,0.5157653903588653,-0.01035307630081661,2.763853296637535,0.008374910801649094,0.1071370467543602,25.0,5.0,0.4911295771598816,0.6775320768356323,0.4860277771949768,0.6763228178024292,0.00038443359375000017,0.6134676337242126,2425,4.34654927207157,0.718606875743717,0.6285726428031921,0.13333334028720856,0.3333333432674408,0.0,1.3333333730697632,0.2,2.1427226668596266,85.53
progress,exploration,11a591f7a2129484d555caf115fcdbf1a709a0c9,158,1941504,12288,False,3.8070440380834043,0.7366389869712293,4.566567155066878,2690.8615558988845,607.3276844439097,607.3276844439097,51531364,5702089216,11127.0,91.0,11127.0,84.54609929078015,0.2733860705047846,-0.016453476608148776,2.743407294154167,0.014106848277151585,0.1732177734375,471.0,2.0,0.4688042998313904,0.6767496466636658,0.48191818594932556,0.673406720161438,0.00017085937500000009,0.6107169389724731,2704,3.8070440380834043,0.7366389869712293,0.6905869841575623,0.125,0.1666666716337204,0.0,39.083335876464844,0.004246284501061571,1.2268312498554588,88.0
progress,exploration,11a591f7a2129484d555caf115fcdbf1a709a0c9,159,1953792,12288,False,3.0743541978299618,0.7189369141124189,3.8141528517007828,3221.68525430768,611.1418372956105,611.1418372956105,51531364,5702089216,11127.0,99.0,11127.0,84.62257495590829,0.1266277678660117,-0.00891754886288254,2.7372066229581833,0.012729672715067863,0.1562500149011612,7.0,2.0,0.472032368183136,0.6751794815063477,0.480935275554657,0.6713641285896301,0.0005766503906250003,0.609207034111023,3239,3.0743541978299618,0.7189369141124189,1.3990938663482666,0.2857142984867096,0.2857142984867096,0.0,0.7142857313156128,0.2857142857142857,1.5236971920356155,87.45
progress,exploration,11a591f7a2129484d555caf115fcdbf1a709a0c9,160,1966080,12288,False,4.100850158836693,0.7202230542898178,4.857355845160782,2529.7714212645374,615.9991931407712,615.9991931407712,51531364,5702089216,11127.0,88.0,11127.0,84.66958041958041,0.17867726436816156,-0.015833942949029733,2.7307875007390976,0.01628389209508896,0.1971435546875,17.0,1.0,0.4884983003139496,0.6738929152488708,0.47981521487236023,0.6708194613456726,0.0002562890625000001,0.6081887483596802,2548,4.100850158836693,0.7202230542898178,0.5823543667793274,0.07692307978868484,0.07692307978868484,0.0,1.2307692766189575,0.058823529411764705,1.5968389084935188,87.17
progress,exploration,11a591f7a2129484d555caf115fcdbf1a709a0c9,161,1978368,12288,False,4.5251198331825435,0.7179400199092925,5.26065442385152,2335.831060159907,621.2598475646228,621.2598475646228,51531364,5702089216,11127.0,89.0,11127.0,84.66897746967071,0.38593679922632873,-0.01162159163504839,2.73166660964489,0.01716092973947525,0.1996663361787796,34.0,4.0,0.5059950351715088,0.6752554178237915,0.48096057772636414,0.6706832051277161,1.0000000000000004e-05,0.6089680194854736,2343,4.5251198331825435,0.7179400199092925,1.0501538515090942,0.20588235557079315,0.23529411852359772,0.0,1.7647058963775635,0.11764705882352941,2.1399005357921124,86.39
progress,exploration,11a591f7a2129484d555caf115fcdbf1a709a0c9,162,1990656,12288,False,3.2231132690794766,0.7352079278789461,3.9902858952991664,3079.4785943724273,625.2501334599219,625.2501334599219,51531364,5702089216,11127.0,99.0,11127.0,84.68620689655172,0.2295688521116972,-0.012196476018289104,2.7231344878673553,0.008174190297722816,0.0982462614774704,456.0,3.0,0.4615614414215088,0.6676324605941772,0.47891321778297424,0.6657295823097229,0.0005766503906250003,0.6041916608810425,3104,3.2231132690794766,0.7352079278789461,1.084554672241211,0.21875,0.375,0.0,56.625,0.006578947368421052,1.214850056245923,87.54
progress,exploration,11a591f7a2129484d555caf115fcdbf1a709a0c9,163,2002944,12288,False,3.5743958628736436,0.7177259167656302,4.322276796679944,2842.946108735734,629.5724102566019,629.5724102566019,51531364,5702089216,11127.0,89.0,11127.0,84.61880341880342,0.12165895372163504,-0.015618111821822822,2.703643687069416,0.01460362784564495,0.1796468198299408,11.0,1.0,0.4768609404563904,0.6659693717956543,0.47675198316574097,0.6618030667304993,0.00038443359375000017,0.6015815138816833,2862,3.5743958628736436,0.7177259167656302,0.6767987608909607,0.10000000149011612,0.10000000149011612,0.0,1.0,0.09090909090909091,1.3437443758547305,87.18
progress,exploration,11a591f7a2129484d555caf115fcdbf1a709a0c9,164,2015232,12288,False,4.3433801219798625,0.7181084030307829,5.0933668641373515,2412.5495625536846,634.6657771207392,634.6657771207392,51531364,5702089216,11127.0,84.0,11127.0,84.60271646859083,0.3692297274246812,-0.006330231626634486,2.693762168288231,0.020141419023275375,0.2353922724723816,26.0,4.0,0.4993489682674408,0.6642476320266724,0.47561633586883545,0.6628768444061279,1e-05,0.6009138226509094,2427,4.3433801219798625,0.7181084030307829,0.8093281388282776,0.1555555760860443,0.2666666805744171,0.0,1.4666666984558105,0.15384615384615385,1.8435274912789463,85.96
progress,exploration,11a591f7a2129484d555caf115fcdbf1a709a0c9,165,2027520,12288,False,4.682179974857718,0.719994137994945,5.421864977106452,2266.3788294038036,640.0876420978457,640.0876420978457,51531364,5702089216,11127.0,89.0,11127.0,84.54117647058824,0.4982461635954678,-0.012792679481208324,2.6953338906168938,0.009492231532931328,0.1227213591337204,474.0,3.0,0.511339008808136,0.6630107760429382,0.477839857339859,0.6622275114059448,0.00038443359375000017,0.6010063290596008,2274,4.682179974857718,0.719994137994945,0.5860899090766907,0.10185185819864273,0.1666666716337204,0.0,26.16666603088379,0.006329113924050633,1.1210691356658935,88.0
progress,exploration,11a591f7a2129484d555caf115fcdbf1a709a0c9,166,2039808,12288,False,2.783552899956703,0.7202878911048174,3.52333290502429,3487.6068572678023,643.61097500287,643.61097500287,51531364,5702089216,11127.0,90.0,11127.0,84.59866220735786,0.024207257898524404,-0.0019037514284718782,2.704630061984062,0.014733477495610714,0.151123046875,5.0,1.0,0.4568142592906952,0.6643400192260742,0.48102352023124695,0.6650153994560242,7.593750000000004e-05,0.6034371256828308,3507,2.783552899956703,0.7202878911048174,0.8348010182380676,0.20000000298023224,0.20000000298023224,0.0,0.800000011920929,0.2,1.214776054620743,87.65
progress,exploration,11a591f7a2129484d555caf115fcdbf1a709a0c9,167,2052096,12288,False,4.074208180885762,0.7197786429896951,4.810508104972541,2554.4079194665737,648.4214831078425,648.4214831078425,51531364,5702089216,11127.0,58.0,11127.0,84.59634551495017,0.13456311845220625,-0.019265893839474302,2.7090345695614815,0.012846029363572598,0.1621500700712204,16.0,0.0,0.4836968779563904,0.6672858595848083,0.47756993770599365,0.6642144918441772,0.0002562890625000001,0.6031345129013062,2563,4.074208180885762,0.7197786429896951,0.0866294652223587,0.0,0.0,0.0,1.2307692766189575,0.0,1.109167855978012,87.65
progress,exploration,11a591f7a2129484d555caf115fcdbf1a709a0c9,168,2064384,12288,False,4.380855854135007,0.7177911950275302,5.178600656799972,2372.84177992461,653.6000837646425,653.6000837646425,51531364,5702089216,11127.0,60.0,11127.0,84.51565074135091,0.3423138768412173,-0.010520005875150673,2.6969697028398514,0.013659721240401268,0.1694539487361908,28.0,4.0,0.5001627802848816,0.6647540330886841,0.4779647886753082,0.6596440076828003,7.593750000000004e-05,0.6008058190345764,2410,4.380855854135007,0.7177911950275302,0.9870448112487793,0.18888890743255615,0.2666666805744171,0.0,1.6000001430511475,0.14285714285714285,1.6253896424174308,86.85
progress,exploration,11a591f7a2129484d555caf115fcdbf1a709a0c9,169,2076672,12288,False,4.226167237851769,0.7355954428203404,4.978780452162027,2468.074284067689,658.5788642168045,658.5788642168045,51531364,5702089216,11127.0,95.0,11127.0,84.44117647058823,0.33305433485656977,-0.016690322177964845,2.6978801861405373,0.012675066478550434,0.1561482846736908,466.0,2.0,0.476806640625,0.6682871580123901,0.48263514041900635,0.6525176167488098,0.0002562890625000001,0.6011789441108704,2476,4.226167237851769,0.7355954428203404,0.4200890362262726,0.055555559694767,0.13333334028720856,0.0,30.933334350585938,0.004291845493562232,1.22272938542068,88.0
progress,exploration,11a591f7a2129484d555caf115fcdbf1a709a0c9,170,2088960,12288,False,3.229183525778353,0.717304952442646,3.9637273917905986,3100.112289621649,662.5425916085951,662.5425916085951,51531364,5702089216,11127.0,90.0,11127.0,84.44318181818181,0.20170954539207742,-0.0038218771514948457,2.698322407901287,0.01565065048635006,0.16552734375,8.0,3.0,0.4709201753139496,0.6709159016609192,0.4810353219509125,0.6519699096679688,3.3750000000000014e-05,0.6013105511665344,3113,3.229183525778353,0.717304952442646,1.6169793605804443,0.375,0.375,0.0,0.625,0.375,1.5567029470205307,87.24
progress,exploration,11a591f7a2129484d555caf115fcdbf1a709a0c9,171,2101248,12288,False,4.018301876727492,0.7193905869498849,4.7553583942353725,2584.0323654461004,667.2979500028305,667.2979500028305,51531364,5702089216,11127.0,91.0,11127.0,84.40322580645162,0.22388866869732738,-0.017941444006282836,2.6900029480457306,0.010419734753668308,0.13482666015625,19.0,1.0,0.502170205116272,0.669033944606781,0.47481414675712585,0.6480433344841003,0.00038443359375000017,0.5974454879760742,2593,4.018301876727492,0.7193905869498849,0.46102476119995117,0.0416666679084301,0.0833333358168602,0.0,1.5,0.05263157894736842,1.641581057216972,86.95
progress,exploration,11a591f7a2129484d555caf115fcdbf1a709a0c9,172,2113536,12288,False,4.799945252947509,0.7177580650895834,5.5374110960401595,2219.087545944933,672.8353610988706,672.8353610988706,51531364,5702089216,11127.0,93.0,11127.0,84.4016,0.47228101594373584,-0.009511414129519835,2.6650415509939194,0.012420162558555603,0.1515096127986908,39.0,5.0,0.5131836533546448,0.6657664179801941,0.471802294254303,0.6456656455993652,0.00011390625000000006,0.5944475531578064,2227,4.799945252947509,0.7177580650895834,0.8289170861244202,0.16228070855140686,0.2631579041481018,0.0,1.7894736528396606,0.1282051282051282,2.1096788993291558,86.02
progress,exploration,11a591f7a2129484d555caf115fcdbf1a709a0c9,173,2125824,12288,False,3.561797307804227,0.7373300190083683,4.319476843811572,2844.788951144575,677.1548379426822,677.1548379426822,51531364,5702089216,11127.0,72.0,11127.0,84.39109697933227,0.23268606909550726,-0.013118549390810585,2.6491235196590424,0.012738063000142574,0.1495564877986908,448.0,2.0,0.462266743183136,0.665538489818573,0.46711602807044983,0.6395488977432251,0.0002562890625000001,0.5907900333404541,2858,3.561797307804227,0.7373300190083683,0.5154775977134705,0.11363636702299118,0.1818181872367859,0.0,40.54545593261719,0.004464285714285714,1.3262060414254666,87.58
progress,exploration,11a591f7a2129484d555caf115fcdbf1a709a0c9,174,2138112,12288,False,3.595540358684957,0.7189253158867359,4.362365380860865,2816.8204465200247,681.5172033235431,681.5172033235431,51531364,5702089216,11127.0,89.0,11127.0,84.40694006309148,0.1833041924983263,-0.01453080650389893,2.6398875936865807,0.014497900381684303,0.1809285581111908,10.0,1.0,0.4905056655406952,0.6637483835220337,0.46836182475090027,0.6390764713287354,0.00017085937500000009,0.5903984904289246,2848,3.595540358684957,0.7189253158867359,0.5580430030822754,0.10000000149011612,0.10000000149011612,0.0,0.9000000357627869,0.1,1.4134430660307407,87.28
progress,exploration,11a591f7a2129484d555caf115fcdbf1a709a0c9,175,2150400,12288,False,4.653538529761136,0.7176574040204287,5.400548381265253,2275.3244916067465,686.9177517048083,686.9177517048083,51531364,5702089216,11127.0,90.0,11127.0,84.36619718309859,0.3701602879446,-0.014173419665894471,2.6397315710783005,0.014295471832156181,0.1787109375,30.0,5.0,0.5148383975028992,0.6660752892494202,0.46645352244377136,0.6367068886756897,0.0002562890625000001,0.5898051857948303,2287,4.653538529761136,0.7176574040204287,1.0464820861816406,0.20370371639728546,0.2777777910232544,0.0,1.388888955116272,0.16666666666666666,2.0646858863532542,86.28
progress,exploration,11a591f7a2129484d555caf115fcdbf1a709a0c9,176,2162688,12288,False,4.941718343645334,0.7213497743941844,5.694690389093012,2157.799486963346,692.6124420939013,692.6124420939013,51531364,5702089216,11127.0,49.0,11127.0,84.2360248447205,0.43561718706041574,-0.019902574735169765,2.630149893462658,0.014565803110599518,0.1865031123161316,469.0,4.0,0.5157878398895264,0.6611606478691101,0.4695761799812317,0.6301156878471375,0.0002562890625000001,0.5870270133018494,2169,4.941718343645334,0.7213497743941844,0.7367578744888306,0.1190476194024086,0.190476194024086,0.0,22.142858505249023,0.008528784648187633,1.2718546007061378,88.0
progress,exploration,11a591f7a2129484d555caf115fcdbf1a709a0c9,177,2174976,12288,False,3.103270167950541,0.7184084970504045,3.8517678128555417,3190.22344986319,696.4642099067569,696.4642099067569,51531364,5702089216,11127.0,88.0,11127.0,84.20370370370371,0.15426286330330186,-0.0014469328161794692,2.628473863005638,0.015529957599937916,0.16259765625,9.0,2.0,0.4419759213924408,0.6605639457702637,0.47133195400238037,0.6314615607261658,3.3750000000000014e-05,0.5877882838249207,3215,3.103270167950541,0.7184084970504045,1.0066132545471191,0.1875,0.25,0.0,0.875,0.2222222222222222,1.5157351353764534,87.47
progress,exploration,11a591f7a2129484d555caf115fcdbf1a709a0c9,178,2187264,12288,False,3.950801635161042,0.7164014866575599,4.6878639701753855,2621.236468928571,701.1520738769323,701.1520738769323,51531364,5702089216,11127.0,82.0,11127.0,84.13957055214723,0.24314459064044058,-0.013260914129205048,2.630999870598316,0.009077576920390129,0.1181640625,17.0,2.0,0.505344033241272,0.6613069772720337,0.4713854193687439,0.6310697197914124,0.0002562890625000001,0.5879262089729309,2632,3.950801635161042,0.7164014866575599,0.6697514057159424,0.125,0.1666666716337204,0.0,1.25,0.11764705882352941,1.6619814842939378,86.85
progress,exploration,11a591f7a2129484d555caf115fcdbf1a709a0c9,179,2199552,12288,False,4.63325986918062,0.7175692575983703,5.386486047878861,2281.264611246673,706.5385599248111,706.5385599248111,51531364,5702089216,11127.0,91.0,11127.0,84.03500761035008,0.3087855118792504,-0.013636988820508122,2.62286140024662,0.015001427382230759,0.18402099609375,34.0,4.0,0.5230848789215088,0.6606962084770203,0.46625661849975586,0.6310736536979675,7.593750000000004e-05,0.5860213041305542,2296,4.63325986918062,0.7175692575983703,0.6395489573478699,0.0694444477558136,0.2222222238779068,0.0,1.6666666269302368,0.11764705882352941,2.190635360404849,85.51
progress,exploration,11a591f7a2129484d555caf115fcdbf1a709a0c9,180,2211840,12288,False,4.414636729285121,0.7362954239360988,5.171591573860496,2376.057703804177,711.7101514986716,711.7101514986716,51531364,5702089216,11127.0,48.0,11127.0,83.9773413897281,0.3749074204824865,-0.014812085231824312,2.618659198284149,0.00931384228169918,0.1169637143611908,455.0,2.0,0.487169086933136,0.6596155166625977,0.46805042028427124,0.628288745880127,0.00038443359375000017,0.585403561592102,2385,4.414636729285121,0.7362954239360988,0.494906485080719,0.0589635856449604,0.11764705926179886,0.0,26.705883026123047,0.004395604395604396,1.5053664489276708,87.61
progress,exploration,11a591f7a2129484d555caf115fcdbf1a709a0c9,181,2224128,12288,False,3.4451706651598215,0.7202351298183203,4.229282961227,2905.4570509122436,715.9394344598986,715.9394344598986,51531364,5702089216,11127.0,99.0,11127.0,84.0,0.11007764615351334,-0.008763241115957499,2.615910768508911,0.01358777191489935,0.1585286557674408,10.0,2.0,0.475341796875,0.6565577387809753,0.47187140583992004,0.6252098679542542,0.00017085937500000009,0.5845564603805542,2950,3.4451706651598215,0.7202351298183203,0.984663188457489,0.20000000298023224,0.20000000298023224,0.0,0.800000011920929,0.2,1.72704692883417,87.31
progress,exploration,11a591f7a2129484d555caf115fcdbf1a709a0c9,182,2236416,12288,False,4.364767572376877,0.7195617137476802,5.104162058793008,2407.4470713231563,721.0435965186916,721.0435965186916,51531364,5702089216,11127.0,88.0,11127.0,84.00745156482861,0.3699381873011589,-0.018089503631927073,2.616154447197914,0.013768106698989868,0.16925048828125,25.0,4.0,0.521213173866272,0.6519526243209839,0.47222352027893066,0.6281757950782776,0.0002562890625000001,0.5841343998908997,2416,4.364767572376877,0.7195617137476802,0.9049239754676819,0.18333333730697632,0.2666666805744171,0.0,1.4000000953674316,0.16,2.072296445388347,86.67
progress,exploration,11a591f7a2129484d555caf115fcdbf1a709a0c9,183,2248704,12288,False,5.177978006191552,0.7195994397625327,5.916078811977059,2077.051437368115,726.9596753306687,726.9596753306687,51531364,5702089216,11127.0,99.0,11127.0,83.96597633136095,0.6347350161522627,-0.011597055980928417,2.6077588945627213,0.014843877404928207,0.1787516325712204,48.0,8.0,0.5253364443778992,0.6485689282417297,0.4685141444206238,0.6263601183891296,0.00038443359375000017,0.5813023447990417,2083,5.177978006191552,0.7195994397625327,1.015209436416626,0.18560607731342316,0.3636363744735718,0.0,1.8181818723678589,0.16666666666666666,3.0573244867101312,85.2
progress,exploration,11a591f7a2129484d555caf115fcdbf1a709a0c9,184,2260992,12288,False,3.9789090119302273,0.735239100176841,4.742190938908607,2591.2073466253187,731.7018662695773,731.7018662695773,51531364,5702089216,11127.0,88.0,11127.0,83.9251101321586,0.3741820682771504,-0.010805684814840788,2.5893160328269005,0.014021220616996288,0.1654459685087204,436.0,5.0,0.4686144292354584,0.643733024597168,0.46875011920928955,0.622853696346283,0.00038443359375000017,0.5784831643104553,2606,3.9789090119302273,0.735239100176841,1.0673717260360718,0.21071429550647736,0.3571428656578064,0.0,30.785715103149414,0.011467889908256881,1.504701963113621,87.25
progress,exploration,11a591f7a2129484d555caf115fcdbf1a709a0c9,185,2273280,12288,False,3.5201658313162625,0.7179608689621091,4.276968415360898,2873.063068660309,735.9788346849382,735.9788346849382,51531364,5702089216,11127.0,87.0,11127.0,83.95474452554744,0.2866589082404971,-0.013187449638280668,2.584744654595852,0.014485180377960205,0.177734375,12.0,2.0,0.499620258808136,0.6435449123382568,0.4674380123615265,0.6244968175888062,0.00038443359375000017,0.5784991383552551,2899,3.5201658313162625,0.7179608689621091,0.724558413028717,0.1111111119389534,0.2222222238779068,0.0,1.1111111640930176,0.16666666666666666,1.7724135669786483,86.35
progress,exploration,11a591f7a2129484d555caf115fcdbf1a709a0c9,186,2285568,12288,False,4.733449885156006,0.7198567688465118,5.47575810784474,2244.0728311931516,741.4545927927829,741.4545927927829,51531364,5702089216,11127.0,85.0,11127.0,83.94347826086957,0.39955750945955515,-0.01120937718951609,2.5897811502218246,0.01451154612004757,0.1713460385799408,36.0,6.0,0.519151508808136,0.6448387503623962,0.4684806168079376,0.6253604292869568,7.593750000000004e-05,0.5795846581459045,2253,4.733449885156006,0.7198567688465118,0.9908801317214966,0.17592592537403107,0.3333333432674408,0.0,1.6666666269302368,0.16666666666666666,2.5227364146430045,84.12
progress,exploration,11a591f7a2129484d555caf115fcdbf1a709a0c9,187,2297856,12288,False,5.275176341179758,0.721268146764487,6.014131934847683,2043.1876342452092,747.4687247276306,747.4687247276306,51531364,5702089216,11127.0,90.0,11127.0,83.89367816091954,0.6051728464663029,-0.01566455354259233,2.5926162526011467,0.009563338942825794,0.1254069060087204,456.0,7.0,0.5165202021598816,0.6472306251525879,0.4695735573768616,0.6234718561172485,0.00038443359375000017,0.5801286697387695,2049,5.275176341179758,0.721268146764487,0.7999815344810486,0.1304347813129425,0.30434784293174744,0.0,19.521739959716797,0.015350877192982455,1.3031173293292522,88.0
progress,exploration,11a591f7a2129484d555caf115fcdbf1a709a0c9,188,2310144,12288,False,3.525052842218429,0.7175249620340765,4.292445700149983,2862.7036562327726,751.7611704277806,751.7611704277806,51531364,5702089216,11127.0,88.0,11127.0,83.9,0.09435694856802002,-0.009156488034932408,2.598169445991516,0.014848689548671246,0.1704508513212204,13.0,2.0,0.4721951186656952,0.6491642594337463,0.4691885709762573,0.6270293593406677,7.593750000000004e-05,0.5817782282829285,2896,3.525052842218429,0.7175249620340765,0.7380215525627136,0.13636364042758942,0.1818181872367859,0.0,1.0,0.15384615384615385,1.4255681777000426,87.54
progress,exploration,11a591f7a2129484d555caf115fcdbf1a709a0c9,189,2322432,12288,False,4.028506150003523,0.7158565949648619,4.764285423792899,2579.1905620586,756.5254558515735,756.5254558515735,51531364,5702089216,11127.0,46.0,11127.0,83.81107954545455,0.3803451429121196,-0.015623286046320572,2.5982879996299744,0.013737240806221962,0.1754150539636612,23.0,4.0,0.50830078125,0.6499537229537964,0.4667132794857025,0.6207401752471924,0.00038443359375000017,0.5792797803878784,2590,4.028506150003523,0.7158565949648619,0.8874208331108093,0.1805555671453476,0.3333333432674408,0.0,1.5833333730697632,0.17391304347826086,1.7377124834805726,86.54
progress,exploration,11a591f7a2129484d555caf115fcdbf1a709a0c9,190,2334720,12288,False,4.8686366667971015,0.7190037621185184,5.619529137387872,2186.6600741057528,762.1449849889614,762.1449849889614,51531364,5702089216,11127.0,88.0,11127.0,83.64507042253521,0.35751748248003423,-0.01189533801516518,2.578511320054531,0.013710095547139645,0.16607666015625,40.0,3.0,0.521240234375,0.648841917514801,0.46410101652145386,0.6176117062568665,0.00017085937500000009,0.5768860578536987,2199,4.8686366667971015,0.7190037621185184,0.4816135764122009,0.0833333358168602,0.15789473056793213,0.0,1.9473683834075928,0.075,2.0340989579819144,85.93
progress,exploration,11a591f7a2129484d555caf115fcdbf1a709a0c9,191,2347008,12288,False,4.713532003108412,0.7341579687781632,5.481403382029384,2241.7616700653407,767.6263883709908,767.6263883709908,51531364,5702089216,11127.0,89.0,11127.0,83.64755244755244,0.5508979898877442,-0.01663646237405203,2.5740684792399406,0.01512276940047741,0.1810302883386612,441.0,8.0,0.4995931088924408,0.6463276147842407,0.46668893098831177,0.6112058162689209,0.0005766503906250003,0.574865996837616,2255,4.713532003108412,0.7341579687781632,0.8527215719223022,0.12456141412258148,0.42105263471603394,0.0,22.789474487304688,0.018140589569160998,1.2307383780553938,88.0
progress,exploration,11a591f7a2129484d555caf115fcdbf1a709a0c9,192,2359296,12288,False,3.6176082231104374,0.7165104309096932,4.358238834887743,2819.4875190488515,771.9846272058785,771.9846272058785,51531364,5702089216,11127.0,89.0,11127.0,83.63282336578581,0.46546843042597175,-0.005167801078641787,2.561464488506317,0.02501721680164337,0.2335612177848816,17.0,6.0,0.4976128935813904,0.645071804523468,0.46674370765686035,0.6096056699752808,1e-05,0.5738041400909424,2835,3.6176082231104374,0.7165104309096932,1.8966761827468872,0.40909093618392944,0.5454545617103577,0.0,1.0,0.35294117647058826,1.9539689595997334,86.31
progress,exploration,11a591f7a2129484d555caf115fcdbf1a709a0c9,193,2371584,12288,False,4.5765497530810535,0.718125537969172,5.318287784699351,2310.518064733621,777.3029149905778,777.3029149905778,51531364,5702089216,11127.0,90.0,11127.0,83.59944751381215,0.7338300100527704,-0.0100679817260243,2.559830963611603,0.010134429670870304,0.1213378980755806,37.0,10.0,0.5166015625,0.641941249370575,0.4647114872932434,0.6093099117279053,0.0002562890625000001,0.5721303224563599,2320,4.5765497530810535,0.718125537969172,1.552634835243225,0.2960784435272217,0.5882353186607361,0.0,1.5882352590560913,0.2702702702702703,3.531534915715456,83.51
progress,exploration,11a591f7a2129484d555caf115fcdbf1a709a0c9,194,2383872,12288,False,4.978970834054053,0.7180985566228628,5.720790961291641,2147.95472918759,783.0237059518695,783.0237059518695,51531364,5702089216,11127.0,94.0,11127.0,83.56241426611797,0.6546019716188312,-0.014326200012874324,2.5425650849938393,0.01335409190505743,0.1572672575712204,52.0,10.0,0.5237359404563904,0.6408487558364868,0.4621939957141876,0.6071802973747253,0.00017085937500000009,0.5700844526290894,2156,4.978970834054053,0.7180985566228628,1.1045352220535278,0.1944444626569748,0.4761904776096344,0.0,2.0,0.19230769230769232,4.523498648107052,82.29
progress,exploration,11a591f7a2129484d555caf115fcdbf1a709a0c9,195,2396160,12288,False,4.024762133136392,0.731955817900598,4.7768919677473605,2572.383902120075,787.8005979196168,787.8005979196168,51531364,5702089216,11127.0,91.0,11127.0,83.51226158038148,0.2134609567001462,-0.013015584692766424,2.5411281809210777,0.024231677874922752,0.1909383237361908,413.0,1.0,0.4838596284389496,0.6391264796257019,0.46421921253204346,0.6060846447944641,1e-05,0.5698118209838867,2583,4.024762133136392,0.731955817900598,0.5182076692581177,0.03333333507180214,0.06666667014360428,0.0,27.46666717529297,0.002421307506053269,1.4128129041939974,88.0
progress,exploration,11a591f7a2129484d555caf115fcdbf1a709a0c9,196,2408448,12288,False,4.24339676881209,0.7163039902225137,4.980235971976072,2467.352966635501,792.7808338915929,792.7808338915929,51531364,5702089216,11127.0,83.0,11127.0,83.48644986449864,0.421815084759146,-0.010103268392413156,2.5406534001231194,0.013116290792822838,0.1505126953125,22.0,8.0,0.513888955116272,0.6393648982048035,0.4626635015010834,0.606828510761261,5.0625000000000024e-05,0.5696394443511963,2477,4.24339676881209,0.7163039902225137,1.5318645238876343,0.3645833432674408,0.5,0.0,0.875,0.36363636363636365,2.303977498486638,86.79
progress,exploration,11a591f7a2129484d555caf115fcdbf1a709a0c9,197,2420736,12288,False,4.858246796298772,0.7189280479215086,5.59511225996539,2196.2025834448605,798.3759461515583,798.3759461515583,51531364,5702089216,11127.0,89.0,11127.0,83.4489247311828,0.6157938586547971,-0.015964070102199912,2.531143419444561,0.012106122449040413,0.1547851711511612,48.0,8.0,0.523410439491272,0.6344189047813416,0.459769070148468,0.6034530997276306,0.00038443359375000017,0.5660818815231323,2203,4.858246796298772,0.7189280479215086,1.0736669301986694,0.17750000953674316,0.4000000059604645,0.0,2.0,0.16666666666666666,3.3437900215759875,85.3
progress,exploration,11a591f7a2129484d555caf115fcdbf1a709a0c9,198,2433024,12288,False,5.05884680012241,0.7189844227395952,5.7988551440648735,2119.038964540572,804.1748012956232,804.1748012956232,51531364,5702089216,11127.0,80.0,11127.0,83.3898531375167,0.7110200170427561,-0.014916692678525578,2.513106793165207,0.015580503270030022,0.1937662810087204,436.0,11.0,0.524034321308136,0.633611261844635,0.45688381791114807,0.6039202809333801,0.00011390625000000006,0.5648115873336792,2126,5.05884680012241,0.7189844227395952,0.9980713725090027,0.16060607135295868,0.5,0.0,19.31818199157715,0.02522935779816514,1.399458608701825,88.0
progress,exploration,11a591f7a2129484d555caf115fcdbf1a709a0c9,199,2445312,12288,False,3.693006925750524,0.7153687900863588,4.428812630940229,2774.5585609457767,808.6036139265634,808.6036139265634,51531364,5702089216,11127.0,99.0,11127.0,83.40106241699867,0.26765789109049365,-0.0094921704439912,2.5063581243157387,0.013217931613326073,0.1396484375,18.0,6.0,0.4638671875,0.6326675415039062,0.4536066949367523,0.6011404991149902,0.0002562890625000001,0.5625624060630798,2787,3.693006925750524,0.7153687900863588,1.3571215867996216,0.28205129504203796,0.46153849363327026,0.0,0.9230769872665405,0.3333333333333333,2.0403200504928827,86.02
progress,exploration,11a591f7a2129484d555caf115fcdbf1a709a0c9,200,2457600,12288,False,4.511575171723962,0.7155706943012774,5.252872609999031,2339.2914529488785,813.8564865365624,813.8564865365624,51531364,5702089216,11127.0,95.0,11127.0,83.41424802110818,0.6019049757160246,-0.010480551281943917,2.4918210804462433,0.016297509893774986,0.2056681364774704,32.0,4.0,0.510118305683136,0.6310853958129883,0.45193156599998474,0.5988147258758545,3.3750000000000014e-05,0.5606246590614319,2350,4.511575171723962,0.7155706943012774,0.749801754951477,0.10784313827753067,0.23529411852359772,0.0,1.6470588445663452,0.125,2.597400907129049,85.12
progress,exploration,11a591f7a2129484d555caf115fcdbf1a709a0c9,201,2469888,12288,False,5.079422395210713,0.7186836791224778,5.815844409167767,2112.8488204790856,819.6723309457302,819.6723309457302,51531364,5702089216,11127.0,88.0,11127.0,83.33115183246073,0.43386368406936526,-0.014478415920166299,2.494732618331909,0.012311510741710663,0.1542154997587204,50.0,9.0,0.5244140625,0.6316518783569336,0.45424380898475647,0.6002310514450073,0.0002562890625000001,0.5621166229248047,2119,5.079422395210713,0.7186836791224778,0.9921606779098511,0.1772727370262146,0.40909093618392944,0.0,1.8636363744735718,0.18,3.6923102524876596,83.12
progress,exploration,11a591f7a2129484d555caf115fcdbf1a709a0c9,202,2482176,12288,False,4.5467006913386285,0.733213294763118,5.305148486979306,2316.2405407047627,824.9774794327095,824.9774794327095,51531364,5702089216,11127.0,89.0,11127.0,83.30429128738622,0.47687769401818514,-0.016032278770580888,2.4964206367731094,0.015933316200971603,0.184326171875,419.0,4.0,0.4925402104854584,0.6299052238464355,0.4527660012245178,0.6034806370735168,0.0002562890625000001,0.5620579123497009,2327,4.5467006913386285,0.733213294763118,0.6912115216255188,0.0833333358168602,0.2222222238779068,0.0,23.05555534362793,0.00954653937947494,1.3676888326834886,88.0
progress,exploration,11a591f7a2129484d555caf115fcdbf1a709a0c9,203,2494464,12288,False,3.9178109322674572,0.7158717168495059,4.663025145884603,2635.1991712600757,829.6405045785941,829.6405045785941,51531364,5702089216,11127.0,99.0,11127.0,83.31824062095731,0.323015263536945,-0.006648153270361945,2.494108386337757,0.014781840145587921,0.1669108271598816,21.0,5.0,0.5006781816482544,0.6291158199310303,0.45082011818885803,0.6042837500572205,2.2500000000000008e-05,0.5614159107208252,2651,3.9178109322674572,0.7158717168495059,1.5696207284927368,0.2857142984867096,0.3571428656578064,0.0,1.1428571939468384,0.23809523809523808,1.9947341627907007,86.4
progress,exploration,11a591f7a2129484d555caf115fcdbf1a709a0c9,204,2506752,12288,False,4.86745463591069,0.7206442253664136,5.609538758173585,2190.554434104821,835.2500433367677,835.2500433367677,51531364,5702089216,11127.0,89.0,11127.0,83.33119383825417,0.35680080484598875,-0.014948169606213924,2.489281803369522,0.00970786064863205,0.1257731169462204,45.0,5.0,0.5271539092063904,0.625959575176239,0.45133841037750244,0.6017553210258484,0.0002562890625000001,0.5597342252731323,2198,4.86745463591069,0.7206442253664136,0.7194275856018066,0.09583333879709244,0.25,0.0,2.0,0.1111111111111111,2.651587614417076,85.15
progress,exploration,11a591f7a2129484d555caf115fcdbf1a709a0c9,205,2519040,12288,False,5.0736099779605865,0.7211957168765366,5.828811934217811,2108.1483051226583,841.0788552709855,841.0788552709855,51531364,5702089216,11127.0,74.0,11127.0,83.26275510204081,0.5578892175108194,-0.013835074227245059,2.4896140173077583,0.014134817756712437,0.1751912534236908,56.0,7.0,0.5226237773895264,0.6279652714729309,0.45237526297569275,0.6025474071502686,0.0002562890625000001,0.5609775185585022,2120,5.0736099779605865,0.7211957168765366,1.0834362506866455,0.16287879645824432,0.3181818127632141,0.0,2.2272727489471436,0.125,3.1801756818220017,84.82
progress,exploration,11a591f7a2129484d555caf115fcdbf1a709a0c9,206,2531328,12288,False,4.266663438174874,0.7326165330596268,5.035589715000242,2440.23057783996,846.1144449859858,846.1144449859858,51531364,5702089216,11127.0,90.0,11127.0,83.24588086185044,0.4834721335209906,-0.010989853926730575,2.4885543808341026,0.012169965542852879,0.1409098356962204,404.0,6.0,0.470811665058136,0.6267071962356567,0.45287659764289856,0.5970105528831482,0.0002562890625000001,0.5589384436607361,2457,4.266663438174874,0.7326165330596268,0.8368120789527893,0.15702173113822937,0.3529411852359772,0.0,23.47058868408203,0.01485148514851485,1.4094576901011169,87.31
progress,exploration,11a591f7a2129484d555caf115fcdbf1a709a0c9,207,2543616,12288,False,4.395725104026496,0.717671241145581,5.13449242291972,2393.2258513320485,851.2489374089055,851.2489374089055,51531364,5702089216,11127.0,89.0,11127.0,83.1750629722922,0.4629159295000136,-0.008243077085353434,2.479244366288185,0.01085163839161396,0.1269734799861908,26.0,9.0,0.5082194209098816,0.6261900067329407,0.45242854952812195,0.5952625870704651,7.593750000000004e-05,0.557995617389679,2403,4.395725104026496,0.717671241145581,1.7311631441116333,0.38235294818878174,0.529411792755127,0.0,1.0,0.34615384615384615,2.652269035484642,85.28
progress,exploration,11a591f7a2129484d555caf115fcdbf1a709a0c9,208,2555904,12288,False,5.006148810032755,0.7171909268945456,5.74508062703535,2138.873376672002,856.9940180359408,856.9940180359408,51531364,5702089216,11127.0,91.0,11127.0,83.14267834793492,0.7798527348786592,-0.011865652864798903,2.468466028571129,0.013730097562074661,0.1631673276424408,51.0,10.0,0.5240614414215088,0.6241942644119263,0.44978398084640503,0.5934728384017944,7.593750000000004e-05,0.5558425188064575,2146,5.006148810032755,0.7171909268945456,1.1180437803268433,0.1746031790971756,0.4761904776096344,0.0,1.9523810148239136,0.19607843137254902,3.9180677880346777,82.93
progress,exploration,11a591f7a2129484d555caf115fcdbf1a709a0c9,209,2568192,12288,False,5.238236835226417,0.7226192820817232,5.984767371788621,2053.212637457549,862.9787854077294,862.9787854077294,51531364,5702089216,11127.0,91.0,11127.0,83.06832298136646,0.9944201549515128,-0.015346050466177985,2.45948925614357,0.011464077979326248,0.1425984799861908,423.0,14.0,0.5336100459098816,0.6215445399284363,0.4483624994754791,0.5890035033226013,0.0002562890625000001,0.5530820488929749,2061,5.238236835226417,0.7226192820817232,0.942497193813324,0.15645408630371094,0.6086956858634949,0.0,17.826087951660156,0.03309692671394799,1.580380481481552,87.69
progress,exploration,11a591f7a2129484d555caf115fcdbf1a709a0c9,210,2580480,12288,False,4.300151496194303,0.72113973274827,5.039974717888981,2438.107468353907,868.0187601256184,868.0187601256184,51531364,5702089216,11127.0,88.0,11127.0,83.0358024691358,0.3210264708613977,-0.008758665848290548,2.4509860277175903,0.01310561504215002,0.1595255732536316,30.0,8.0,0.470811665058136,0.6234006881713867,0.4489918649196625,0.5886799693107605,0.0002562890625000001,0.553715169429779,2447,4.300151496194303,0.72113973274827,1.1173194646835327,0.24074074625968933,0.4444444477558136,0.0,1.2222222089767456,0.26666666666666666,2.4041738507896664,85.85
progress,exploration,11a591f7a2129484d555caf115fcdbf1a709a0c9,211,2592768,12288,False,4.490039682947099,0.724518118891865,5.232031305320561,2348.6098004620267,873.250791430939,873.250791430939,51531364,5702089216,11127.0,52.0,11127.0,82.94103194103194,0.6465520365163684,-0.014208402841177303,2.4572126120328903,0.013172647915780544,0.1693115234375,35.0,9.0,0.5160319209098816,0.625698983669281,0.4483218789100647,0.5897493362426758,0.00017085937500000009,0.5546279549598694,2356,4.490039682947099,0.724518118891865,1.120544672012329,0.21875,0.5625,0.0,1.625,0.2571428571428571,3.344013290926814,83.38
progress,exploration,11a591f7a2129484d555caf115fcdbf1a709a0c9,212,2605056,12288,False,4.87397926626727,0.7143150400370359,5.62443472398445,2184.7528868278805,878.8752261549234,878.8752261549234,51531364,5702089216,11127.0,91.0,11127.0,82.8219512195122,0.4632710120640695,-0.014263341887271963,2.450550578534603,0.013898083940148354,0.1744588166475296,54.0,9.0,0.5429145097732544,0.6250016689300537,0.4475797712802887,0.5849231481552124,0.00011390625000000006,0.5525130033493042,2198,4.87397926626727,0.7143150400370359,0.9930633902549744,0.16491228342056274,0.4736842215061188,0.0,2.3684210777282715,0.16666666666666666,4.08947853192687,82.21
progress,exploration,11a591f7a2129484d555caf115fcdbf1a709a0c9,213,2617344,12288,False,4.854967951774597,0.737540980335325,5.615325937047601,2188.2968393568844,884.490552091971,884.490552091971,51531364,5702089216,11127.0,79.0,11127.0,82.74909090909091,0.9908092673867941,-0.014065079798456281,2.4462378844618797,0.010859468951821327,0.1352132260799408,406.0,9.0,0.5119900703430176,0.6235162019729614,0.44625985622406006,0.5845617651939392,0.0002562890625000001,0.5515556335449219,2197,4.854967951774597,0.737540980335325,1.0248291492462158,0.15416668355464935,0.45000001788139343,0.0,19.850000381469727,0.022167487684729065,1.4183759661018849,87.09
progress,exploration,11a591f7a2129484d555caf115fcdbf1a709a0c9,214,2629632,12288,False,4.561917261220515,0.7219289527274668,5.306576767005026,2315.61711806446,889.7971288589761,889.7971288589761,51531364,5702089216,11127.0,52.0,11127.0,82.73734939759036,0.27894845325499773,-0.010003445786423981,2.432278983294964,0.013619864359498024,0.1418863981962204,32.0,7.0,0.4955783784389496,0.6217894554138184,0.44435417652130127,0.5827202796936035,0.00017085937500000009,0.5496206283569336,2325,4.561917261220515,0.7219289527274668,1.2374345064163208,0.2280701845884323,0.3684210479259491,0.0,1.3157894611358643,0.21875,2.3843853698670863,84.86
progress,exploration,11a591f7a2129484d555caf115fcdbf1a709a0c9,215,2641920,12288,False,5.085263294167817,0.7238388727419078,5.829579882789403,2107.8705922321624,895.6267087417655,895.6267087417655,51531364,5702089216,11127.0,88.0,11127.0,82.71052631578948,0.7344891340471804,-0.01170134954736568,2.4324456453323364,0.0145892184227705,0.16748046875,45.0,10.0,0.5240885615348816,0.6217854022979736,0.44442108273506165,0.582972526550293,5.0625000000000024e-05,0.5497628450393677,2115,5.085263294167817,0.7238388727419078,1.4962505102157593,0.2888889014720917,0.4761904776096344,0.0,1.7142857313156128,0.2222222222222222,3.8940891748666764,82.75
progress,exploration,11a591f7a2129484d555caf115fcdbf1a709a0c9,216,2654208,12288,False,4.958424941170961,0.721495590172708,5.704666864126921,2154.0258691128033,901.3313756058924,901.3313756058924,51531364,5702089216,11127.0,78.0,11127.0,82.67776456599286,0.5643913163803518,-0.01261107760365121,2.4240977242588997,0.011313733644783497,0.1381022185087204,64.0,9.0,0.5274251699447632,0.6199981570243835,0.4400039613246918,0.5849831700325012,0.00038443359375000017,0.5483617782592773,2163,4.958424941170961,0.721495590172708,0.8952528238296509,0.1366666704416275,0.45000001788139343,0.0,2.75,0.140625,3.5702204494178296,83.48
progress,exploration,11a591f7a2129484d555caf115fcdbf1a709a0c9,217,2666496,12288,False,4.599736623000354,0.743307997006923,5.361120643094182,2292.0581009174894,906.6924962489866,906.6924962489866,51531364,5702089216,11127.0,88.0,11127.0,82.60992907801419,0.5116640592459589,-0.010338086971387384,2.425098769366741,0.01546359620988369,0.1775309294462204,389.0,5.0,0.4770236909389496,0.6181013584136963,0.44188493490219116,0.586921215057373,7.593750000000004e-05,0.5489706993103027,2299,4.599736623000354,0.743307997006923,0.796501874923706,0.1315789520740509,0.2631579041481018,0.0,20.210525512695312,0.012853470437017995,1.8682278908044099,87.12
progress,exploration,11a591f7a2129484d555caf115fcdbf1a709a0c9,218,2678784,12288,False,4.5727200149558485,0.7206922876648605,5.314062608871609,2312.355142275834,912.0065588578582,912.0065588578582,51531364,5702089216,11127.0,99.0,11127.0,82.55229142185664,0.944068755954504,-0.009530714320135303,2.4235916286706924,0.016132468357682228,0.1790364682674408,35.0,11.0,0.5102810859680176,0.617480456829071,0.44109097123146057,0.5863455533981323,1e-05,0.5483086109161377,2321,4.5727200149558485,0.7206922876648605,1.327758550643921,0.24537038803100586,0.6111111044883728,0.0,1.3333333730697632,0.3142857142857143,3.2700719637423754,83.75
progress,exploration,11a591f7a2129484d555caf115fcdbf1a709a0c9,219,2691072,12288,False,5.198328173253685,0.7265332168899477,5.9440517839975655,2067.2767409398184,917.9506106418557,917.9506106418557,51531364,5702089216,11127.0,89.0,11127.0,82.56476079346558,0.7395895924419165,-0.011571018476388417,2.4230222925543785,0.008324412629008293,0.1062215194106102,64.0,15.0,0.5356717109680176,0.618765115737915,0.44062358140945435,0.5855054259300232,0.0002562890625000001,0.5483276844024658,2073,5.198328173253685,0.7265332168899477,1.0726046562194824,0.21439394354820251,0.6818181872367859,0.0,2.2272727489471436,0.234375,4.563275913242251,80.93
progress,exploration,11a591f7a2129484d555caf115fcdbf1a709a0c9,220,2703360,12288,False,5.180669981054962,0.7238750378601253,5.926062410697341,2073.5522423487314,923.8766730525531,923.8766730525531,51531364,5702089216,11127.0,78.0,11127.0,82.54988399071925,0.7458124160766602,-0.013221129269368248,2.4119409322738647,0.013600826263427734,0.1688029170036316,394.0,7.0,0.5288357734680176,0.6144139766693115,0.43727102875709534,0.5798971056938171,0.00038443359375000017,0.5439980626106262,2081,5.180669981054962,0.7238750378601253,0.8111239671707153,0.10998296737670898,0.3181818127632141,0.0,17.636363983154297,0.017766497461928935,1.2470007787831128,88.0
progress,exploration,11a591f7a2129484d555caf115fcdbf1a709a0c9,221,2715648,12288,False,4.3502070917747915,0.7239471273496747,5.100719626061618,2409.071837082691,928.9773926786147,928.9773926786147,51531364,5702089216,11127.0,96.0,11127.0,82.52364475201846,0.5341586796566844,-0.007043963094474748,2.3962066024541855,0.011039771139621735,0.12261962890625,39.0,10.0,0.4778375029563904,0.6155753135681152,0.43576914072036743,0.5791698694229126,0.0002562890625000001,0.5435354709625244,2421,4.3502070917747915,0.7239471273496747,1.067644476890564,0.1796296387910843,0.5555555820465088,0.0,1.6666666269302368,0.2564102564102564,2.459718128405511,85.63
progress,exploration,11a591f7a2129484d555caf115fcdbf1a709a0c9,222,2727936,12288,False,4.513535681180656,0.7199856019578874,5.2578786802478135,2337.064193999403,934.2352713588625,934.2352713588625,51531364,5702089216,11127.0,58.0,11127.0,82.48509174311927,0.643657105974853,-0.01112408802146092,2.394345872104168,0.019681856036186218,0.22021484375,41.0,8.0,0.5189344882965088,0.6163048148155212,0.43668484687805176,0.5768603086471558,1e-05,0.5432864427566528,2347,4.513535681180656,0.7199856019578874,1.2340571880340576,0.19607843458652496,0.47058823704719543,0.0,1.9411765336990356,0.1951219512195122,3.6517738548852505,83.79
progress,exploration,11a591f7a2129484d555caf115fcdbf1a709a0c9,223,2740224,12288,False,5.191297658719122,0.7196724102832377,5.929980840999633,2072.1820743570192,940.1652521998622,940.1652521998622,51531364,5702089216,11127.0,90.0,11127.0,82.47152619589977,0.7047969084233046,-0.012523463534307666,2.388322338461876,0.01205362193286419,0.1525472104549408,66.0,12.0,0.5407173037528992,0.6160745024681091,0.43394339084625244,0.5723727941513062,0.0002562890625000001,0.5409072041511536,2078,5.191297658719122,0.7196724102832377,1.115552306175232,0.19927537441253662,0.52173912525177,0.0,2.3478262424468994,0.18181818181818182,3.7702790055423976,84.69
progress,exploration,11a591f7a2129484d555caf115fcdbf1a709a0c9,224,2752512,12288,False,4.852371776942164,0.7325908741913736,5.603428292088211,2192.9432053855503,945.7686804919504,945.7686804919504,51531364,5702089216,11127.0,90.0,11127.0,82.44960362400906,0.7836441081017256,-0.01320599096652586,2.3745054453611374,0.015501639805734158,0.1760254055261612,386.0,9.0,0.5099012851715088,0.6169033050537109,0.43096813559532166,0.5731322765350342,0.00017085937500000009,0.5403291583061218,2200,4.852371776942164,0.7325908741913736,0.986839771270752,0.15887446701526642,0.4285714328289032,0.0,17.952381134033203,0.023316062176165803,1.4348588917776943,87.83
progress,exploration,11a591f7a2129484d555caf115fcdbf1a709a0c9,225,2764800,12288,False,4.347800271585584,0.7226240411400795,5.088905005715787,2414.6648416895755,950.8575854976662,950.8575854976662,51531364,5702089216,11127.0,90.0,11127.0,82.49887387387388,0.7775924848392606,-0.007709546272053558,2.376111663877964,0.018360842019319534,0.1999918669462204,40.0,11.0,0.5054253935813904,0.6161099672317505,0.43118199706077576,0.573991596698761,1e-05,0.5404296517372131,2423,4.347800271585584,0.7226240411400795,1.1497116088867188,0.21296297013759613,0.6111111044883728,0.0,1.6111111640930176,0.275,2.875275230780244,85.44
progress,exploration,11a591f7a2129484d555caf115fcdbf1a709a0c9,226,2777088,12288,False,4.999288774095476,0.7235761568881571,5.742728780955076,2139.7493193046766,956.6003142786212,956.6003142786212,51531364,5702089216,11127.0,59.0,11127.0,82.50391937290034,0.9207662083208561,-0.011829465474875178,2.3777043521404266,0.008929422125220299,0.1160278469324112,56.0,16.0,0.530137836933136,0.6159672141075134,0.43254417181015015,0.5734356045722961,0.0002562890625000001,0.5406584143638611,2147,4.999288774095476,0.7235761568881571,1.8099849224090576,0.3849206268787384,0.761904776096344,0.0,1.9047619104385376,0.2857142857142857,4.792883785739541,81.84
progress,exploration,11a591f7a2129484d555caf115fcdbf1a709a0c9,227,2789376,12288,False,5.362753500696272,0.7265374399721622,6.107248966116458,2012.035217194334,962.7075632447377,962.7075632447377,51531364,5702089216,11127.0,88.0,11127.0,82.43604004449388,1.0984528940171003,-0.009404751916008536,2.377094730734825,0.013859410770237446,0.16290283203125,67.0,13.0,0.536105751991272,0.6160542964935303,0.43259063363075256,0.5721957683563232,5.0625000000000024e-05,0.5402951240539551,2017,5.362753500696272,0.7265374399721622,1.1614820957183838,0.1944444626569748,0.5416666865348816,0.0,2.25,0.19402985074626866,4.352296871840954,83.07
progress,exploration,11a591f7a2129484d555caf115fcdbf1a709a0c9,228,2801664,12288,False,4.516044226009399,0.7351306239143014,5.311105750035495,2313.6425027722107,968.0186689947732,968.0186689947732,51531364,5702089216,11127.0,89.0,11127.0,82.46128318584071,0.6868894724175334,-0.012490878580138087,2.3665824458003044,0.013316415250301361,0.1534627377986908,375.0,13.0,0.4954969882965088,0.6134935617446899,0.42917725443840027,0.5699516534805298,0.00011390625000000006,0.537578821182251,2340,4.516044226009399,0.7351306239143014,1.4070535898208618,0.2645363509654999,0.6842105388641357,0.0,19.052631378173828,0.034666666666666665,2.1495162777602674,85.75
progress,exploration,11a591f7a2129484d555caf115fcdbf1a709a0c9,229,2813952,12288,False,4.6039847219362855,0.7197500797919929,5.346995944157243,2298.112833511182,973.3656649389304,973.3656649389304,51531364,5702089216,11127.0,65.0,11127.0,82.38503850385038,0.9006421891972423,-0.011654079891741276,2.360983297228813,0.014910073950886726,0.1759846806526184,40.0,9.0,0.5173611640930176,0.6121007800102234,0.430097758769989,0.5708683133125305,3.3750000000000014e-05,0.5376936793327332,2308,4.6039847219362855,0.7197500797919929,1.2314138412475586,0.2210526168346405,0.4736842215061188,0.0,1.6315789222717285,0.225,3.5644179809093477,83.49
progress,exploration,11a591f7a2129484d555caf115fcdbf1a709a0c9,230,2826240,12288,False,5.1392936781048775,0.7200297131203115,5.8768903417512774,2090.9016989311817,979.2425552806817,979.2425552806817,51531364,5702089216,11127.0,88.0,11127.0,82.30382513661202,1.2397867105901241,-0.014215249917469919,2.361261673271656,0.010315373539924622,0.1363728940486908,72.0,19.0,0.537462055683136,0.6092281341552734,0.42938700318336487,0.5718329548835754,0.0002562890625000001,0.5368505716323853,2097,5.1392936781048775,0.7200297131203115,1.4924719333648682,0.29545456171035767,0.8636363744735718,0.0,2.409090995788574,0.2638888888888889,4.8095804113894705,80.8
progress,exploration,11a591f7a2129484d555caf115fcdbf1a709a0c9,231,2838528,12288,False,5.392637418117374,0.7187033509835601,6.130332740023732,2004.458896623029,985.3728880207054,985.3728880207054,51531364,5702089216,11127.0,90.0,11127.0,82.26847826086957,1.120970853138715,-0.014839540650427807,2.3509154468774796,0.015711680054664612,0.19061279296875,381.0,17.0,0.5416666865348816,0.6088173985481262,0.42738983035087585,0.5692090392112732,7.593750000000004e-05,0.5351480841636658,2010,5.392637418117374,0.7187033509835601,1.3435925245285034,0.22881945967674255,0.7083333730697632,0.0,15.166666984558105,0.04461942257217848,1.4078643897175789,88.0
progress,exploration,11a591f7a2129484d555caf115fcdbf1a709a0c9,232,2850816,12288,False,4.456126736011356,0.7181872832588851,5.1928912051953375,2366.311851037089,990.5657792259008,990.5657792259008,51531364,5702089216,11127.0,71.0,11127.0,82.23135135135135,0.5647838597651571,-0.013009751055506058,2.336839236319065,0.013166765682399273,0.1465861052274704,42.0,12.0,0.4853515625,0.6061249375343323,0.4248925447463989,0.5613614916801453,0.00017085937500000009,0.5308508276939392,2374,4.456126736011356,0.7181872832588851,1.5009629726409912,0.30000001192092896,0.6315789222717285,0.0,1.5789474248886108,0.2857142857142857,2.851598646454513,85.68
progress,exploration,11a591f7a2129484d555caf115fcdbf1a709a0c9,233,2863104,12288,False,5.122485932894051,0.7212794083170593,5.876001600641757,2091.2179463426196,996.4417808265425,996.4417808265425,51531364,5702089216,11127.0,88.0,11127.0,82.15574650912997,0.9751939726993442,-0.015611910021107178,2.321941561996937,0.01495409943163395,0.1825968474149704,50.0,13.0,0.5221083164215088,0.6053781509399414,0.4251748323440552,0.5603745579719543,0.00011390625000000006,0.5303517580032349,2102,5.122485932894051,0.7212794083170593,1.46151602268219,0.3022727370262146,0.5909091234207153,0.0,1.6818182468414307,0.26,4.417586628682911,82.66
progress,exploration,11a591f7a2129484d555caf115fcdbf1a709a0c9,234,2875392,12288,False,5.2903232192620635,0.7200417509302497,6.0581204034388065,2028.3518949251802,1002.4999012299813,1002.4999012299813,51531364,5702089216,11127.0,78.0,11127.0,82.14209401709402,0.967323049902916,-0.015271830730171132,2.317929722368717,0.01460876502096653,0.1831868588924408,76.0,16.0,0.533908486366272,0.6099708676338196,0.4227635860443115,0.5574013590812683,5.0625000000000024e-05,0.5300415754318237,2044,5.2903232192620635,0.7200417509302497,1.1882364749908447,0.18115943670272827,0.695652186870575,0.0,2.6086957454681396,0.21052631578947367,4.583674709275365,82.64
progress,exploration,11a591f7a2129484d555caf115fcdbf1a709a0c9,235,2887680,12288,False,5.0624280399642885,0.7337912530638278,5.853009094949812,2099.4329242718127,1008.3529103249311,1008.3529103249311,51531364,5702089216,11127.0,90.0,11127.0,82.13057324840764,1.0842148941010237,-0.014260098250815645,2.3200603425502777,0.010294332168996334,0.12890625,371.0,14.0,0.5118001699447632,0.6128813028335571,0.4233562648296356,0.5558035969734192,0.00038443359375000017,0.5306761264801025,2120,5.0624280399642885,0.7337912530638278,1.1023807525634766,0.18073594570159912,0.6363636255264282,0.0,16.272727966308594,0.03773584905660377,2.1535473396629095,86.29
progress,exploration,11a591f7a2129484d555caf115fcdbf1a709a0c9,236,2899968,12288,False,4.784633204806596,0.7196415173821151,5.532311476767063,2221.1330745934038,1013.8852218016982,1013.8852218016982,51531364,5702089216,11127.0,100.0,11127.0,82.09714889123548,0.5700188046321273,-0.011354515449056635,2.3244743943214417,0.013499545864760876,0.1583658903837204,39.0,11.0,0.5056966543197632,0.6135903596878052,0.42338827252388,0.558272659778595,0.0002562890625000001,0.531810462474823,2232,4.784633204806596,0.7196415173821151,1.6064566373825073,0.3095238208770752,0.523809552192688,0.0,1.3809523582458496,0.28205128205128205,3.8505134864896537,84.21
progress,exploration,11a591f7a2129484d555caf115fcdbf1a709a0c9,237,2912256,12288,False,4.842628674581647,0.7224199180491269,5.585216028150171,2200.093951257566,1019.4704378298484,1019.4704378298484,51531364,5702089216,11127.0,79.0,11127.0,82.07457983193277,0.8814286449924111,-0.013363455320359208,2.326768569648266,0.014285746961832047,0.1723429560661316,57.0,9.0,0.536241352558136,0.6122744679450989,0.42350780963897705,0.5597883462905884,0.00017085937500000009,0.5318875908851624,2208,4.842628674581647,0.7224199180491269,0.9320690631866455,0.13245615363121033,0.4736842215061188,0.0,2.5789473056793213,0.15789473684210525,4.147537084948271,83.9
progress,exploration,11a591f7a2129484d555caf115fcdbf1a709a0c9,238,2924544,12288,False,5.3871481767855585,0.7215952640399337,6.131613141857088,2004.0403260467801,1025.6020509717055,1025.6020509717055,51531364,5702089216,11127.0,88.0,11127.0,82.0125260960334,1.0286949779838324,-0.014087956496041443,2.3259606659412384,0.013767119497060776,0.171875,85.0,15.0,0.548556923866272,0.6150784492492676,0.4212037920951843,0.5588544011116028,0.0002562890625000001,0.5317449569702148,2011,5.3871481767855585,0.7215952640399337,1.0458388328552246,0.14722222089767456,0.625,0.0,2.9583334922790527,0.17647058823529413,4.018771355897188,84.18
progress,exploration,11a591f7a2129484d555caf115fcdbf1a709a0c9,239,2936832,12288,False,4.830239514820278,0.7313609570264816,5.63442656584084,2180.878543079606,1031.2364775375463,1031.2364775375463,51531364,5702089216,11127.0,99.0,11127.0,82.04776739356178,0.9758212212473154,-0.005953918342129327,2.325142204761505,0.020370561629533768,0.2109578549861908,354.0,13.0,0.501193642616272,0.6163749694824219,0.4207953214645386,0.5588783025741577,1e-05,0.5320159196853638,2209,4.830239514820278,0.7313609570264816,1.0710055828094482,0.17199546098709106,0.6190476417541504,0.0,16.238096237182617,0.03672316384180791,2.279889411702752,85.69
progress,exploration,11a591f7a2129484d555caf115fcdbf1a709a0c9,240,2949120,12288,False,4.832355156075209,0.720825603697449,5.601592142134905,2193.6620318302466,1036.8380696796812,1036.8380696796812,51531364,5702089216,11127.0,89.0,11127.0,82.05056759545924,0.8164361184462905,-0.014481397025519982,2.3290449753403664,0.01235748827457428,0.1492716521024704,42.0,10.0,0.520751953125,0.6167299151420593,0.4218875765800476,0.5603506565093994,0.00017085937500000009,0.5329918265342712,2212,4.832355156075209,0.720825603697449,1.3245434761047363,0.22500000894069672,0.5,0.0,1.600000023841858,0.23809523809523808,3.789598539918661,83.04
progress,exploration,11a591f7a2129484d555caf115fcdbf1a709a0c9,241,2961408,12288,False,5.416383020114154,0.7191162747330964,6.162352355197072,1994.0437176781707,1043.0004220348783,1043.0004220348783,51531364,5702089216,11127.0,90.0,11127.0,82.01846153846154,1.3462473237887025,-0.012091723227058537,2.329840935766697,0.014407255686819553,0.1742960512638092,85.0,18.0,0.5409071445465088,0.6160566806793213,0.42173078656196594,0.5600972771644592,5.0625000000000024e-05,0.5326321721076965,2002,5.416383020114154,0.7191162747330964,1.3277242183685303,0.23750001192092896,0.75,0.0,2.7916667461395264,0.21176470588235294,4.7797773363441225,81.09
progress,exploration,11a591f7a2129484d555caf115fcdbf1a709a0c9,242,2973696,12288,False,5.435717557091266,0.7203323799185455,6.190473366994411,1984.9855207383036,1049.1908954018727,1049.1908954018727,51531364,5702089216,11127.0,71.0,11127.0,81.99183673469388,1.2916051521897316,-0.01447032776195556,2.3250790163874626,0.012343511916697025,0.1565551906824112,360.0,19.0,0.5478516221046448,0.6129164099693298,0.4209059178829193,0.5566555857658386,0.0002562890625000001,0.5302960276603699,1996,5.435717557091266,0.7203323799185455,1.2395148277282715,0.20709708333015442,0.7916666865348816,0.0,14.208333969116211,0.05277777777777778,1.4808416293654592,87.76
progress,exploration,11a591f7a2129484d555caf115fcdbf1a709a0c9,243,2985984,12288,False,4.613880960736424,0.7193594318814576,5.355066638905555,2294.649315981503,1054.5459620407782,1054.5459620407782,51531364,5702089216,11127.0,52.0,11127.0,81.95228426395938,0.6084426413290203,-0.008771977038122714,2.311891697347164,0.01509880367666483,0.1648763120174408,47.0,11.0,0.4934625029563904,0.6119387149810791,0.42162591218948364,0.5540717840194702,5.0625000000000024e-05,0.5292190909385681,2304,4.613880960736424,0.7193594318814576,1.5265798568725586,0.2849999964237213,0.550000011920929,0.0,1.8000000715255737,0.23404255319148937,3.026022665509954,85.5
progress,exploration,11a591f7a2129484d555caf115fcdbf1a709a0c9,244,2998272,12288,False,4.9484734809957445,0.7243963498622179,5.689693631138653,2159.6944926436854,1060.235655671917,1060.235655671917,51531364,5702089216,11127.0,88.0,11127.0,81.87991927346116,0.8164155343547463,-0.01713125243804825,2.3128817453980446,0.013879667967557907,0.1674804985523224,57.0,11.0,0.5336371660232544,0.6119046211242676,0.42095550894737244,0.555500864982605,0.0002562890625000001,0.5294715762138367,2166,4.9484734809957445,0.7243963498622179,1.2334355115890503,0.20714285969734192,0.550000011920929,0.0,2.299999952316284,0.19298245614035087,4.355592730445787,83.18
progress,exploration,11a591f7a2129484d555caf115fcdbf1a709a0c9,245,3010560,12288,False,5.43338051205501,0.7200632430613041,6.1703498787246644,1991.4591946186006,1066.4060055506416,1066.4060055506416,51531364,5702089216,11127.0,89.0,11127.0,81.84653961885657,1.3331027645617723,-0.008466922910884023,2.3072344213724136,0.016632050275802612,0.1883952021598816,95.0,20.0,0.5398763418197632,0.6089919209480286,0.4198448956012726,0.5555598139762878,2.2500000000000008e-05,0.5281462073326111,1996,5.43338051205501,0.7200632430613041,1.226427435874939,0.20370373129844666,0.8333333730697632,0.0,3.125,0.21052631578947367,4.352545263804496,84.05
progress,exploration,11a591f7a2129484d555caf115fcdbf1a709a0c9,246,3022848,12288,False,5.301362291909754,0.7347386819310486,6.054011933971196,2029.7284072150069,1072.4600174846128,1072.4600174846128,51531364,5702089216,11127.0,90.0,11127.0,81.82734530938124,0.7309680068865418,-0.012158803603597335,2.304159104824066,0.013189277611672878,0.1577351987361908,345.0,14.0,0.516574501991272,0.6103276014328003,0.41851961612701416,0.5553597807884216,0.00017085937500000009,0.5280619859695435,2035,5.301362291909754,0.7347386819310486,1.2461178302764893,0.21607142686843872,0.5833333730697632,0.0,13.791666984558105,0.04057971014492753,1.929475465863943,87.45
progress,exploration,11a591f7a2129484d555caf115fcdbf1a709a0c9,247,3035136,12288,False,4.75238011777401,0.7387489220127463,5.510333932936192,2229.99189333201,1077.970351417549,1077.970351417549,51531364,5702089216,11127.0,87.0,11127.0,81.78769841269842,0.8465450638905168,-0.01030029264074983,2.3027228116989136,0.012206556275486946,0.1152140349149704,42.0,12.0,0.5160590410232544,0.608981192111969,0.4184178411960602,0.5541780591011047,7.593750000000004e-05,0.5272351503372192,2237,4.75238011777401,0.7387489220127463,1.6326879262924194,0.30416667461395264,0.6000000238418579,0.0,1.5,0.2857142857142857,3.661336980164051,84.15
progress,exploration,11a591f7a2129484d555caf115fcdbf1a709a0c9,248,3047424,12288,False,5.118866541888565,0.736326068174094,5.874119081068784,2091.8881334227603,1083.8444704986177,1083.8444704986177,51531364,5702089216,11127.0,76.0,11127.0,81.74037512339585,1.1051974724978209,-0.015701116673881188,2.294286832213402,0.013176493346691132,0.1642252653837204,74.0,18.0,0.5393338203430176,0.6070526242256165,0.4173736572265625,0.5512509942054749,0.0002562890625000001,0.5252788662910461,2098,5.118866541888565,0.736326068174094,1.4814430475234985,0.28304991126060486,0.8571428656578064,0.0,2.6666667461395264,0.24324324324324326,5.0398482521250845,80.64
progress,exploration,11a591f7a2129484d555caf115fcdbf1a709a0c9,249,3059712,12288,False,5.429977924097329,0.7278208397328854,6.179554094094783,1988.4929904153573,1090.0240245927125,1090.0240245927125,51531364,5702089216,11127.0,84.0,11127.0,81.70951913640825,1.0215404639020562,-0.013989136525196955,2.2838184982538223,0.013878285884857178,0.1692708432674408,101.0,21.0,0.5389811396598816,0.6042370200157166,0.4158264398574829,0.5502890348434448,0.00038443359375000017,0.5234978795051575,1995,5.429977924097329,0.7278208397328854,1.3909777402877808,0.25095900893211365,0.875,0.0,3.3333334922790527,0.2079207920792079,4.2159932141006,84.12
progress,exploration,11a591f7a2129484d555caf115fcdbf1a709a0c9,250,3072000,12288,False,5.002454847097397,0.7397397849708796,5.760699721053243,2133.0742088659595,1095.7847243137658,1095.7847243137658,51531364,5702089216,11127.0,64.0,11127.0,81.6494140625,0.5405152272433043,-0.007317821102333255,2.2760535702109337,0.015337768942117691,0.1715291291475296,316.0,9.0,0.507568359375,0.6040685176849365,0.41466090083122253,0.5508785247802734,7.593750000000004e-05,0.5232110619544983,2139,5.002454847097397,0.7397397849708796,1.1298224925994873,0.1971445083618164,0.40909093618392944,0.0,13.954545974731445,0.028481012658227847,2.4581156750023365,86.17
progress,exploration,11a591f7a2129484d555caf115fcdbf1a709a0c9,251,3084288,12288,False,4.9558892492204905,0.7223534127697349,5.7006017728708684,2155.561901987001,1101.4853260866366,1101.4853260866366,51531364,5702089216,11127.0,88.0,11127.0,81.63883495145632,0.9099663775414228,-0.015451319923158735,2.272281050682068,0.013429628685116768,0.1645914763212204,52.0,12.0,0.535129189491272,0.6027597784996033,0.41389480233192444,0.5463110208511353,0.0002562890625000001,0.5210793018341064,2164,4.9558892492204905,0.7223534127697349,1.5924984216690063,0.3134920597076416,0.5714285969734192,0.0,1.9047619104385376,0.23076923076923078,4.1362499752640725,83.85
progress,exploration,11a591f7a2129484d555caf115fcdbf1a709a0c9,252,3096576,12288,False,5.363356383983046,0.7304105050861835,6.121328748296946,2007.4072975444624,1107.6066548349336,1107.6066548349336,51531364,5702089216,11127.0,57.0,11127.0,81.61835748792271,1.2609561854042113,-0.012086638482287526,2.253931626677513,0.01354133803397417,0.1621093899011612,99.0,21.0,0.5431044101715088,0.6000460982322693,0.412483811378479,0.5434555411338806,0.00011390625000000006,0.5186818242073059,2016,5.363356383983046,0.7304105050861835,1.2624096870422363,0.21811595559120178,0.9130434989929199,0.0,3.3913044929504395,0.21212121212121213,4.232753548882902,82.5
progress,exploration,11a591f7a2129484d555caf115fcdbf1a709a0c9,253,3108864,12288,False,5.439824300352484,0.722478742711246,6.19531880505383,1983.4330381797408,1113.8019736399874,1113.8019736399874,51531364,5702089216,11127.0,77.0,11127.0,81.58597502401537,1.3574351593852043,-0.012515160764451139,2.246908277273178,0.013722625561058521,0.1693725734949112,345.0,22.0,0.5358887314796448,0.596352219581604,0.41416552662849426,0.5410112738609314,0.00011390625000000006,0.5172069668769836,1994,5.439824300352484,0.722478742711246,1.2830696105957031,0.2378472089767456,0.9166666865348816,0.0,13.458333969116211,0.06376811594202898,1.4004015335813165,88.0
progress,exploration,11a591f7a2129484d555caf115fcdbf1a709a0c9,254,3121152,12288,False,4.59359596343711,0.7216442036442459,5.342247818596661,2300.155368536965,1119.144221458584,1119.144221458584,51531364,5702089216,11127.0,90.0,11127.0,81.59942638623328,0.9194367034360766,-0.013232649440396926,2.2422061935067177,0.012365521863102913,0.1477254331111908,43.0,14.0,0.5093316435813904,0.5953555107116699,0.4127078056335449,0.5397220849990845,0.0002562890625000001,0.5160372853279114,2311,4.59359596343711,0.7216442036442459,1.58342444896698,0.29500001668930054,0.699999988079071,0.0,1.4500000476837158,0.32558139534883723,3.389879108481109,84.68
progress,exploration,11a591f7a2129484d555caf115fcdbf1a709a0c9,255,3133440,12288,False,5.107243645004928,0.7522693718783557,5.880149540957063,2089.742771745901,1125.0243709995411,1125.0243709995411,51531364,5702089216,11127.0,86.0,11127.0,81.54942965779468,1.1670379536226392,-0.011490516742924228,2.2362137511372566,0.019600704312324524,0.2180989682674408,75.0,22.0,0.542589008808136,0.5952813029289246,0.4142898619174957,0.5379559397697449,1e-05,0.5158409476280212,2097,5.107243645004928,0.7522693718783557,1.5386991500854492,0.3200577199459076,1.0,0.0,2.409090995788574,0.29333333333333333,5.455473783090711,80.19
progress,exploration,11a591f7a2129484d555caf115fcdbf1a709a0c9,256,3145728,12288,False,5.316947842948139,0.7342045567929745,6.07194814318791,2023.7326983409516,1131.096319142729,1131.096319142729,51531364,5702089216,11127.0,88.0,11127.0,81.5406427221172,1.2517376560717821,-0.012075198974343948,2.2361055687069893,0.007150582037866116,0.092529296875,113.0,26.0,0.5423991084098816,0.5916419625282288,0.4149441719055176,0.5375138521194458,0.00017085937500000006,0.5147954225540161,2030,5.316947842948139,0.7342045567929745,1.3462789058685303,0.24275796115398407,1.0833333730697632,0.0,3.625,0.23008849557522124,4.575534491017461,82.65
progress,exploration,11a591f7a2129484d555caf115fcdbf1a709a0c9,257,3158016,12288,False,5.149950955063105,0.7364297728054225,5.907953783869743,2079.907942670345,1137.0042729265988,1137.0042729265988,51531364,5702089216,11127.0,62.0,11127.0,81.48824082784571,0.8747141044586897,-0.010539787268498912,2.2240714952349663,0.0158951785415411,0.1778564602136612,310.0,15.0,0.5285645127296448,0.5889713764190674,0.41344717144966125,0.5368833541870117,3.3750000000000014e-05,0.5131072998046875,2087,5.149950955063105,0.7364297728054225,1.1880254745483398,0.1978261023759842,0.6521739363670349,0.0,12.82608699798584,0.04838709677419355,2.1173714654892684,86.79
progress,exploration,11a591f7a2129484d555caf115fcdbf1a709a0c9,258,3170304,12288,False,4.825635715853423,0.731015217024833,5.581555102020502,2201.536986627936,1142.5858280286193,1142.5858280286193,51531364,5702089216,11127.0,47.0,11127.0,81.4934456928839,1.1685083992779255,-0.01423451755545102,2.2191303595900536,0.012427202425897121,0.1481526643037796,55.0,20.0,0.5443251132965088,0.5887159109115601,0.4114352762699127,0.5359952449798584,0.00017085937500000009,0.5120980143547058,2211,4.825635715853423,0.731015217024833,1.7815879583358765,0.3460317552089691,0.9523809552192688,0.0,1.6666667461395264,0.36363636363636365,4.8326743251085285,82.05
progress,exploration,11a591f7a2129484d555caf115fcdbf1a709a0c9,259,3182592,12288,False,5.291589999105781,0.7197448387742043,6.030996762216091,2037.474149710001,1148.6168247908354,1148.6168247908354,51531364,5702089216,11127.0,99.0,11127.0,81.47113594040968,1.2984140804037452,-0.016442058375105262,2.212171457707882,0.014850970357656479,0.1879476010799408,82.0,15.0,0.540744423866272,0.5887070298194885,0.4110223948955536,0.5338331460952759,7.593750000000004e-05,0.5111849308013916,2044,5.291589999105781,0.7197448387742043,1.1691477298736572,0.20579712092876434,0.6521739363670349,0.0,2.91304349899292,0.18292682926829268,4.192191080497578,82.69
progress,exploration,11a591f7a2129484d555caf115fcdbf1a709a0c9,260,3194880,12288,False,5.323012940119952,0.7405677838250995,6.08755974797532,2018.5428166166096,1154.7043845388107,1154.7043845388107,51531364,5702089216,11127.0,89.0,11127.0,81.41851851851852,0.8917077332735062,-0.012437689561920706,2.212119035422802,0.012551356106996536,0.1512044370174408,113.0,19.0,0.5423719882965088,0.5894011855125427,0.41193628311157227,0.5318374633789062,0.0002562890625000001,0.5110993981361389,2026,5.323012940119952,0.7405677838250995,1.0815026760101318,0.16376811265945435,0.8260869979858398,0.0,4.08695650100708,0.168141592920354,3.908814748972654,84.76
progress,exploration,11a591f7a2129484d555caf115fcdbf1a709a0c9,261,3207168,12288,False,4.860396730247885,0.7374386447481811,5.65538898576051,2172.7948388589166,1160.3597735245712,1160.3597735245712,51531364,5702089216,11127.0,86.0,11127.0,81.37695852534563,1.1421719379723072,-0.002711329114390537,2.207793526351452,0.02031046524643898,0.1934000700712204,288.0,14.0,0.5210503935813904,0.5899494886398315,0.41074472665786743,0.5316031575202942,1e-05,0.5107658505439758,2195,4.860396730247885,0.7374386447481811,1.4265186786651611,0.21922272443771362,0.6666666865348816,0.0,13.09523868560791,0.04861111111111111,3.1157534001022578,85.19
progress,exploration,11a591f7a2129484d555caf115fcdbf1a709a0c9,262,3219456,12288,False,5.202360837254673,0.7207737816497684,5.938944102264941,2069.054665005807,1166.2987176268362,1166.2987176268362,51531364,5702089216,11127.0,90.0,11127.0,81.34922089825848,0.8992051463574171,-0.013807830517180264,2.209702417254448,0.009471986442804337,0.1198933944106102,62.0,10.0,0.5470649003982544,0.5901466012001038,0.4117070138454437,0.5302680134773254,0.0002562890625000001,0.5107828974723816,2074,5.202360837254673,0.7207737816497684,1.04375159740448,0.16708074510097504,0.43478262424468994,0.0,2.3043477535247803,0.16129032258064516,4.385739265345037,82.71
progress,exploration,11a591f7a2129484d555caf115fcdbf1a709a0c9,263,3231744,12288,False,5.445669204927981,0.7308826572261751,6.19351892080158,1984.0094390814677,1172.4922365476377,1172.4922365476377,51531364,5702089216,11127.0,87.0,11127.0,81.3126709206928,1.029134839773178,-0.014297549932962283,2.202344223856926,0.014289514161646366,0.1844889372587204,112.0,17.0,0.5501844882965088,0.586559534072876,0.41120314598083496,0.5278022885322571,0.0002562890625000001,0.5086489915847778,1989,5.445669204927981,0.7308826572261751,1.0722568035125732,0.15155424177646637,0.7083333730697632,0.0,3.9583334922790527,0.15178571428571427,3.7095904375612734,84.06
progress,exploration,11a591f7a2129484d555caf115fcdbf1a709a0c9,264,3244032,12288,False,5.4476117650046945,0.7212393837980926,6.191214255988598,1984.7479818864517,1178.6834508036263,1178.6834508036263,51531364,5702089216,11127.0,90.0,11127.0,81.28377153218496,1.1369593925774097,-0.012669763459825845,2.1901318207383156,0.014881265349686146,0.1825358122587204,319.0,16.0,0.5537652373313904,0.5847092866897583,0.41060614585876465,0.5269889235496521,0.00017085937500000009,0.5074346661567688,1991,5.4476117650046945,0.7212393837980926,1.1215825080871582,0.18938493728637695,0.6666666865348816,0.0,12.625,0.050156739811912224,1.946704545309767,88.0
progress,exploration,11a591f7a2129484d555caf115fcdbf1a709a0c9,265,3256320,12288,False,4.809687993954867,0.7260844111442566,5.555567799136043,2211.8351254593513,1184.2390186027624,1184.2390186027624,51531364,5702089216,11127.0,90.0,11127.0,81.26083032490975,0.6850685426034033,-0.011958163078816142,2.1909495294094086,0.012175851501524448,0.146484375,43.0,7.0,0.519883930683136,0.5841461420059204,0.411432683467865,0.5257665514945984,0.0002562890625000001,0.5071563720703125,2219,4.809687993954867,0.7260844111442566,1.0965534448623657,0.1587301641702652,0.3333333432674408,0.0,1.7142857313156128,0.16279069767441862,2.6986976777762175,85.72
progress,exploration,11a591f7a2129484d555caf115fcdbf1a709a0c9,266,3268608,12288,False,5.415451902896166,0.7368176281452179,6.201579769141972,1981.4306124292782,1190.4405983719043,1190.4405983719043,51531364,5702089216,11127.0,89.0,11127.0,81.221723518851,1.3647993970662355,-0.01388767539174296,2.192913733422756,0.011746829375624657,0.1488240659236908,94.0,27.0,0.5478515625,0.5857812762260437,0.411369264125824,0.5273093581199646,0.00011390625000000006,0.5081747174263,1997,5.415451902896166,0.7368176281452179,1.670305609703064,0.329437255859375,1.125,0.0,2.7916667461395264,0.2872340425531915,5.181297394633293,82.59
progress,exploration,11a591f7a2129484d555caf115fcdbf1a709a0c9,267,3280896,12288,False,5.464912056922913,0.7266480210237205,6.220295364037156,1975.4688934939456,1196.6608937359415,1196.6608937359415,51531364,5702089216,11127.0,49.0,11127.0,81.16621983914209,1.0190355787053704,-0.01462649108361802,2.187625102698803,0.013721051625907421,0.17193603515625,107.0,14.0,0.5481228828430176,0.5825901627540588,0.4102751910686493,0.5250680446624756,0.00017085937500000009,0.5060308575630188,1984,5.464912056922913,0.7266480210237205,0.9997340440750122,0.1354166716337204,0.5833333730697632,0.0,3.875,0.1308411214953271,3.3831087237596513,85.79
progress,exploration,11a591f7a2129484d555caf115fcdbf1a709a0c9,268,3293184,12288,False,5.243280019145459,0.7402892736718059,6.006859508808702,2045.6612947215394,1202.6677532447502,1202.6677532447502,51531364,5702089216,11127.0,63.0,11127.0,81.12977777777778,1.2290268409997225,-0.015439174720086157,2.1723807007074356,0.015224382281303406,0.1779378354549408,292.0,19.0,0.5386285185813904,0.5772867202758789,0.4101608097553253,0.521087110042572,0.00017085937500000009,0.5029016733169556,2053,5.243280019145459,0.7402892736718059,1.4175128936767578,0.2606060802936554,0.7916666865348816,0.0,11.416666984558105,0.06506849315068493,2.5649732773471623,86.08
progress,exploration,11a591f7a2129484d555caf115fcdbf1a709a0c9,269,3305472,12288,False,4.993804480880499,0.7203652248717844,5.732815898023546,2143.4492609882045,1208.4005691427737,1208.4005691427737,51531364,5702089216,11127.0,88.0,11127.0,81.06454465075154,0.7994758430868387,-0.013361868681386113,2.1626599431037903,0.01507948525249958,0.1726277768611908,69.0,24.0,0.546251118183136,0.5781863927841187,0.40809744596481323,0.5211801528930664,0.0002562890625000001,0.5025491714477539,2150,4.993804480880499,0.7203652248717844,1.5301584005355835,0.29584982991218567,1.04347825050354,0.0,1.95652174949646,0.34782608695652173,5.607037511337548,80.94
progress,exploration,11a591f7a2129484d555caf115fcdbf1a709a0c9,270,3317760,12288,False,5.341046287212521,0.7612477322109044,6.123761596158147,2006.6097948210622,1214.524330738932,1214.524330738932,51531364,5702089216,11127.0,70.0,11127.0,81.02288732394366,1.2522585028782487,-0.012963507906533778,2.15294049680233,0.013244658708572388,0.1602783203125,90.0,19.0,0.5420736074447632,0.5761738419532776,0.4067441523075104,0.5186007618904114,7.593750000000004e-05,0.5005367398262024,2013,5.341046287212521,0.7612477322109044,1.2230085134506226,0.2177579402923584,0.7916666865348816,0.0,2.9583334922790527,0.2111111111111111,4.0252013991959394,83.83
progress,exploration,11a591f7a2129484d555caf115fcdbf1a709a0c9,271,3330048,12288,False,5.325385369826108,0.7299726000055671,6.076195645611733,2022.31802869522,1220.6005263845436,1220.6005263845436,51531364,5702089216,11127.0,53.0,11127.0,80.97635726795096,1.6077144667506218,-0.011760462308302522,2.1446404829621315,0.01388763077557087,0.1653849482536316,115.0,25.0,0.5435656309127808,0.5742153525352478,0.4054872393608093,0.5178822875022888,7.593750000000004e-05,0.4992329180240631,2029,5.325385369826108,0.7299726000055671,1.2137045860290527,0.2040509432554245,1.0416667461395264,0.0,3.75,0.21739130434782608,4.527051458917558,83.26
progress,exploration,11a591f7a2129484d555caf115fcdbf1a709a0c9,272,3342336,12288,False,5.04010805208236,0.7274829261004925,5.794532783329487,2120.619635693807,1226.3950591678731,1226.3950591678731,51531364,5702089216,11127.0,90.0,11127.0,80.91724738675958,1.1789498375728726,-0.01756928713666639,2.125855080783367,0.013615344651043415,0.1536051481962204,281.0,21.0,0.5286458730697632,0.5704477429389954,0.4018456041812897,0.5133175849914551,0.00011390625000000006,0.4952649176120758,2130,5.04010805208236,0.7274829261004925,1.3185393810272217,0.22738496959209442,0.9130434989929199,0.0,11.30434799194336,0.07473309608540925,2.736484131217003,84.98
progress,exploration,11a591f7a2129484d555caf115fcdbf1a709a0c9,273,3354624,12288,False,5.289482553023845,0.7300834166817367,6.043176922015846,2033.3675744679413,1232.438236089889,1232.438236089889,51531364,5702089216,11127.0,50.0,11127.0,80.8482220294883,1.0008668191730976,-0.016075922947493382,2.1137982979416847,0.013478144071996212,0.1639607697725296,71.0,23.0,0.551730751991272,0.5702324509620667,0.4019622802734375,0.5112223029136658,0.00011390625000000006,0.4944930672645569,2041,5.289482553023845,0.7300834166817367,1.58170485496521,0.29305553436279297,0.9583333730697632,0.0,2.0416667461395264,0.323943661971831,5.641527453623712,80.28
progress,exploration,11a591f7a2129484d555caf115fcdbf1a709a0c9,274,3366912,12288,False,5.449305711779743,0.7230367721058428,6.1913663586601615,1984.6992227833819,1238.6296024485491,1238.6296024485491,51531364,5702089216,11127.0,52.0,11127.0,80.79982743744607,1.524892395362258,-0.014795299284742214,2.1116048470139503,0.014427553862333298,0.1724446713924408,111.0,19.0,0.5476888418197632,0.5698222517967224,0.40089210867881775,0.5111052393913269,5.0625000000000024e-05,0.493956983089447,1990,5.449305711779743,0.7230367721058428,1.0629985332489014,0.13654401898384094,0.7916666865348816,0.0,3.8333334922790527,0.17117117117117117,4.213148419037461,83.34
progress,exploration,11a591f7a2129484d555caf115fcdbf1a709a0c9,275,3379200,12288,False,5.4795111967250705,0.7385108540765941,6.2443397850729525,1967.8621636468874,1244.873942233622,1244.873942233622,51531364,5702089216,11127.0,85.0,11127.0,80.76909871244635,1.4766248725354671,-0.013010354850848671,2.10570877045393,0.011289498768746853,0.1379394680261612,307.0,29.0,0.5368652939796448,0.566639244556427,0.4002566933631897,0.5101646780967712,0.0002562890625000001,0.4924435019493103,1976,5.4795111967250705,0.7385108540765941,1.3404415845870972,0.23424038290977478,1.2083333730697632,0.0,11.583333969116211,0.09446254071661238,1.6971578136086465,87.77
progress,exploration,11a591f7a2129484d555caf115fcdbf1a709a0c9,276,3391488,12288,False,4.793099971022457,0.7303851023316383,5.5401308932341635,2217.9981370127216,1250.4140731268562,1250.4140731268562,51531364,5702089216,11127.0,99.0,11127.0,80.71538461538462,0.889483860693872,-0.011468871642136946,2.0952180102467537,0.015281520783901215,0.1601155698299408,54.0,12.0,0.536973774433136,0.5646898150444031,0.39920923113822937,0.5096107125282288,7.593750000000004e-05,0.49119600653648376,2224,4.793099971022457,0.7303851023316383,1.3114200830459595,0.2171202003955841,0.5714285969734192,0.0,2.0,0.2222222222222222,3.120915246009827,85.07
progress,exploration,11a591f7a2129484d555caf115fcdbf1a709a0c9,277,3403776,12288,False,5.410537574905902,0.7193548800423741,6.158627873752266,1995.2496322063525,1256.5727010006085,1256.5727010006085,51531364,5702089216,11127.0,61.0,11127.0,80.67006802721089,0.9489774070680141,-0.012933377773151733,2.0898335725069046,0.011163514107465744,0.1361897885799408,87.0,16.0,0.547119140625,0.5640020370483398,0.39688020944595337,0.5101199746131897,7.593750000000004e-05,0.4903794527053833,2004,5.410537574905902,0.7193548800423741,1.335982084274292,0.24067460000514984,0.6666666865348816,0.0,2.9583334922790527,0.1839080459770115,4.136735204905271,83.26
progress,exploration,11a591f7a2129484d555caf115fcdbf1a709a0c9,278,3416064,12288,False,5.470180707983673,0.7310488326475024,6.2215207470580935,1975.079807587317,1262.7942217476666,1262.7942217476666,51531364,5702089216,11127.0,88.0,11127.0,80.65313028764805,0.932621038518846,-0.015231967670843005,2.080024592578411,0.01568230800330639,0.1867879331111908,116.0,20.0,0.5429145097732544,0.5617426037788391,0.3947691023349762,0.5089952945709229,5.0625000000000024e-05,0.4885106682777405,1981,5.470180707983673,0.7310488326475024,1.061525583267212,0.16636905074119568,0.8333333730697632,0.0,4.0416669845581055,0.1724137931034483,3.9420959792658685,84.86
progress,exploration,11a591f7a2129484d555caf115fcdbf1a709a0c9,279,3428352,12288,False,5.227733063977212,0.7375835757702589,5.994516158010811,2049.8735304231104,1268.7887379056774,1268.7887379056774,51531364,5702089216,11127.0,88.0,11127.0,80.63720538720538,0.9437215039506555,-0.01252456168003846,2.0750184655189514,0.007673120126128197,0.0953165739774704,282.0,14.0,0.5325250029563904,0.5624901056289673,0.3945983946323395,0.5065796375274658,0.00017085937500000006,0.48796728253364563,2059,5.227733063977212,0.7375835757702589,0.9897603988647461,0.1557971090078354,0.6086956858634949,0.0,11.65217399597168,0.04964539007092199,2.33829505071044,86.54
progress,exploration,11a591f7a2129484d555caf115fcdbf1a709a0c9,280,3440640,12288,False,5.222566843032837,0.7280459650792181,5.972581825219095,2057.4016999004,1274.7613197308965,1274.7613197308965,51531364,5702089216,11127.0,88.0,11127.0,80.59430008382229,1.1656702626496553,-0.015677057390348637,2.0609188601374626,0.016207387670874596,0.1878255307674408,76.0,22.0,0.5564779043197632,0.562184751033783,0.393732488155365,0.5012491941452026,2.2500000000000008e-05,0.48572126030921936,2064,5.222566843032837,0.7280459650792181,1.6005032062530518,0.3167659044265747,0.9166666865348816,0.0,2.2916667461395264,0.2894736842105263,5.031905351281166,81.9
progress,exploration,11a591f7a2129484d555caf115fcdbf1a709a0c9,281,3452928,12288,False,5.434458485338837,0.7332809278741479,6.187591856811196,1985.909912023945,1280.9489115877077,1280.9489115877077,51531364,5702089216,11127.0,75.0,11127.0,80.5512927439533,1.2240579593926668,-0.01581250254275801,2.0548366010189056,0.012944027781486511,0.1586100459098816,90.0,22.0,0.5499945878982544,0.5588318109512329,0.3923523724079132,0.5016477108001709,0.00011390625000000006,0.48430177569389343,1992,5.434458485338837,0.7332809278741479,1.4707679748535156,0.26329368352890015,0.9166666865348816,0.0,2.8333334922790527,0.24444444444444444,4.83246740475297,82.18
progress,exploration,11a591f7a2129484d555caf115fcdbf1a709a0c9,282,3465216,12288,False,5.466684706974775,0.7212352859787643,6.221266875043511,1975.1604049157686,1287.1701784627512,1287.1701784627512,51531364,5702089216,11127.0,90.0,11127.0,80.52614107883818,1.1618744665756822,-0.015673345740651712,2.0497165098786354,0.013451118022203445,0.1642456352710724,121.0,16.0,0.5474989414215088,0.5590747594833374,0.3907236158847809,0.5020914673805237,0.0002562890625000001,0.483999103307724,1985,5.466684706974775,0.7212352859787643,0.8401905298233032,0.10580357164144516,0.6666666865348816,0.0,4.375,0.1322314049586777,3.064942825473845,85.91
progress,exploration,11a591f7a2129484d555caf115fcdbf1a709a0c9,283,3477504,12288,False,5.263738844078034,0.7281313636340201,6.0119063700549304,2043.9440077121037,1293.1820848328061,1293.1820848328061,51531364,5702089216,11127.0,88.0,11127.0,80.5161023947151,0.9858610304072499,-0.011943462683120742,2.0444494783878326,0.014250967651605606,0.1684367060661316,265.0,18.0,0.5372450351715088,0.5594311952590942,0.3886464536190033,0.501331627368927,0.00011390625000000006,0.4831966757774353,2050,5.263738844078034,0.7281313636340201,1.2677427530288696,0.19919872283935547,0.75,0.0,10.291666984558105,0.06792452830188679,2.903761273175478,85.31
progress,exploration,11a591f7a2129484d555caf115fcdbf1a709a0c9,284,3489792,12288,False,5.3040174189955,0.7317381519824266,6.057095057796687,2028.695254531774,1299.2391798906028,1299.2391798906028,51531364,5702089216,11127.0,50.0,11127.0,80.4564144736842,0.9873114991933107,-0.015573784516163869,2.0385643914341927,0.013178200460970402,0.1584065854549408,82.0,15.0,0.5544976592063904,0.5549191236495972,0.3899676203727722,0.5008033514022827,0.0002562890625000001,0.48197588324546814,2035,5.3040174189955,0.7317381519824266,1.186532735824585,0.1917162835597992,0.625,0.0,2.7916667461395264,0.18292682926829268,4.098303577005863,82.88
progress,exploration,11a591f7a2129484d555caf115fcdbf1a709a0c9,285,3502080,12288,False,5.480611517094076,0.7201018063351512,6.225729152094573,1973.7447132382636,1305.4649090426974,1305.4649090426974,51531364,5702089216,11127.0,58.0,11127.0,80.42798690671032,1.2812169641256332,-0.013177932822145522,2.0239630565047264,0.015057994984090328,0.1901652216911316,104.0,21.0,0.5623101592063904,0.5500183701515198,0.38831982016563416,0.4974004030227661,0.0002562890625000001,0.47864946722984314,1981,5.480611517094076,0.7201018063351512,1.3378205299377441,0.22931548953056335,0.875,0.0,3.4583334922790527,0.20192307692307693,4.240724785216153,84.12
progress,exploration,11a591f7a2129484d555caf115fcdbf1a709a0c9,286,3514368,12288,False,5.471019293181598,0.7340718610212207,6.225504784844816,1973.8158470158987,1311.6904138275422,1311.6904138275422,51531364,5702089216,11127.0,60.0,11127.0,80.35260586319218,1.5569341331720352,-0.013408369457465596,2.012509487569332,0.016113776713609695,0.1884969025850296,298.0,24.0,0.550889790058136,0.5472326278686523,0.3883109390735626,0.49856138229370117,2.2500000000000008e-05,0.47803995013237,1980,5.471019293181598,0.7340718610212207,1.1166203022003174,0.18938492238521576,1.0,0.0,11.416666984558105,0.08053691275167785,1.6429421493411065,88.0
progress,exploration,11a591f7a2129484d555caf115fcdbf1a709a0c9,287,3526656,12288,False,5.037059376016259,0.7208073399960995,5.806761021260172,2116.153903184616,1317.4971748488024,1317.4971748488024,51531364,5702089216,11127.0,67.0,11127.0,80.33252230332522,1.4014564584940672,-0.014633165890700184,2.007944844663143,0.009984694421291351,0.1277872771024704,70.0,24.0,0.5536566972732544,0.5424747467041016,0.38738012313842773,0.4985325038433075,0.00017085937500000009,0.47624778747558594,2134,5.037059376016259,0.7208073399960995,1.7669830322265625,0.3438405990600586,1.04347825050354,0.0,2.0,0.34285714285714286,4.794747229516506,82.78
progress,exploration,11a591f7a2129484d555caf115fcdbf1a709a0c9,288,3538944,12288,False,5.443463972769678,0.7474538590759039,6.2205234337598085,1975.3964647590576,1323.7176982825622,1323.7176982825622,51531364,5702089216,11127.0,69.0,11127.0,80.28006456820016,1.3337356243282557,-0.011945812293561175,1.9903132505714893,0.019667206332087517,0.2090250700712204,96.0,22.0,0.559190571308136,0.5389962792396545,0.3858712315559387,0.49743369221687317,1e-05,0.4741052985191345,1984,5.443463972769678,0.7474538590759039,1.4883445501327515,0.2519345283508301,0.9166666865348816,0.0,3.0833334922790527,0.22916666666666666,4.959775991737843,81.37
progress,exploration,11a591f7a2129484d555caf115fcdbf1a709a0c9,289,3551232,12288,False,5.485468490049243,0.7322203391231596,6.2371705253608525,1970.1241051588975,1329.954868807923,1329.954868807923,51531364,5702089216,11127.0,45.0,11127.0,80.22570281124499,1.4231671281158924,-0.014237790317565668,1.9863677881658077,0.008040008135139942,0.1042277067899704,105.0,18.0,0.5552300810813904,0.5367370843887329,0.38650527596473694,0.49523940682411194,0.0002562890625000001,0.4729490280151367,1976,5.485468490049243,0.7322203391231596,1.0945627689361572,0.14662699401378632,0.75,0.0,3.7083334922790527,0.17142857142857143,4.068127281274647,84.88
progress,exploration,11a591f7a2129484d555caf115fcdbf1a709a0c9,290,3563520,12288,False,5.395946754608303,0.7284836051985621,6.146624754648656,1999.1459525338128,1336.1014935625717,1336.1014935625717,51531364,5702089216,11127.0,53.0,11127.0,80.16626698641088,1.135968966409564,-0.009622866899007931,1.9755500368773937,0.014093895442783833,0.1626180112361908,278.0,22.0,0.5455729365348816,0.5354095101356506,0.38593173027038574,0.4937048554420471,3.3750000000000014e-05,0.47168514132499695,2006,5.395946754608303,0.7284836051985621,1.06289803981781,0.17614087462425232,0.9166666865348816,0.0,10.666666984558105,0.07913669064748201,2.366546283364296,86.84
progress,exploration,11a591f7a2129484d555caf115fcdbf1a709a0c9,291,3575808,12288,False,5.135469604283571,0.7326013930141926,5.892932174261659,2085.2098134897665,1341.9944257368334,1341.9944257368334,51531364,5702089216,11127.0,87.0,11127.0,80.1066030230708,1.1486800648272038,-0.01651263129315339,1.967144452035427,0.0133091164752841,0.1611328274011612,78.0,16.0,0.5524902939796448,0.5344428420066833,0.38089752197265625,0.492913156747818,0.00011390625000000006,0.4694349467754364,2094,5.135469604283571,0.7326013930141926,1.226980447769165,0.2188405841588974,0.695652186870575,0.0,2.6956522464752197,0.20512820512820512,4.312728154137731,83.41
progress,exploration,11a591f7a2129484d555caf115fcdbf1a709a0c9,292,3588096,12288,False,5.4447303749620914,0.7306301421485841,6.200072049163282,1981.9124523977591,1348.1944977859966,1348.1944977859966,51531364,5702089216,11127.0,87.0,11127.0,80.08551068883611,1.5004761330783367,-0.01567286792851519,1.954711887985468,0.012899551540613174,0.1598917692899704,96.0,19.0,0.563829243183136,0.5324450135231018,0.3802349865436554,0.49224933981895447,0.00017085937500000009,0.46834203600883484,1989,5.4447303749620914,0.7306301421485841,1.1700217723846436,0.18250662088394165,0.7916666865348816,0.0,3.2083334922790527,0.19791666666666666,4.294893282204867,84.09
progress,exploration,11a591f7a2129484d555caf115fcdbf1a709a0c9,293,3600384,12288,False,5.461052752099931,0.721318659838289,6.201749776955694,1981.3762957124522,1354.3962475629523,1354.3962475629523,51531364,5702089216,11127.0,73.0,11127.0,80.06703470031546,1.4231699593365192,-0.01388675338239409,1.9540408924221992,0.01440386101603508,0.1734822541475296,132.0,30.0,0.553439736366272,0.5334839224815369,0.37982192635536194,0.49273383617401123,7.593750000000004e-05,0.46871429681777954,1987,5.461052752099931,0.721318659838289,1.338711142539978,0.2289547324180603,1.25,0.0,4.25,0.22727272727272727,4.455982414111495,84.23
progress,exploration,11a591f7a2129484d555caf115fcdbf1a709a0c9,294,3612672,12288,False,5.254299995023757,0.7449979009106755,6.0193801717832685,2041.4061995289499,1360.4156277347356,1360.4156277347356,51531364,5702089216,11127.0,84.0,11127.0,80.04238618524333,0.9653215613216162,-0.012725128836791555,1.9458584524691105,0.009457317180931568,0.1154785230755806,242.0,20.0,0.5425618886947632,0.5306899547576904,0.3780488967895508,0.4910118281841278,0.00017085937500000009,0.4666559398174286,2048,5.254299995023757,0.7449979009106755,1.14552640914917,0.1849747598171234,0.8333333730697632,0.0,9.25,0.08264462809917356,2.969798489343375,85.47
progress,exploration,11a591f7a2129484d555caf115fcdbf1a709a0c9,295,3624960,12288,False,5.342845342122018,0.7373806228861213,6.098829120863229,2014.8129676177507,1366.5144568555988,1366.5144568555988,51531364,5702089216,11127.0,86.0,11127.0,80.040625,1.4586716815829277,-0.015634607911124476,1.9315375052392483,0.013636825606226921,0.16180419921875,92.0,22.0,0.556260883808136,0.5287386775016785,0.3767900764942169,0.4884236454963684,0.00017085937500000009,0.46469131112098694,2020,5.342845342122018,0.7373806228861213,1.4742110967636108,0.2769510746002197,0.9166666865348816,0.0,2.9166667461395264,0.2391304347826087,4.656134167388082,82.71
progress,exploration,11a591f7a2129484d555caf115fcdbf1a709a0c9,296,3637248,12288,False,5.487477142829448,0.7372715291567147,6.241921870969236,1968.6244483691269,1372.756378726568,1372.756378726568,51531364,5702089216,11127.0,86.0,11127.0,80.00155520995334,1.0951127335429192,-0.013264277164125815,1.928406372666359,0.014326002448797226,0.172607421875,111.0,20.0,0.5569119453430176,0.5250674486160278,0.3813755214214325,0.4872119128704071,0.00017085937500000009,0.46457862854003906,1974,5.487477142829448,0.7372715291567147,1.2334113121032715,0.19262567162513733,0.8333333730697632,0.0,3.7916667461395264,0.18018018018018017,4.1125432379543785,84.62
progress,exploration,11a591f7a2129484d555caf115fcdbf1a709a0c9,297,3649536,12288,False,5.4923953101970255,0.7411082750186324,6.282264742068946,1955.9825165777997,1379.038643468637,1379.038643468637,51531364,5702089216,11127.0,87.0,11127.0,80.0030959752322,1.3546019038185477,-0.011873685967657366,1.9291269890964031,0.013798370957374573,0.1683349758386612,284.0,23.0,0.5479058623313904,0.5247814059257507,0.38160276412963867,0.48617038130760193,7.593750000000004e-05,0.4642203748226166,1971,5.4923953101970255,0.7411082750186324,1.2493400573730469,0.18501484394073486,0.9583333730697632,0.0,11.0,0.08098591549295775,2.154903903976083,88.0
progress,exploration,11a591f7a2129484d555caf115fcdbf1a709a0c9,298,3661824,12288,False,4.930279274936765,0.7344433036632836,5.6936520780436695,2158.192989590284,1384.7322955466807,1384.7322955466807,51531364,5702089216,11127.0,47.0,11127.0,79.95528141865844,0.9184183420147747,-0.013762333546765149,1.9223361685872078,0.012798180803656578,0.1522420346736908,65.0,17.0,0.5368109941482544,0.5257258415222168,0.3810472786426544,0.48266512155532837,0.00017085937500000009,0.46316882967948914,2169,4.930279274936765,0.7344433036632836,1.552880048751831,0.28333336114883423,0.7727273106575012,0.0,2.1818182468414307,0.26153846153846155,4.12375237300992,84.31
progress,exploration,11a591f7a2129484d555caf115fcdbf1a709a0c9,299,3674112,12288,False,5.426062862854451,0.7392538981512189,6.212650616187602,1977.8997338080699,1390.9449461628683,1390.9449461628683,51531364,5702089216,11127.0,88.0,11127.0,79.9270913277053,1.3451425358653069,-0.01498596328747226,1.9191820323467255,0.013736546970903873,0.1713460385799408,113.0,20.0,0.549560546875,0.5261012315750122,0.3804999589920044,0.48070675134658813,0.0002562890625000001,0.46250736713409424,1993,5.426062862854451,0.7392538981512189,1.1824378967285156,0.1763889044523239,0.8333333730697632,0.0,3.875,0.17699115044247787,4.160860679000616,83.63
progress,exploration,11a591f7a2129484d555caf115fcdbf1a709a0c9,300,3686400,12288,False,5.486043510958552,0.7388851321302354,6.246500314678997,1967.181522607747,1397.1914464775473,1397.1914464775473,51531364,5702089216,11127.0,88.0,11127.0,79.90527119938885,1.2616853164508939,-0.015503995266044512,1.916030965745449,0.014071362093091011,0.1700032502412796,107.0,20.0,0.542236328125,0.5264843702316284,0.37984126806259155,0.4801144003868103,0.00017085937500000009,0.46222060918807983,1973,5.486043510958552,0.7388851321302354,1.1882070302963257,0.17263558506965637,0.8333333730697632,0.0,3.625,0.18691588785046728,3.9996575449779628,84.98
progress,exploration,11a591f7a2129484d555caf115fcdbf1a709a0c9,301,3698688,12288,False,5.297127785161138,0.7537787528708577,6.075935705099255,2022.4045474489212,1403.2673821826465,1403.2673821826465,51531364,5702089216,11127.0,99.0,11127.0,79.92465753424658,1.3972681146115065,-0.014011681898409734,1.906201560050249,0.013892732560634613,0.1613973081111908,272.0,27.0,0.5343695878982544,0.5246603488922119,0.377605676651001,0.4796661138534546,0.00011390625000000006,0.46068477630615234,2030,5.297127785161138,0.7537787528708577,1.1900482177734375,0.18656598031520844,1.1739131212234497,0.0,10.782608985900879,0.09926470588235294,3.004991364330053,85.81
progress,exploration,11a591f7a2129484d555caf115fcdbf1a709a0c9,302,3710976,12288,False,5.22634376399219,0.7386866630986333,5.986002546269447,2052.7889697704923,1409.253384728916,1409.253384728916,51531364,5702089216,11127.0,99.0,11127.0,79.90757575757576,1.2764137852936983,-0.014115492900600657,1.8961613699793816,0.013452744111418724,0.1618855893611908,78.0,21.0,0.5533583164215088,0.5235838294029236,0.37565746903419495,0.4765961468219757,5.0625000000000024e-05,0.45862188935279846,2060,5.22634376399219,0.7386866630986333,1.5507159233093262,0.26770836114883423,0.875,0.0,2.375,0.2692307692307692,5.223328732475639,81.61
progress,exploration,11a591f7a2129484d555caf115fcdbf1a709a0c9,303,3723264,12288,False,5.34107656404376,0.7209849958308041,6.08430705871433,2019.6219358127805,1415.3376917876303,1415.3376917876303,51531364,5702089216,11127.0,89.0,11127.0,79.93288084464555,1.2651459015905857,-0.014050646748160034,1.886767990887165,0.009835916571319103,0.1303304135799408,110.0,22.0,0.553087055683136,0.5221232175827026,0.37343841791152954,0.4765641987323761,0.0002562890625000001,0.4574766755104065,2027,5.34107656404376,0.7209849958308041,1.365234136581421,0.22945134341716766,0.95652174949646,0.0,3.82608699798584,0.2,4.482292357012629,82.56
progress,exploration,11a591f7a2129484d555caf115fcdbf1a709a0c9,304,3735552,12288,False,5.478326041717082,0.7319991183467209,6.23452554596588,1970.959924601013,1421.5722173335962,1421.5722173335962,51531364,5702089216,11127.0,87.0,11127.0,79.88663663663664,1.3370921881869435,-0.012509783929999685,1.8742185905575752,0.013676994480192661,0.1716105043888092,117.0,24.0,0.5527886748313904,0.5200466513633728,0.37298211455345154,0.4742027819156647,0.00017085937500000009,0.4557892978191376,1978,5.478326041717082,0.7319991183467209,1.323760747909546,0.2183035910129547,1.0,0.0,3.875,0.20512820512820512,4.469400853477419,83.71
progress,exploration,11a591f7a2129484d555caf115fcdbf1a709a0c9,305,3747840,12288,False,5.151291938032955,0.7347035747952759,5.906162157189101,2080.5388800649157,1427.4783794907853,1427.4783794907853,51531364,5702089216,11127.0,86.0,11127.0,79.85938668661181,0.7264681318774819,-0.014283396303653717,1.8698963187634945,0.013127661310136318,0.1596476286649704,238.0,13.0,0.542344868183136,0.5198792219161987,0.37258264422416687,0.4737447202205658,0.0002562890625000001,0.45541912317276,2087,5.151291938032955,0.7347035747952759,1.074837565422058,0.15245625376701355,0.5652173757553101,0.0,9.782608985900879,0.0546218487394958,2.7560243870317938,85.71
progress,exploration,11a591f7a2129484d555caf115fcdbf1a709a0c9,306,3760128,12288,False,5.344011791050434,0.7278133947402239,6.092038059141487,2017.0589679033737,1433.5704175499268,1433.5704175499268,51531364,5702089216,11127.0,69.0,11127.0,79.8138495904691,1.0732486862689257,-0.014596902721677907,1.866799596697092,0.01332780160009861,0.1631062924861908,105.0,18.0,0.5665419101715088,0.5191798210144043,0.37108954787254333,0.47379928827285767,0.00017085937500000009,0.4547262191772461,2023,5.344011791050434,0.7278133947402239,1.0662494897842407,0.16160714626312256,0.75,0.0,3.625,0.17142857142857143,3.7447490552440286,83.72
progress,exploration,11a591f7a2129484d555caf115fcdbf1a709a0c9,307,3772416,12288,False,5.355373917147517,0.7324108080938458,6.107440136838704,2011.9722379072616,1439.6778576867655,1439.6778576867655,51531364,5702089216,11127.0,89.0,11127.0,79.824314306894,1.0075591271743178,-0.013126752724929247,1.8624159321188927,0.015085548162460327,0.1793212890625,107.0,14.0,0.5511881709098816,0.5184864401817322,0.3703244626522064,0.47456708550453186,7.593750000000004e-05,0.4544800817966461,2018,5.355373917147517,0.7324108080938458,0.9371659159660339,0.12116977572441101,0.6086956858634949,0.0,4.043478488922119,0.1308411214953271,3.6522997596114872,85.03
progress,exploration,11a591f7a2129484d555caf115fcdbf1a709a0c9,308,3784704,12288,False,5.500299260020256,0.7208345397375524,6.238292828202248,1969.769669106918,1445.9161505149677,1445.9161505149677,51531364,5702089216,11127.0,90.0,11127.0,79.82509225092251,1.416398473083973,-0.014361237699631602,1.8571148999035358,0.012239759787917137,0.1521199643611908,272.0,25.0,0.5531412959098816,0.5166373252868652,0.3685692548751831,0.47337982058525085,0.0002562890625000001,0.4529246389865875,1975,5.500299260020256,0.7208345397375524,1.1700592041015625,0.185001939535141,1.0416667461395264,0.0,10.333333969116211,0.09191176470588236,1.8070443266630172,88.0
progress,exploration,11a591f7a2129484d555caf115fcdbf1a709a0c9,309,3796992,12288,False,5.122271480970085,0.7216048622503877,5.872981696855277,2092.293256520735,1451.789132211823,1451.789132211823,51531364,5702089216,11127.0,74.0,11127.0,79.77426470588236,1.1272007543593645,-0.013319431993295439,1.8550944589078426,0.013153675943613052,0.1599528044462204,79.0,23.0,0.5517849922180176,0.5181421637535095,0.36815738677978516,0.4757876694202423,0.00017085937500000009,0.4540593922138214,2102,5.122271480970085,0.7216048622503877,1.5861926078796387,0.29855072498321533,1.0,0.0,2.4347827434539795,0.2911392405063291,4.641065647378564,82.37
progress,exploration,11a591f7a2129484d555caf115fcdbf1a709a0c9,310,3809280,12288,False,5.419061043299735,0.7325836890377104,6.184086056891829,1987.0357376908896,1457.9732182687148,1457.9732182687148,51531364,5702089216,11127.0,70.0,11127.0,79.74670571010249,1.2752970047295094,-0.011871340568177402,1.8530829586088657,0.011832136660814285,0.1467692106962204,108.0,22.0,0.559814453125,0.517166256904602,0.3661075532436371,0.47502461075782776,0.00011390625000000006,0.4528143107891083,1997,5.419061043299735,0.7325836890377104,1.1897586584091187,0.20267856121063232,0.9166666865348816,0.0,3.625,0.2037037037037037,4.001258620619774,83.93
progress,exploration,11a591f7a2129484d555caf115fcdbf1a709a0c9,311,3821568,12288,False,5.3764535672962666,0.7210904858075082,6.140515388920903,2001.134957200949,1464.1137336576357,1464.1137336576357,51531364,5702089216,11127.0,90.0,11127.0,79.76239067055394,1.6053727436810732,-0.013570717012044042,1.840535145252943,0.01442725956439972,0.1729532927274704,121.0,35.0,0.5545790195465088,0.5177635550498962,0.3631012737751007,0.47218814492225647,0.00011390625000000006,0.4510688781738281,2015,5.3764535672962666,0.7210904858075082,1.669394612312317,0.3161490857601166,1.52173912525177,0.0,3.7391304969787598,0.2892561983471074,5.099507927782834,83.64
progress,exploration,11a591f7a2129484d555caf115fcdbf1a709a0c9,312,3833856,12288,False,5.250713505782187,0.7411988619714975,6.030075802933425,2037.7853283407,1470.1438094605692,1470.1438094605692,51531364,5702089216,11127.0,86.0,11127.0,79.75036284470247,1.0899141188710928,-0.016649100245558657,1.8250874429941177,0.013943802565336227,0.1726074367761612,245.0,19.0,0.544894814491272,0.5154666900634766,0.3605256974697113,0.47001633048057556,0.00017085937500000009,0.448671817779541,2050,5.250713505782187,0.7411988619714975,1.25637948513031,0.1905151903629303,0.8260869979858398,0.0,9.82608699798584,0.07755102040816327,2.593578722476959,86.48
progress,exploration,11a591f7a2129484d555caf115fcdbf1a709a0c9,313,3846144,12288,False,5.256848003249615,0.7215953031554818,5.996227606199682,2049.2884538430567,1476.1400370667689,1476.1400370667689,51531364,5702089216,11127.0,96.0,11127.0,79.72668112798264,1.2884187288582325,-0.01392823072092142,1.8130619265139103,0.01680372655391693,0.1716308891773224,92.0,23.0,0.5627713203430176,0.5138905644416809,0.3600146174430847,0.46704810857772827,2.2500000000000008e-05,0.44699621200561523,2055,5.256848003249615,0.7215953031554818,1.3144810199737549,0.23209325969219208,0.9583333730697632,0.0,2.875,0.25,4.649557322189212,83.27
progress,exploration,11a591f7a2129484d555caf115fcdbf1a709a0c9,314,3858432,12288,False,5.4693750543519855,0.7360166888684034,6.223730545956641,1974.3785353919475,1482.3637676127255,1482.3637676127255,51531364,5702089216,11127.0,71.0,11127.0,79.70410367170626,1.2998271388933063,-0.012469845125451684,1.8060681372880936,0.010256465524435043,0.1043904647231102,112.0,23.0,0.5623915195465088,0.5137020349502563,0.35878780484199524,0.4668072462081909,7.593750000000004e-05,0.44645777344703674,1980,5.4693750543519855,0.7360166888684034,1.2693730592727661,0.21185517311096191,0.9583333730697632,0.0,3.7083334922790527,0.20535714285714285,4.234207780137658,84.42
progress,exploration,11a591f7a2129484d555caf115fcdbf1a709a0c9,315,3870720,12288,False,5.36535466182977,0.7334846602752805,6.143821571022272,2000.0580840363496,1488.5075891837478,1488.5075891837478,51531364,5702089216,11127.0,88.0,11127.0,79.68960573476703,1.510086890310049,-0.015754897714941762,1.7969040423631668,0.012949928641319275,0.1661987453699112,119.0,22.0,0.5614421367645264,0.5125100016593933,0.3571147620677948,0.4632723331451416,0.0002562890625000001,0.4443817138671875,2014,5.36535466182977,0.7334846602752805,1.1105045080184937,0.17068982124328613,0.95652174949646,0.0,4.217391490936279,0.18487394957983194,4.262062477990985,83.61
progress,exploration,11a591f7a2129484d555caf115fcdbf1a709a0c9,316,3883008,12288,False,5.289545028936118,0.7234235987998545,6.031226449180394,2037.3965566605216,1494.5388156329282,1494.5388156329282,51531364,5702089216,11127.0,89.0,11127.0,79.70021413276231,1.455491190776229,-0.012543980155896861,1.7836936078965664,0.01529682707041502,0.18536376953125,236.0,29.0,0.5564507842063904,0.510866641998291,0.3561529517173767,0.46164700388908386,0.00011390625000000006,0.4429435729980469,2043,5.289545028936118,0.7234235987998545,1.5662463903427124,0.2863386273384094,1.2083333730697632,0.0,8.625,0.1228813559322034,3.931896606683731,84.88
progress,exploration,11a591f7a2129484d555caf115fcdbf1a709a0c9,317,3895296,12288,False,5.337740712799132,0.7301981151103973,6.092363727744669,2016.9511455858026,1500.6311793606728,1500.6311793606728,51531364,5702089216,11127.0,54.0,11127.0,79.66002844950214,1.1274233581498265,-0.016752916388213634,1.777344398200512,0.014719500206410885,0.1778361052274704,107.0,26.0,0.5725640654563904,0.5073583126068115,0.3568272888660431,0.46211495995521545,7.593750000000004e-05,0.44213223457336426,2025,5.337740712799132,0.7301981151103973,1.4869173765182495,0.25357145071029663,1.0833333730697632,0.0,3.375,0.24299065420560748,4.851320992782712,82.08
progress,exploration,11a591f7a2129484d555caf115fcdbf1a709a0c9,318,3907584,12288,False,5.349214924965054,0.7250011879950762,6.096708699129522,2015.5137150893336,1506.7278880598024,1506.7278880598024,51531364,5702089216,11127.0,82.0,11127.0,79.6657223796034,1.4472204633057117,-0.014540637646859977,1.7733485959470272,0.013329476118087769,0.1567789763212204,118.0,27.0,0.5563422441482544,0.5060153603553772,0.35644659399986267,0.46192511916160583,7.593750000000004e-05,0.4414837062358856,2022,5.349214924965054,0.7250011879950762,1.3242496252059937,0.19336064159870148,1.1739131212234497,0.0,3.95652174949646,0.2288135593220339,5.032524473145604,81.98
progress,exploration,11a591f7a2129484d555caf115fcdbf1a709a0c9,319,3919872,12288,False,5.402791693340987,0.7481623026542366,6.1699727340601385,1991.5809242018977,1512.8978607938625,1512.8978607938625,51531364,5702089216,11127.0,85.0,11127.0,79.67842031029619,1.2108590751886368,-0.01676936721196398,1.7700110040605068,0.014998332597315311,0.1749471127986908,256.0,24.0,0.5589735507965088,0.504097044467926,0.3563353419303894,0.46248242259025574,5.0625000000000024e-05,0.44097959995269775,1997,5.402791693340987,0.7481623026542366,1.2383495569229126,0.19862131774425507,1.04347825050354,0.0,10.086956977844238,0.09375,1.9612050151079894,87.44
progress,exploration,11a591f7a2129484d555caf115fcdbf1a709a0c9,320,3932160,12288,False,5.063162766862661,0.7317126994021237,5.823553849942982,2110.0517513236887,1518.7214146438055,1518.7214146438055,51531364,5702089216,11127.0,87.0,11127.0,79.66900913562895,1.4952310286462307,-0.01398286988842301,1.7666099704802036,0.010256229899823666,0.127685546875,95.0,28.0,0.5496962070465088,0.5015750527381897,0.35648173093795776,0.46126312017440796,0.00011390625000000006,0.4398512840270996,2120,5.063162766862661,0.7317126994021237,1.503193736076355,0.27919256687164307,1.2173913717269897,0.0,2.91304349899292,0.29473684210526313,5.391373054683209,81.06
progress,exploration,11a591f7a2129484d555caf115fcdbf1a709a0c9,321,3944448,12288,False,5.426180250942707,0.7215065988712013,6.166588651947677,1992.6738580363901,1524.8880032957532,1524.8880032957532,51531364,5702089216,11127.0,84.0,11127.0,79.65080475857243,1.3602433670312166,-0.012853994674514979,1.7543083168566227,0.011493610218167305,0.1473795622587204,108.0,23.0,0.5572375059127808,0.49868106842041016,0.35535719990730286,0.4604562819004059,7.593750000000004e-05,0.4382036030292511,1998,5.426180250942707,0.7215065988712013,1.214216709136963,0.17569445073604584,0.9583333730697632,0.0,3.5416667461395264,0.21296296296296297,4.70054833829403,82.25
progress,exploration,11a591f7a2129484d555caf115fcdbf1a709a0c9,322,3956736,12288,False,5.368710902053863,0.7300999071449041,6.117398818023503,2008.6968931625393,1531.0054021137767,1531.0054021137767,51531364,5702089216,11127.0,86.0,11127.0,79.6411149825784,1.2663530260324478,-0.01352060319550219,1.7475311867892742,0.01318979449570179,0.1644287109375,120.0,31.0,0.5517849922180176,0.4986536204814911,0.3545108139514923,0.45951417088508606,0.00011390625000000006,0.43757888674736023,2014,5.368710902053863,0.7300999071449041,1.5907002687454224,0.29000407457351685,1.3478261232376099,0.0,3.86956524848938,0.25833333333333336,5.272108949646354,82.6
progress,exploration,11a591f7a2129484d555caf115fcdbf1a709a0c9,323,3969024,12288,False,5.360110844951123,0.7436958579346538,6.122457936871797,2007.0370636598313,1537.1278600506485,1537.1278600506485,51531364,5702089216,11127.0,87.0,11127.0,79.60860513532269,1.4874744089320302,-0.01586499167024158,1.7384874299168587,0.013900164514780045,0.1727294921875,240.0,21.0,0.554660439491272,0.4965745210647583,0.3508243262767792,0.4570412337779999,0.00017085937500000009,0.4349144399166107,2013,5.360110844951123,0.7436958579346538,1.2094839811325073,0.19753789901733398,0.875,0.0,9.125,0.0875,2.3956810441613197,86.62
progress,exploration,11a591f7a2129484d555caf115fcdbf1a709a0c9,324,3981312,12288,False,5.288216675166041,0.7184840408153832,6.042261567898095,2033.6756133307538,1543.1701216185465,1543.1701216185465,51531364,5702089216,11127.0,94.0,11127.0,79.59889349930843,1.424454502761364,-0.01454428574652411,1.723209459334612,0.013481969945132732,0.1663208156824112,107.0,33.0,0.5832791328430176,0.49437040090560913,0.3514796197414398,0.45617246627807617,0.0002562890625000001,0.4340367913246155,2045,5.288216675166041,0.7184840408153832,1.760913610458374,0.33961939811706543,1.375,0.0,3.0833334922790527,0.308411214953271,5.463122417349369,82.14
progress,exploration,11a591f7a2129484d555caf115fcdbf1a709a0c9,325,3993600,12288,False,5.438937266822904,0.7307173670269549,6.191220454405993,1984.7459948313135,1549.3613420729525,1549.3613420729525,51531364,5702089216,11127.0,99.0,11127.0,79.58264462809917,1.4091021176427603,-0.014633184277045075,1.722402986139059,0.013029211200773716,0.1565348207950592,119.0,30.0,0.564805805683136,0.4954269826412201,0.35045138001441956,0.45579400658607483,0.00011390625000000006,0.43392086029052734,1991,5.438937266822904,0.7307173670269549,1.4676220417022705,0.2516203820705414,1.25,0.0,3.75,0.25210084033613445,5.291808367636986,81.53
progress,exploration,11a591f7a2129484d555caf115fcdbf1a709a0c9,326,4005888,12288,False,5.350713074207306,0.7223276970908046,6.092067521996796,2017.0492128708981,1555.4534095949493,1555.4534095949493,51531364,5702089216,11127.0,65.0,11127.0,79.54595336076818,1.1167108733206987,-0.013885867316275835,1.725077599287033,0.012648073025047779,0.1574300229549408,103.0,21.0,0.5572103261947632,0.4965575933456421,0.35238978266716003,0.4557024836540222,0.00017085937500000009,0.4349003732204437,2023,5.350713074207306,0.7223276970908046,1.36409592628479,0.21967187523841858,0.9130434989929199,0.0,3.5652174949645996,0.20388349514563106,4.525754654593766,83.46
progress,exploration,11a591f7a2129484d555caf115fcdbf1a709a0c9,327,4018176,12288,False,5.31574611691758,0.732644644100219,6.076327115762979,2022.2742729111692,1561.5297367107123,1561.5297367107123,51531364,5702089216,11127.0,89.0,11127.0,79.51912568306011,1.6373852184042335,-0.013891940878238529,1.724315669387579,0.01374589093029499,0.1618855893611908,230.0,30.0,0.5584310293197632,0.4950074255466461,0.3528856635093689,0.45312732458114624,7.593750000000004e-05,0.4337346851825714,2031,5.31574611691758,0.732644644100219,1.5982164144515991,0.29546958208084106,1.25,0.0,8.375,0.13043478260869565,4.450413031578064,83.68
progress,exploration,11a591f7a2129484d555caf115fcdbf1a709a0c9,328,4030464,12288,False,5.333157060667872,0.7324476069770753,6.093312208075076,2016.6371885089854,1567.6230489187874,1567.6230489187874,51531364,5702089216,11127.0,73.0,11127.0,79.49897889720899,1.3172719003632665,-0.013869587710360065,1.7105483710765839,0.013571149669587612,0.1680501401424408,120.0,27.0,0.5776638984680176,0.49387016892433167,0.35004016757011414,0.45044606924057007,0.0002562890625000001,0.43148404359817505,2025,5.333157060667872,0.7324476069770753,1.4010670185089111,0.2256944477558136,1.125,0.0,3.875,0.225,4.9798035032115875,83.39
progress,exploration,11a591f7a2129484d555caf115fcdbf1a709a0c9,329,4042752,12288,False,5.469686213415116,0.7220495878718793,6.249326911754906,1966.291758059004,1573.8723758305423,1573.8723758305423,51531364,5702089216,11127.0,75.0,11127.0,79.47389830508475,1.3782615121454,-0.017110693588620052,1.705777008086443,0.015568504109978676,0.1855061948299408,126.0,21.0,0.5591634511947632,0.4942290484905243,0.35028696060180664,0.4502705931663513,0.00011390625000000006,0.4316316246986389,1984,5.469686213415116,0.7220495878718793,1.2548582553863525,0.17928391695022583,0.875,0.0,4.375,0.16666666666666666,4.131291120052338,83.67
progress,exploration,11a591f7a2129484d555caf115fcdbf1a709a0c9,330,4055040,12288,False,5.483065046835691,0.7339564319700003,6.264699914027005,1961.466657403094,1580.1370757445693,1580.1370757445693,51531364,5702089216,11127.0,99.0,11127.0,79.46320054017556,1.340549198910594,-0.015754722720885184,1.7020759657025337,0.016389435157179832,0.1938069611787796,240.0,25.0,0.5638563632965088,0.4932088255882263,0.35070955753326416,0.4480808973312378,5.0625000000000024e-05,0.43067851662635803,1976,5.483065046835691,0.7339564319700003,1.5065363645553589,0.2610306143760681,1.0416667461395264,0.0,8.958333969116211,0.10416666666666667,2.2514593498408795,88.0
progress,exploration,11a591f7a2129484d555caf115fcdbf1a709a0c9,331,4067328,12288,False,5.216289206407964,0.7204470708966255,5.962096848059446,2061.0198581392588,1586.0991725926287,1586.0991725926287,51531364,5702089216,11127.0,90.0,11127.0,79.4586415601883,1.0693266168236732,-0.01192740086116828,1.702262133359909,0.011234762147068977,0.1318562924861908,97.0,22.0,0.5613335967063904,0.49322354793548584,0.3512517809867859,0.44890034198760986,7.593750000000004e-05,0.4311399459838867,2069,5.216289206407964,0.7204470708966255,1.1666350364685059,0.19414684176445007,0.9166666865348816,0.0,3.1666667461395264,0.2268041237113402,4.727936851903796,82.31
progress,exploration,11a591f7a2129484d555caf115fcdbf1a709a0c9,332,4079616,12288,False,5.326097446028143,0.7533899159170687,6.109051771927625,2011.4414574886955,1592.2082243645564,1592.2082243645564,51531364,5702089216,11127.0,51.0,11127.0,79.44504021447722,1.054073454812169,-0.015137580495036218,1.6985944025218487,0.014218896627426147,0.1739298552274704,99.0,18.0,0.5719672441482544,0.49104759097099304,0.35132887959480286,0.44722574949264526,7.593750000000004e-05,0.4298778176307678,2021,5.326097446028143,0.7533899159170687,1.2410446405410767,0.18317805230617523,0.782608687877655,0.0,3.5217392444610596,0.18181818181818182,4.230793277397752,83.79
progress,exploration,11a591f7a2129484d555caf115fcdbf1a709a0c9,333,4091904,12288,False,5.4785545049235225,0.7325788950547576,6.2355886162258685,1970.623906783221,1598.4438129807822,1598.4438129807822,51531364,5702089216,11127.0,51.0,11127.0,79.4192256341789,1.3680641669780016,-0.017911966118845157,1.6929181031882763,0.015124286524951458,0.1746622622013092,124.0,24.0,0.562255859375,0.4922761917114258,0.34921422600746155,0.4461151361465454,7.593750000000004e-05,0.4292316436767578,1978,5.4785545049235225,0.7325788950547576,1.2825888395309448,0.19836311042308807,1.0,0.0,4.208333492279053,0.1935483870967742,4.648060591034591,83.52
progress,exploration,11a591f7a2129484d555caf115fcdbf1a709a0c9,334,4104192,12288,False,5.297975109890103,0.7286008261144161,6.123058131895959,2006.8403296695653,1604.5668711126782,1604.5668711126782,51531364,5702089216,11127.0,99.0,11127.0,79.40824468085107,1.3159949220716953,-0.01554534407932806,1.686313845217228,0.01273750327527523,0.1543782651424408,242.0,25.0,0.5519477128982544,0.49364933371543884,0.34808027744293213,0.4443645775318146,0.00017085937500000009,0.4287452697753906,2038,5.297975109890103,0.7286008261144161,1.3531756401062012,0.22205883264541626,1.08695650100708,0.0,9.434782981872559,0.10330578512396695,2.9931050845980645,86.68
progress,exploration,11a591f7a2129484d555caf115fcdbf1a709a0c9,335,4116480,12288,False,5.058268330991268,0.7281535216607153,5.808994770981371,2115.340172345183,1610.3758658836596,1610.3758658836596,51531364,5702089216,11127.0,89.0,11127.0,79.4046357615894,1.3364674374461174,-0.012949346879395307,1.673806507140398,0.01374097540974617,0.1628824919462204,103.0,27.0,0.5606282949447632,0.49049466848373413,0.3467666804790497,0.4409942328929901,0.00011390625000000006,0.42614826560020447,2123,5.058268330991268,0.7281535216607153,1.5958703756332397,0.2945100665092468,1.2272727489471436,0.0,3.545454740524292,0.2621359223300971,5.061321609318257,81.96
progress,exploration,11a591f7a2129484d555caf115fcdbf1a709a0c9,336,4128768,12288,False,5.4358447981067,0.7288601770997047,6.1903373771347106,1985.0291270695948,1616.5662032607943,1616.5662032607943,51531364,5702089216,11127.0,52.0,11127.0,79.37491749174917,1.6497289799153805,-0.013599032710772008,1.6594939418137074,0.014959371648728848,0.1632283627986908,117.0,28.0,0.5611165761947632,0.4880221486091614,0.3459366261959076,0.4399975538253784,3.3750000000000014e-05,0.42466434836387634,1993,5.4358447981067,0.7288601770997047,1.5280168056488037,0.2731316387653351,1.1666667461395264,0.0,3.7083334922790527,0.23931623931623933,4.931797851026058,82.2
progress,exploration,11a591f7a2129484d555caf115fcdbf1a709a0c9,337,4141056,12288,False,5.504253433085978,0.7213888810947537,6.285489216912538,1954.9790916729826,1622.8516924777068,1622.8516924777068,51531364,5702089216,11127.0,93.0,11127.0,79.3602892833662,1.322810534387827,-0.014349679717270192,1.654060311615467,0.01028573326766491,0.1294352412223816,119.0,30.0,0.5668402910232544,0.4878223240375519,0.34398153424263,0.4391173720359802,0.0002562890625000001,0.4236912131309509,1973,5.504253433085978,0.7213888810947537,1.442230224609375,0.24871033430099487,1.25,0.0,3.75,0.25210084033613445,4.9047819644212725,83.31
progress,exploration,11a591f7a2129484d555caf115fcdbf1a709a0c9,338,4153344,12288,False,5.291053825989366,0.7402533167041838,6.051962700206786,2030.415686398751,1628.9036551779136,1628.9036551779136,51531364,5702089216,11127.0,88.0,11127.0,79.35887360838245,1.3450258318334818,-0.014320954767754301,1.6467510648071766,0.015146522782742977,0.1750081479549408,223.0,29.0,0.5569933652877808,0.48675352334976196,0.3443010449409485,0.4383372664451599,0.00017085937500000009,0.4231450855731964,2037,5.291053825989366,0.7402533167041838,1.73809814453125,0.3587411642074585,1.2083333730697632,0.0,8.083333969116211,0.13004484304932734,4.269288176558912,82.85
progress,exploration,11a591f7a2129484d555caf115fcdbf1a709a0c9,339,4165632,12288,False,5.337107440922409,0.7224678280763328,6.090522293932736,2017.560958974089,1634.9941774718463,1634.9941774718463,51531364,5702089216,11127.0,89.0,11127.0,79.33268101761253,1.3469749642536044,-0.014096031234657858,1.646845743060112,0.016773231327533722,0.18603515625,118.0,27.0,0.5750597715377808,0.4855545163154602,0.3452965021133423,0.4385910928249359,1.5000000000000005e-05,0.42315196990966797,2027,5.337107440922409,0.7224678280763328,1.2990734577178955,0.21995851397514343,1.125,0.0,3.7916667461395264,0.2288135593220339,4.910004073008895,82.26
progress,exploration,11a591f7a2129484d555caf115fcdbf1a709a0c9,340,4177920,12288,False,5.46208711899817,0.7386977118439972,6.220908405724913,1975.2742201913352,1641.2150858775713,1641.2150858775713,51531364,5702089216,11127.0,88.0,11127.0,79.32228719948019,1.4184671454131603,-0.014369398762937635,1.6439463421702385,0.0076019177213311195,0.1040039137005806,119.0,26.0,0.5730252265930176,0.4850175976753235,0.3440878391265869,0.4367198348045349,0.00017085937500000006,0.42200496792793274,1981,5.46208711899817,0.7386977118439972,1.4613765478134155,0.2514384984970093,1.0833333730697632,0.0,3.9166667461395264,0.2184873949579832,4.8376985060237345,82.94
progress,exploration,11a591f7a2129484d555caf115fcdbf1a709a0c9,341,4190208,12288,False,5.481871842872351,0.7313176831230521,6.245151722338051,1967.6063202832224,1647.4602375999093,1647.4602375999093,51531364,5702089216,11127.0,99.0,11127.0,79.30958549222798,1.4581840764731169,-0.015172195417108014,1.6318319849669933,0.01885019615292549,0.21881103515625,246.0,24.0,0.5625542998313904,0.4837736189365387,0.3433372378349304,0.4349460303783417,1e-05,0.42068591713905334,1977,5.481871842872351,0.7313176831230521,1.1533856391906738,0.16861222684383392,1.0,0.0,9.25,0.0975609756097561,2.014259541351348,87.53
progress,exploration,11a591f7a2129484d555caf115fcdbf1a709a0c9,342,4202496,12288,False,5.241127961780876,0.7209335751831532,5.991925057955086,2050.759961305929,1653.4521626578644,1653.4521626578644,51531364,5702089216,11127.0,70.0,11127.0,79.28258064516129,1.4059200249612331,-0.012223556004755665,1.6318058036267757,0.011632051318883896,0.1278890073299408,106.0,28.0,0.5627713203430176,0.48543494939804077,0.34333816170692444,0.4350822865962982,0.00011390625000000006,0.421304851770401,2061,5.241127961780876,0.7209335751831532,1.4830033779144287,0.25889551639556885,1.1666667461395264,0.0,3.25,0.2641509433962264,5.181714281961322,81.37
progress,exploration,11a591f7a2129484d555caf115fcdbf1a709a0c9,343,4214784,12288,False,5.408787497784942,0.7314698630943894,6.163096089847386,1993.8030854723024,1659.6152587477118,1659.6152587477118,51531364,5702089216,11127.0,87.0,11127.0,79.26285347043702,0.7912901295349002,-0.012170730924481177,1.6312384717166424,0.011140887625515461,0.131103515625,92.0,21.0,0.5703396797180176,0.48399320244789124,0.34280261397361755,0.4355088174343109,0.00011390625000000006,0.42079880833625793,2001,5.408787497784942,0.7314698630943894,1.431236982345581,0.2506944537162781,0.875,0.0,3.0416667461395264,0.22826086956521738,4.771902508437633,83.64
progress,exploration,11a591f7a2129484d555caf115fcdbf1a709a0c9,344,4227072,12288,False,5.482043182011694,0.7298343759030104,6.238753143232316,1969.6243332419388,1665.854011890944,1665.854011890944,51531364,5702089216,11127.0,90.0,11127.0,79.26760563380282,1.6116550080478191,-0.0192911664780695,1.6224862113595009,0.01384701393544674,0.1726684421300888,116.0,23.0,0.5637750029563904,0.4806429147720337,0.34179139137268066,0.4327256679534912,0.00017085937500000009,0.4184502959251404,1978,5.482043182011694,0.7298343759030104,1.2400577068328857,0.20651456713676453,0.9583333730697632,0.0,3.9583334922790527,0.19827586206896552,4.73313709050417,82.87
progress,exploration,11a591f7a2129484d555caf115fcdbf1a709a0c9,345,4239360,12288,False,5.434680121950805,0.7324661849997938,6.198171169962734,1982.5202730039932,1672.0521830609068,1672.0521830609068,51531364,5702089216,11127.0,90.0,11127.0,79.25956632653062,1.2546713631600142,-0.015513973910856294,1.6061475723981857,0.0141757782548666,0.1741740107536316,255.0,26.0,0.5581597685813904,0.4789407551288605,0.34032773971557617,0.4307372570037842,0.00017085937500000009,0.41670551896095276,1992,5.434680121950805,0.7324661849997938,1.1779820919036865,0.20544856786727905,1.0833333730697632,0.0,9.583333969116211,0.10196078431372549,3.037046103551984,85.28
progress,exploration,11a591f7a2129484d555caf115fcdbf1a709a0c9,346,4251648,12288,False,5.277736614923924,0.7304325979202986,6.0411514369770885,2034.049324568621,1678.093334497884,1678.093334497884,51531364,5702089216,11127.0,75.0,11127.0,79.23331214240305,1.4453746639192104,-0.013113823617459275,1.5963845066726208,0.01483904104679823,0.1713867485523224,114.0,27.0,0.5648058652877808,0.4783688187599182,0.33855652809143066,0.43021711707115173,7.593750000000004e-05,0.4157555401325226,2045,5.277736614923924,0.7304325979202986,1.3669790029525757,0.22351190447807312,1.125,0.0,3.625,0.23684210526315788,5.054097258783877,81.37
progress,exploration,11a591f7a2129484d555caf115fcdbf1a709a0c9,347,4263936,12288,False,5.461280632764101,0.7203668900765479,6.231670022942126,1971.8630727816571,1684.325004520826,1684.325004520826,51531364,5702089216,11127.0,50.0,11127.0,79.2007599746675,1.39115628041327,-0.014603505900595337,1.5810408033430576,0.01314488798379898,0.15765380859375,111.0,41.0,0.5667860507965088,0.47686514258384705,0.3342185318470001,0.42806679010391235,0.00017085937500000009,0.4131299555301666,1987,5.461280632764101,0.7203668900765479,1.8445823192596436,0.3542328476905823,1.7083333730697632,0.0,2.9166667461395264,0.36936936936936937,6.946442239284515,77.75
progress,exploration,11a591f7a2129484d555caf115fcdbf1a709a0c9,348,4276224,12288,False,5.496512450277805,0.7234365888871253,6.265710312873125,1961.150354294846,1690.5907148336992,1690.5907148336992,51531364,5702089216,11127.0,86.0,11127.0,79.16529968454259,1.3161205165088177,-0.01679285929276375,1.5595487467944622,0.01611272245645523,0.1940714567899704,105.0,21.0,0.5591363310813904,0.47617799043655396,0.33201169967651367,0.4252942204475403,7.593750000000004e-05,0.4111518859863281,1975,5.496512450277805,0.7234365888871253,1.3741490840911865,0.2264881134033203,0.875,0.0,3.5,0.2,4.365653390102088,84.48
progress,exploration,11a591f7a2129484d555caf115fcdbf1a709a0c9,349,4288512,12288,False,5.3281423430889845,0.7474676547572017,6.124239205848426,2006.4533057861959,1696.7149540395476,1696.7149540395476,51531364,5702089216,11127.0,90.0,11127.0,79.16844751728473,1.479762876406312,-0.014930597870261408,1.55822329595685,0.01399235613644123,0.1666259914636612,237.0,28.0,0.5493164658546448,0.4744037091732025,0.33280953764915466,0.4253823459148407,7.593750000000004e-05,0.4108940660953522,2022,5.3281423430889845,0.7474676547572017,1.3842875957489014,0.24386253952980042,1.1666667461395264,0.0,8.708333969116211,0.11814345991561181,4.5031708083674316,82.62
progress,exploration,11a591f7a2129484d555caf115fcdbf1a709a0c9,350,4300800,12288,False,5.335036396048963,0.7227057269774377,6.083239472005516,2019.9763722188145,1702.798193511553,1702.798193511553,51531364,5702089216,11127.0,60.0,11127.0,79.14097744360902,1.5116165485233068,-0.014953391713788733,1.5522779449820518,0.01364890020340681,0.1668497771024704,129.0,30.0,0.5639920234680176,0.47365736961364746,0.3312224745750427,0.42546966671943665,5.0625000000000024e-05,0.41013002395629883,2028,5.335036396048963,0.7227057269774377,1.2535065412521362,0.2089015245437622,1.25,0.0,4.208333492279053,0.23255813953488372,4.886747588589787,82.5
progress,exploration,11a591f7a2129484d555caf115fcdbf1a709a0c9,351,4313088,12288,False,5.448596807196736,0.7206309889443219,6.218013850040734,1976.1937326529921,1709.0162073615938,1709.0162073615938,51531364,5702089216,11127.0,82.0,11127.0,79.13233458177278,1.5990636069327593,-0.014496851741569117,1.5454078167676926,0.012702160514891148,0.1561482846736908,107.0,29.0,0.5599772334098816,0.469493567943573,0.33095550537109375,0.42461830377578735,0.0002562890625000001,0.4084235727787018,1991,5.448596807196736,0.7206309889443219,1.5240205526351929,0.2716270089149475,1.2083333730697632,0.0,3.2916667461395264,0.27102803738317754,5.196830186322331,81.51
progress,exploration,11a591f7a2129484d555caf115fcdbf1a709a0c9,352,4325376,12288,False,5.412173313088715,0.7205495862290263,6.167690607253462,1992.317835390251,1715.1838979688473,1715.1838979688473,51531364,5702089216,11127.0,81.0,11127.0,79.11504975124379,1.2359861005097628,-0.01142325146793155,1.5365593880414963,0.01007010042667389,0.1303304135799408,234.0,23.0,0.559434711933136,0.46826285123825073,0.330728679895401,0.4248192608356476,0.00017085937500000009,0.4079452157020569,2003,5.412173313088715,0.7205495862290263,1.3815306425094604,0.22505176067352295,1.0,0.0,9.17391300201416,0.09829059829059829,1.9780429678410292,88.0
progress,exploration,11a591f7a2129484d555caf115fcdbf1a709a0c9,353,4337664,12288,False,5.212292741052806,0.7207622257992625,6.0230526169762015,2040.1614897677978,1721.2069505858235,1721.2069505858235,51531364,5702089216,11127.0,89.0,11127.0,79.10161090458489,1.3484705798327923,-0.01625551854067453,1.5379341952502728,0.013996154069900513,0.1549275666475296,112.0,27.0,0.5723199248313904,0.4676526188850403,0.3310578465461731,0.42495155334472656,0.00011390625000000006,0.4079330861568451,2071,5.212292741052806,0.7207622257992625,1.273864507675171,0.21703645586967468,1.125,0.0,3.5833334922790527,0.24107142857142858,4.99341325679794,81.55
progress,exploration,11a591f7a2129484d555caf115fcdbf1a709a0c9,354,4349952,12288,False,5.398188145831227,0.7301304922439158,6.156510307919234,1995.9359093728335,1727.3634608937427,1727.3634608937427,51531364,5702089216,11127.0,88.0,11127.0,79.07530864197531,1.231497859582305,-0.017524260620120913,1.5386550836265087,0.014436407946050167,0.1692708432674408,118.0,24.0,0.557969868183136,0.46659234166145325,0.33266910910606384,0.4261927902698517,5.0625000000000024e-05,0.40849292278289795,2005,5.398188145831227,0.7301304922439158,1.2526781558990479,0.19379961490631104,1.0,0.0,3.9583334922790527,0.2033898305084746,4.267357699461281,84.41
progress,exploration,11a591f7a2129484d555caf115fcdbf1a709a0c9,355,4362240,12288,False,5.521415791939944,0.751143679022789,6.336542221251875,1939.2279844341238,1733.7000031149946,1733.7000031149946,51531364,5702089216,11127.0,86.0,11127.0,79.08179581795818,1.2023018710315228,-0.01566647770232521,1.5323489494621754,0.01164231263101101,0.1465861052274704,103.0,27.0,0.550265908241272,0.4626762866973877,0.33050572872161865,0.4237116575241089,0.00017085937500000009,0.4057099521160126,1959,5.521415791939944,0.751143679022789,1.527801513671875,0.2788194417953491,1.125,0.0,3.1666667461395264,0.2621359223300971,5.199317136406899,80.69
progress,exploration,11a591f7a2129484d555caf115fcdbf1a709a0c9,356,4374528,12288,False,5.431297020055354,0.7568479138426483,6.255898710805923,1964.2261756531836,1739.9559018258005,1739.9559018258005,51531364,5702089216,11127.0,58.0,11127.0,79.06069895769467,1.6378959901630878,-0.014858383838145528,1.506594754755497,0.012441420927643776,0.1537882685661316,238.0,27.0,0.546359658241272,0.4597828984260559,0.3276332914829254,0.4204597473144531,0.00011390625000000006,0.4026820957660675,1985,5.431297020055354,0.7568479138426483,1.3865766525268555,0.25423192977905273,1.125,0.0,8.833333969116211,0.1134453781512605,3.9162327774614094,84.09
progress,exploration,11a591f7a2129484d555caf115fcdbf1a709a0c9,357,4386816,12288,False,5.291667897254229,0.7258636518381536,6.299185406882316,1950.7284206263355,1746.2550872326829,1746.2550872326829,51531364,5702089216,11127.0,99.0,11127.0,79.05742211362248,1.3870359305292368,-0.012244720943272114,1.4945682361721992,0.016114773228764534,0.1784464567899704,128.0,29.0,0.5724555253982544,0.4581186771392822,0.32836705446243286,0.41960135102272034,2.2500000000000008e-05,0.4020307958126068,2042,5.291667897254229,0.7258636518381536,1.3815797567367554,0.24424603581428528,1.2083333730697632,0.0,4.1666669845581055,0.2265625,4.65905229177326,83.65
progress,exploration,11a591f7a2129484d555caf115fcdbf1a709a0c9,358,4399104,12288,False,5.3412488689646125,0.7204444543458521,6.161627611145377,1994.2782614406974,1752.4167148438282,1752.4167148438282,51531364,5702089216,11127.0,98.0,11127.0,79.0596469872185,1.8403291329741478,-0.014407043603569036,1.4930487275123596,0.007768047507852316,0.0983072966337204,102.0,30.0,0.5645345449447632,0.45631831884384155,0.3275817036628723,0.4191276431083679,0.00017085937500000006,0.40112677216529846,2027,5.3412488689646125,0.7204444543458521,1.565157413482666,0.2881470322608948,1.3043478727340698,0.0,3.13043475151062,0.29411764705882354,5.410888721682131,80.65
progress,exploration,11a591f7a2129484d555caf115fcdbf1a709a0c9,359,4411392,12288,False,5.5218423921614885,0.716574901714921,6.3180548581294715,1944.9023909928499,1758.7347697019577,1758.7347697019577,51531364,5702089216,11127.0,57.0,11127.0,79.02061855670104,1.4953755475580692,-0.016539003467187285,1.4784192591905594,0.014655018225312233,0.1660970151424408,117.0,37.0,0.5470649003982544,0.4556208550930023,0.32561472058296204,0.4175196886062622,7.593750000000004e-05,0.3996047079563141,1969,5.5218423921614885,0.716574901714921,1.4145164489746094,0.269097238779068,1.5416667461395264,0.0,3.4166667461395264,0.3162393162393162,5.25884936183691,80.87
progress,exploration,11a591f7a2129484d555caf115fcdbf1a709a0c9,360,4423680,12288,False,5.32511141570285,0.7199890171177685,6.074951315764338,2022.7322592879,1764.809721017722,1764.809721017722,51531364,5702089216,11127.0,87.0,11127.0,78.99335347432024,1.5335611812770367,-0.016417956328950822,1.4678314626216888,0.011405766010284424,0.1416015625,240.0,34.0,0.5543348789215088,0.4543330669403076,0.3225663900375366,0.41493451595306396,0.00017085937500000009,0.39735832810401917,2032,5.32511141570285,0.7199890171177685,1.530026912689209,0.28756529092788696,1.4166667461395264,0.0,8.583333969116211,0.14166666666666666,4.5815503526479,83.47
progress,exploration,11a591f7a2129484d555caf115fcdbf1a709a0c9,361,4435968,12288,False,5.354023814201355,0.7180793290026486,6.101168232038617,2014.0405136630927,1770.9108892497607,1770.9108892497607,51531364,5702089216,11127.0,89.0,11127.0,78.98073449729078,1.6183165051043034,-0.015051335445605218,1.452388271689415,0.013264011591672897,0.1644083708524704,119.0,26.0,0.5648872256278992,0.455098032951355,0.3218288719654083,0.41335541009902954,0.00017085937500000009,0.39675194025039673,2023,5.354023814201355,0.7180793290026486,1.2159066200256348,0.205357164144516,1.0833333730697632,0.0,3.875,0.2184873949579832,4.0577334194257855,82.44
progress,exploration,11a591f7a2129484d555caf115fcdbf1a709a0c9,362,4448256,12288,False,5.481980029027909,0.718575376085937,6.226631800178438,1973.458587939608,1777.137521049939,1777.137521049939,51531364,5702089216,11127.0,94.0,11127.0,78.97478991596638,1.4991240426898003,-0.01583060402481351,1.456635370850563,0.014896461740136147,0.1769002377986908,115.0,36.0,0.5563965439796448,0.4572203457355499,0.32264816761016846,0.41167306900024414,0.00017085937500000009,0.3972156047821045,1981,5.481980029027909,0.718575376085937,1.574663519859314,0.2952711582183838,1.5,0.0,3.3333334922790527,0.3130434782608696,5.79558300897479,80.15
progress,exploration,11a591f7a2129484d555caf115fcdbf1a709a0c9,363,4460544,12288,False,5.513870787341148,0.7166817421093583,6.2577231717295945,1963.6534986899517,1783.3952442216687,1783.3952442216687,51531364,5702089216,11127.0,84.0,11127.0,78.96411483253588,1.1451759729534388,-0.011047858162783086,1.4549559876322746,0.012646323069930077,0.1481730192899704,236.0,23.0,0.5598687529563904,0.45648452639579773,0.3222561478614807,0.41224607825279236,7.593750000000004e-05,0.3970065712928772,1972,5.513870787341148,0.7166817421093583,1.3650634288787842,0.2237103283405304,0.9583333730697632,0.0,8.875,0.09745762711864407,2.3105008670687677,88.0
progress,exploration,11a591f7a2129484d555caf115fcdbf1a709a0c9,364,4472832,12288,False,5.088311844971031,0.7112674918025732,5.817367298062891,2112.295712201591,1789.2126115197316,1789.2126115197316,51531364,5702089216,11127.0,90.0,11127.0,78.94576877234803,1.3306235261261463,-0.016014592489227653,1.4563520438969135,0.013599656522274017,0.1540120542049408,99.0,21.0,0.5715875029563904,0.45724165439605713,0.3211744427680969,0.4139261245727539,7.593750000000004e-05,0.39746421575546265,2118,5.088311844971031,0.7112674918025732,1.1896913051605225,0.1894409954547882,0.9130434989929199,0.0,3.3913044929504395,0.21212121212121213,4.379463317608461,83.15
progress,exploration,11a591f7a2129484d555caf115fcdbf1a709a0c9,365,4485120,12288,False,5.410242800600827,0.7136205192655325,6.156104716006666,1996.0674106224371,1795.3687162357382,1795.3687162357382,51531364,5702089216,11127.0,91.0,11127.0,78.94655581947744,1.5531261749565601,-0.01241646560083609,1.4527550116181374,0.015075314790010452,0.18499755859375,129.0,31.0,0.5569390654563904,0.4563620388507843,0.3205541968345642,0.41336163878440857,2.2500000000000008e-05,0.39677101373672485,2006,5.410242800600827,0.7136205192655325,1.4124529361724854,0.2242063730955124,1.2916667461395264,0.0,4.083333492279053,0.24031007751937986,5.089865503758192,82.56
progress,exploration,11a591f7a2129484d555caf115fcdbf1a709a0c9,366,4497408,12288,False,5.477553267031908,0.714353933930397,6.226332678925246,1973.5533954991117,1801.5950489146635,1801.5950489146635,51531364,5702089216,11127.0,90.0,11127.0,78.93668639053254,1.3316992539912462,-0.01585737273853738,1.4471689760684967,0.011614050716161728,0.1443684995174408,106.0,30.0,0.5519477725028992,0.45516419410705566,0.3189372420310974,0.4127444326877594,0.00017085937500000009,0.39566734433174133,1984,5.477553267031908,0.714353933930397,1.4732615947723389,0.2857639193534851,1.25,0.0,3.2083334922790527,0.2830188679245283,5.045788539946079,82.18
progress,exploration,11a591f7a2129484d555caf115fcdbf1a709a0c9,367,4509696,12288,False,5.391756247263402,0.7187835797667503,6.1301427241414785,2004.5210287858224,1807.725191638805,1807.725191638805,51531364,5702089216,11127.0,95.0,11127.0,78.92448377581121,1.451151266694069,-0.018029516024398617,1.4333936721086502,0.015826746821403503,0.17974853515625,236.0,27.0,0.551730751991272,0.45351722836494446,0.316550076007843,0.41233566403388977,2.2500000000000008e-05,0.39414167404174805,2010,5.391756247263402,0.7187835797667503,1.3757871389389038,0.2193765640258789,1.125,0.0,8.708333969116211,0.11440677966101695,3.4855395183712243,84.08
progress,exploration,11a591f7a2129484d555caf115fcdbf1a709a0c9,368,4521984,12288,False,5.157434981781989,0.7133213873021305,5.910701937973499,2078.9408988897476,1813.6358935767785,1813.6358935767785,51531364,5702089216,11127.0,90.0,11127.0,78.9182833627278,1.467798656783998,-0.016051694605266675,1.4254458211362362,0.010564292781054974,0.1318359375,120.0,34.0,0.5757378935813904,0.4525763690471649,0.3144732117652893,0.4115087389945984,0.0002562890625000001,0.39287737011909485,2093,5.157434981781989,0.7133213873021305,1.4403432607650757,0.2527950704097748,1.47826087474823,0.0,3.7826087474823,0.2833333333333333,5.280689923539757,82.39
progress,exploration,11a591f7a2129484d555caf115fcdbf1a709a0c9,369,4534272,12288,False,5.327472182922065,0.7130639902316034,6.105189392808825,2012.7139732100331,1819.7410829695873,1819.7410829695873,51531364,5702089216,11127.0,91.0,11127.0,78.90919742237844,1.6944017764180899,-0.01341752187909151,1.4186643846333027,0.012082722038030624,0.1441446989774704,112.0,30.0,0.5574002265930176,0.4522882103919983,0.3140442371368408,0.41040802001953125,0.00011390625000000006,0.39230483770370483,2034,5.327472182922065,0.7130639902316034,1.5267443656921387,0.2680124342441559,1.3043478727340698,0.0,3.5652174949645996,0.26785714285714285,5.654537402503192,81.8
progress,exploration,11a591f7a2129484d555caf115fcdbf1a709a0c9,370,4546560,12288,False,5.495415729936212,0.7139575462788343,6.2465952299535275,1967.1516318324693,1825.9876781995408,1825.9876781995408,51531364,5702089216,11127.0,88.0,11127.0,78.88259345794393,1.73253283649683,-0.013683437427971512,1.4090706519782543,0.01257796585559845,0.1557210236787796,110.0,27.0,0.5579699277877808,0.4516546130180359,0.3130042552947998,0.40896347165107727,7.593750000000004e-05,0.39123234152793884,1978,5.495415729936212,0.7139575462788343,1.3836755752563477,0.2264384925365448,1.125,0.0,3.4583334922790527,0.24545454545454545,5.36943215444684,81.11
progress,exploration,11a591f7a2129484d555caf115fcdbf1a709a0c9,371,4558848,12288,False,5.197059387341142,0.7198291458189487,5.93942280812189,2068.887903248228,1831.9271010076627,1831.9271010076627,51531364,5702089216,11127.0,81.0,11127.0,78.86845168800932,1.652722055092454,-0.016057997097959742,1.3988154269754887,0.013953939080238342,0.1616007536649704,246.0,39.0,0.5589735507965088,0.4507128894329071,0.31107401847839355,0.40686261653900146,0.00017085937500000009,0.3895665407180786,2076,5.197059387341142,0.7198291458189487,1.6861299276351929,0.31853318214416504,1.6956522464752197,0.0,9.0,0.15853658536585366,5.554905539266765,81.03
progress,exploration,11a591f7a2129484d555caf115fcdbf1a709a0c9,372,4571136,12288,False,5.321734560187906,0.7135541788302362,6.060465638060123,2027.566978159327,1837.9875666457228,1837.9875666457228,51531364,5702089216,11127.0,91.0,11127.0,78.87819025522042,1.2149300165474415,-0.01395401803392815,1.397341139614582,0.01510642096400261,0.1820475459098816,112.0,28.0,0.564181923866272,0.45206642150878906,0.3113190531730652,0.40718862414360046,5.0625000000000024e-05,0.39021551609039307,2036,5.321734560187906,0.7135541788302362,1.34393310546875,0.23882275819778442,1.1666667461395264,0.0,3.5416667461395264,0.25,4.901141024380922,81.79
progress,exploration,11a591f7a2129484d555caf115fcdbf1a709a0c9,373,4583424,12288,False,5.350087264087051,0.7139412118121982,6.117499609943479,2008.6637978737085,1844.1050662556663,1844.1050662556663,51531364,5702089216,11127.0,90.0,11127.0,78.87687861271677,1.7707727812230587,-0.014868435959215276,1.3959919586777687,0.01218683086335659,0.1450398862361908,110.0,34.0,0.557834267616272,0.45163679122924805,0.3105623424053192,0.40765848755836487,0.00011390625000000006,0.3899802267551422,2026,5.350087264087051,0.7139412118121982,1.5180790424346924,0.29465147852897644,1.47826087474823,0.0,3.3043479919433594,0.3090909090909091,5.467348387390375,81.38
progress,exploration,11a591f7a2129484d555caf115fcdbf1a709a0c9,374,4595712,12288,False,5.4937789109535515,0.7238390683196485,6.236898994073272,1970.2098770040845,1850.3419652497396,1850.3419652497396,51531364,5702089216,11127.0,93.0,11127.0,78.87435158501441,1.5082219652831554,-0.014306103470516973,1.3959279507398605,0.011951366439461708,0.149658203125,237.0,28.0,0.5525174140930176,0.44980448484420776,0.3117630183696747,0.40781518816947937,0.00017085937500000009,0.38983508944511414,1976,5.4937789109535515,0.7238390683196485,1.3194477558135986,0.2097553014755249,1.1666667461395264,0.0,8.708333969116211,0.11814345991561181,2.2290308007597925,88.0
progress,exploration,11a591f7a2129484d555caf115fcdbf1a709a0c9,375,4608000,12288,False,5.002893996890634,0.7180766579695046,5.758742655161768,2133.7991182824994,1856.1007079049014,1856.1007079049014,51531364,5702089216,11127.0,89.0,11127.0,78.87593337162551,1.2338419305160642,-0.011767780992755661,1.3954965844750404,0.014575473964214325,0.1572265625,109.0,19.0,0.5631781816482544,0.44936901330947876,0.31153374910354614,0.40885576605796814,3.3750000000000014e-05,0.38991811871528625,2147,5.002893996890634,0.7180766579695046,1.1630024909973145,0.16681097447872162,0.8636363744735718,0.0,4.136363983154297,0.1743119266055046,4.104421097189188,84.17
progress,exploration,11a591f7a2129484d555caf115fcdbf1a709a0c9,376,4620288,12288,False,5.422806603834033,0.723978509195149,6.1701291357167065,1991.5304412137975,1862.270837040618,1862.270837040618,51531364,5702089216,11127.0,89.0,11127.0,78.86720091585575,1.3228359781205654,-0.015362303621259343,1.399441208690405,0.012519659474492073,0.1534423828125,117.0,22.0,0.5625814199447632,0.44956108927726746,0.3111904263496399,0.41106361150741577,0.00011390625000000006,0.3906075656414032,1999,5.422806603834033,0.723978509195149,1.0623366832733154,0.15238097310066223,0.9166666865348816,0.0,4.0416669845581055,0.18803418803418803,3.9824724915623664,84.31
progress,exploration,11a591f7a2129484d555caf115fcdbf1a709a0c9,377,4632576,12288,False,5.534161717630923,0.7224068641662598,6.304518810939044,1949.0781721007713,1868.575355851557,1868.575355851557,51531364,5702089216,11127.0,90.0,11127.0,78.87906446092413,1.2454874627292156,-0.018324543088965584,1.4035179689526558,0.015254489146173,0.1860148161649704,118.0,30.0,0.5652398467063904,0.45100054144859314,0.31007206439971924,0.4127804636955261,0.00011390625000000006,0.3912857472896576,1964,5.534161717630923,0.7224068641662598,1.5109981298446655,0.2782738208770752,1.25,0.0,3.6666667461395264,0.2542372881355932,4.487116755992174,83.07
progress,exploration,11a591f7a2129484d555caf115fcdbf1a709a0c9,378,4644864,12288,False,5.329103789292276,0.7301038936711848,6.082150358241051,2020.3380837749744,1874.6575062097982,1874.6575062097982,51531364,5702089216,11127.0,50.0,11127.0,78.86120591581343,1.381522698327899,-0.015583655185764655,1.4067302942276,0.014556090347468853,0.1732177883386612,232.0,28.0,0.561143696308136,0.4517878293991089,0.3100185990333557,0.4129031300544739,0.00011390625000000006,0.39158254861831665,2027,5.329103789292276,0.7301038936711848,1.305350661277771,0.21643610298633575,1.2173913717269897,0.0,8.8695650100708,0.1206896551724138,3.3928312323242427,85.78
progress,exploration,11a591f7a2129484d555caf115fcdbf1a709a0c9,379,4657152,12288,False,5.212738191243261,0.7193152951076627,5.977694198023528,2055.6421243600785,1880.6352004078217,1880.6352004078217,51531364,5702089216,11127.0,56.0,11127.0,78.83673469387755,1.5472027566283941,-0.015618690435076132,1.4029181338846684,0.01612834632396698,0.1891072690486908,105.0,25.0,0.5748698115348816,0.45056813955307007,0.30939099192619324,0.41208913922309875,2.2500000000000008e-05,0.39068856835365295,2071,5.212738191243261,0.7193152951076627,1.6300102472305298,0.27391302585601807,1.08695650100708,0.0,3.5217392444610596,0.23809523809523808,5.10486913472414,83.42
progress,exploration,11a591f7a2129484d555caf115fcdbf1a709a0c9,380,4669440,12288,False,5.452410957310349,0.7248269910924137,6.196268578991294,1983.1290143979516,1886.831468986813,1886.831468986813,51531364,5702089216,11127.0,88.0,11127.0,78.82824858757063,1.5134610310196877,-0.011798323321272619,1.3992843069136143,0.009015055373311043,0.1165364533662796,119.0,33.0,0.570773720741272,0.4495371878147125,0.31049245595932007,0.4105878472328186,0.00011390625000000005,0.3902339041233063,1989,5.452410957310349,0.7248269910924137,1.4602621793746948,0.24508929252624512,1.375,0.0,3.625,0.2773109243697479,5.0176871833950285,82.71
progress,exploration,11a591f7a2129484d555caf115fcdbf1a709a0c9,381,4681728,12288,False,5.412635273765773,0.728064370341599,6.160896149929613,1994.5150349824332,1892.9923651367426,1892.9923651367426,51531364,5702089216,11127.0,89.0,11127.0,78.80518018018019,1.6246309150010347,-0.01751083615818061,1.393581673502922,0.014507414773106575,0.1805623471736908,125.0,32.0,0.559299111366272,0.4488552510738373,0.309393048286438,0.4094938337802887,0.00011390625000000006,0.3892866373062134,2001,5.412635273765773,0.728064370341599,1.469069480895996,0.2573326528072357,1.39130437374115,0.0,4.08695650100708,0.256,4.9184764586389065,83.5
progress,exploration,11a591f7a2129484d555caf115fcdbf1a709a0c9,382,4694016,12288,False,5.25207430170849,0.7293843389488757,6.011351951863617,2044.1325176760813,1899.0037170886062,1899.0037170886062,51531364,5702089216,11127.0,74.0,11127.0,78.78551375631667,1.5014518983662128,-0.015853610340855084,1.377126257866621,0.01637842133641243,0.1891072690486908,220.0,34.0,0.5505642890930176,0.4464261829853058,0.3047488033771515,0.4093340039253235,2.2500000000000008e-05,0.38684168457984924,2054,5.25207430170849,0.7293843389488757,1.818495750427246,0.3548045754432678,1.47826087474823,0.0,8.086956977844238,0.15454545454545454,4.833252882659435,82.86
progress,exploration,11a591f7a2129484d555caf115fcdbf1a709a0c9,383,4706304,12288,False,5.3706347569823265,0.7227186439558864,6.112415709067136,2010.3344708331967,1905.1161327976733,1905.1161327976733,51531364,5702089216,11127.0,96.0,11127.0,78.78231673195299,1.3425253853201866,-0.011928599742532242,1.3668551854789257,0.010081025771796703,0.1250813901424408,123.0,31.0,0.571397602558136,0.4457721710205078,0.30434879660606384,0.4082920551300049,0.00017085937500000006,0.3861970007419586,2016,5.3706347569823265,0.7227186439558864,1.5223816633224487,0.2706349492073059,1.2916667461395264,0.0,3.8333334922790527,0.25203252032520324,5.070157081857324,83.07
progress,exploration,11a591f7a2129484d555caf115fcdbf1a709a0c9,384,4718592,12288,False,5.484758235979825,0.7301801890134811,6.267505055293441,1960.5887656399639,1911.3836378529668,1911.3836378529668,51531364,5702089216,11127.0,62.0,11127.0,78.74790853318461,1.1684658955782652,-0.012512660354332183,1.358570460230112,0.015183204784989357,0.1598917692899704,107.0,21.0,0.5690376162528992,0.44477900862693787,0.30356714129447937,0.4078507125377655,3.3750000000000014e-05,0.38540518283843994,1977,5.484758235979825,0.7301801890134811,1.2265675067901611,0.18273811042308807,0.875,0.0,3.5833334922790527,0.19626168224299065,4.5156204773951325,83.48
progress,exploration,11a591f7a2129484d555caf115fcdbf1a709a0c9,385,4730880,12288,False,5.535438172053546,0.724880802910775,6.278355306014419,1957.200477046684,1917.6619931589812,1917.6619931589812,51531364,5702089216,11127.0,68.0,11127.0,78.73151750972762,1.4839017130434513,-0.019046971003263025,1.3598198629915714,0.013971970416605473,0.171875,246.0,30.0,0.5594889521598816,0.44295763969421387,0.3065408766269684,0.40648260712623596,3.3750000000000014e-05,0.38532787561416626,1962,5.535438172053546,0.724880802910775,1.5041545629501343,0.24886366724967957,1.25,0.0,9.0,0.12195121951219512,2.4685041493922473,87.94
progress,exploration,11a591f7a2129484d555caf115fcdbf1a709a0c9,386,4743168,12288,False,5.265866847708821,0.7228737082332373,6.028301674872637,2038.3850481835111,1923.6902948338538,1923.6902948338538,51531364,5702089216,11127.0,90.0,11127.0,78.73351800554016,1.348827226087451,-0.017474289212259464,1.359211154282093,0.01130968239158392,0.1405029445886612,103.0,30.0,0.5743815898895264,0.44422397017478943,0.3035593330860138,0.4077081084251404,0.00017085937500000009,0.3851926624774933,2051,5.265866847708821,0.7228737082332373,1.842093825340271,0.33690476417541504,1.25,0.0,3.0416667461395264,0.2912621359223301,6.05339666724205,80.04
progress,exploration,11a591f7a2129484d555caf115fcdbf1a709a0c9,387,4755456,12288,False,5.442335884086788,0.7269928348250687,6.22658404475078,1973.473723583511,1929.9168788786046,1929.9168788786046,51531364,5702089216,11127.0,90.0,11127.0,78.70900055218111,1.668988449499011,-0.010886505944654346,1.3541237860918045,0.01710055023431778,0.1887003481388092,130.0,32.0,0.568223774433136,0.44475555419921875,0.30287525057792664,0.4073944687843323,1.0000000000000004e-05,0.3850075304508209,1991,5.442335884086788,0.7269928348250687,1.4213980436325073,0.23869049549102783,1.3333333730697632,0.0,4.083333492279053,0.24615384615384617,5.13031525939703,82.22
progress,exploration,11a591f7a2129484d555caf115fcdbf1a709a0c9,388,4767744,12288,False,5.483347419649363,0.7243310543708503,6.22424494009465,1974.2153656011392,1936.1411238186993,1936.1411238186993,51531364,5702089216,11127.0,61.0,11127.0,78.68942731277534,1.5252139084041119,-0.016454199329018593,1.3518002443015575,0.01041886955499649,0.1275634765625,110.0,35.0,0.56640625,0.44509026408195496,0.30120572447776794,0.4046761691570282,0.00017085937500000009,0.38372763991355896,1979,5.483347419649363,0.7243310543708503,1.6873109340667725,0.31860122084617615,1.4583333730697632,0.0,3.125,0.3181818181818182,5.97187207378447,79.57
progress,exploration,11a591f7a2129484d555caf115fcdbf1a709a0c9,389,4780032,12288,False,5.3073974060826,0.7313814098015428,6.056295323185623,2028.9631440126816,1942.197419141885,1942.197419141885,51531364,5702089216,11127.0,82.0,11127.0,78.68221734357849,1.536992957815528,-0.01310753176221624,1.3381796590983868,0.014307324774563313,0.1657308042049408,237.0,24.0,0.5646430253982544,0.44458937644958496,0.30046597123146057,0.403842031955719,5.0625000000000024e-05,0.3829769194126129,2034,5.3073974060826,0.7313814098015428,1.250389814376831,0.203778475522995,1.04347825050354,0.0,9.260869979858398,0.10126582278481013,3.326669080406427,85.54
progress,exploration,11a591f7a2129484d555caf115fcdbf1a709a0c9,390,4792320,12288,False,5.305596302263439,0.7248086240142584,6.067801523953676,2025.115678469547,1948.2652206658386,1948.2652206658386,51531364,5702089216,11127.0,89.0,11127.0,78.67450765864332,1.5401318613439798,-0.013438226509606466,1.3372801430523396,0.010959434323012829,0.1285400390625,112.0,35.0,0.573459267616272,0.44383904337882996,0.3003544211387634,0.40472060441970825,0.00011390625000000006,0.3829880356788635,2037,5.305596302263439,0.7248086240142584,1.6982825994491577,0.3388392925262451,1.4583333730697632,0.0,3.2083334922790527,0.3125,5.6396104892063885,79.43
progress,exploration,11a591f7a2129484d555caf115fcdbf1a709a0c9,391,4804608,12288,False,5.464253813959658,0.7218154929578304,6.213753297924995,1977.5487391981626,1954.4789739637636,1954.4789739637636,51531364,5702089216,11127.0,89.0,11127.0,78.67175572519083,1.5795776266604662,-0.01452756256912835,1.339472509920597,0.017059650272130966,0.2082112729549408,114.0,33.0,0.5702311992645264,0.4442631006240845,0.3008017838001251,0.4048019051551819,1e-05,0.3832925856113434,1986,5.464253813959658,0.7218154929578304,1.437670111656189,0.24712300300598145,1.375,0.0,3.4166667461395264,0.2894736842105263,5.704751632660628,80.83
progress,exploration,11a591f7a2129484d555caf115fcdbf1a709a0c9,392,4816896,12288,False,5.527313544880599,0.7243141401559114,6.273231092840433,1958.799192655943,1960.752205056604,1960.752205056604,51531364,5702089216,11127.0,87.0,11127.0,78.64619565217392,1.7697594575583935,-0.014379053134689457,1.3437870889902115,0.009926318190991879,0.125,116.0,31.0,0.572509765625,0.44323641061782837,0.30315178632736206,0.40525391697883606,0.0002562890625000001,0.3839115798473358,1965,5.527313544880599,0.7243141401559114,1.4566577672958374,0.23804563283920288,1.2916667461395264,0.0,3.5416667461395264,0.2672413793103448,5.64476396009326,80.27
progress,exploration,11a591f7a2129484d555caf115fcdbf1a709a0c9,393,4829184,12288,False,5.347278560977429,0.7320425133220851,6.115235479082912,2009.4074941236447,1966.867440535687,1966.867440535687,51531364,5702089216,11127.0,92.0,11127.0,78.65094850948509,1.4577724412083626,-0.01197831223544199,1.3453490138053894,0.014312801882624626,0.1688639372587204,236.0,35.0,0.571262001991272,0.44438451528549194,0.3018758296966553,0.40515100955963135,0.00011390625000000006,0.38379615545272827,2021,5.347278560977429,0.7320425133220851,1.7176752090454102,0.31309524178504944,1.4583333730697632,0.0,8.5,0.1483050847457627,5.327667676210403,81.59
progress,exploration,11a591f7a2129484d555caf115fcdbf1a709a0c9,394,4841472,12288,False,5.3494013929739594,0.7162919528782368,6.091531948186457,2017.2265539308755,1972.9589724838734,1972.9589724838734,51531364,5702089216,11127.0,69.0,11127.0,78.64289573203673,1.6959548778831959,-0.014706902744364925,1.346825271844864,0.0137382373213768,0.1654459685087204,123.0,29.0,0.5869141221046448,0.44517865777015686,0.30118122696876526,0.40588656067848206,5.0625000000000024e-05,0.3841065466403961,2025,5.3494013929739594,0.7162919528782368,1.4901819229125977,0.26101192831993103,1.2083333730697632,0.0,3.9583334922790527,0.23577235772357724,5.252932391725481,81.11
progress,exploration,11a591f7a2129484d555caf115fcdbf1a709a0c9,395,4853760,12288,False,5.4684584168717265,0.7230741302482784,6.222820093855262,1974.6674039530428,1979.1817925777286,1979.1817925777286,51531364,5702089216,11127.0,79.0,11127.0,78.61712439418417,1.0575306536629796,-0.017441449119360186,1.3424406424164772,0.014937594532966614,0.1755574643611908,105.0,25.0,0.56591796875,0.4445062279701233,0.3002508580684662,0.40569743514060974,3.3750000000000014e-05,0.38348478078842163,1984,5.4684584168717265,0.7230741302482784,1.273768424987793,0.22118055820465088,1.0416667461395264,0.0,3.375,0.23809523809523808,4.901941925287247,82.18
progress,exploration,11a591f7a2129484d555caf115fcdbf1a709a0c9,396,4866048,12288,False,5.511738777626306,0.7176835723221302,6.246855086181313,1967.0698024006226,1985.42864766391,1985.42864766391,51531364,5702089216,11127.0,80.0,11127.0,78.59044551798175,1.4082936868071556,-0.01805427754879929,1.344287320971489,0.011139512062072754,0.1390991359949112,231.0,17.0,0.5647244453430176,0.44562482833862305,0.3009958863258362,0.40505486726760864,0.0002562890625000001,0.3839341104030609,1972,5.511738777626306,0.7176835723221302,1.1089837551116943,0.16736111044883728,0.7083333730697632,0.0,8.916666984558105,0.0735930735930736,2.384785733772442,88.0
progress,exploration,11a591f7a2129484d555caf115fcdbf1a709a0c9,397,4878336,12288,False,5.232676705811173,0.7175199249759316,5.979792767670006,2054.9207100345643,1991.40844043158,1991.40844043158,51531364,5702089216,11127.0,90.0,11127.0,78.5880149812734,1.386223465204239,-0.01255635023699142,1.342985961586237,0.01514043752104044,0.1779378354549408,121.0,36.0,0.574191689491272,0.44685277342796326,0.3001716732978821,0.404319167137146,0.0002562890625000001,0.38385096192359924,2065,5.232676705811173,0.7175199249759316,1.5507911443710327,0.28462302684783936,1.5,0.0,3.5416667461395264,0.2975206611570248,5.7364675468206405,80.15
progress,exploration,11a591f7a2129484d555caf115fcdbf1a709a0c9,398,4890624,12288,False,5.418743036687374,0.7174686030484736,6.163927532266825,1993.5341445328456,1997.5723679638468,1997.5723679638468,51531364,5702089216,11127.0,46.0,11127.0,78.56723585912486,1.2773012984544039,-0.009006714491988532,1.3411037735641003,0.011794867925345898,0.1370646208524704,118.0,16.0,0.5741645097732544,0.4460456371307373,0.2997604012489319,0.40493321418762207,5.0625000000000024e-05,0.38358932733535767,2002,5.418743036687374,0.7174686030484736,1.0186867713928223,0.1403769850730896,0.6666666865348816,0.0,4.25,0.13559322033898305,3.751852333545685,84.0
progress,exploration,11a591f7a2129484d555caf115fcdbf1a709a0c9,399,4902912,12288,False,5.379277403932065,0.7349492511712015,6.149554844945669,1998.193415593249,2003.7219228087924,2003.7219228087924,51531364,5702089216,11127.0,64.0,11127.0,78.55531914893616,1.2967969235032797,-0.01458327471254961,1.340695634484291,0.0100501524284482,0.1227213591337204,102.0,24.0,0.5669217109680176,0.4454972445964813,0.30008503794670105,0.4043862223625183,0.00011390625000000006,0.3833719789981842,2009,5.379277403932065,0.7349492511712015,1.5279748439788818,0.26055899262428284,1.04347825050354,0.0,3.3913044929504395,0.23529411764705882,4.921279085427523,82.29
progress,exploration,11a591f7a2129484d555caf115fcdbf1a709a0c9,400,4915200,12288,False,5.428359412122518,0.7208065059967339,6.191296515055001,1984.7216120436187,2009.9132193238474,2009.9132193238474,51531364,5702089216,11127.0,47.0,11127.0,78.52598091198303,1.4491650555282831,-0.016937194632191677,1.3299815133213997,0.014081345871090889,0.17230224609375,244.0,23.0,0.5621745586395264,0.44368669390678406,0.298875629901886,0.4015668034553528,0.00017085937500000009,0.3813870847225189,1998,5.428359412122518,0.7208065059967339,1.189009666442871,0.16921687126159668,0.9583333730697632,0.0,9.208333969116211,0.0942622950819672,3.317029697103426,85.91
progress,exploration,11a591f7a2129484d555caf115fcdbf1a709a0c9,401,4927488,12288,False,5.289844261016697,0.7169949482195079,6.042008068878204,2033.7609384029613,2015.9552273927256,2015.9552273927256,51531364,5702089216,11127.0,91.0,11127.0,78.50898520084567,1.6871527284383774,-0.008751533285249025,1.3286512419581413,0.016948845237493515,0.1711222380399704,118.0,30.0,0.5692816972732544,0.44425061345100403,0.3001270890235901,0.4018664062023163,1.5000000000000005e-05,0.38207972049713135,2045,5.289844261016697,0.7169949482195079,1.3857277631759644,0.23521827161312103,1.25,0.0,3.6666667461395264,0.2542372881355932,5.196612041071058,81.28
progress,exploration,11a591f7a2129484d555caf115fcdbf1a709a0c9,402,4939776,12288,False,5.432581197936088,0.7161099752411246,6.172570079099387,1990.7428903250118,2022.127797471825,2022.127797471825,51531364,5702089216,11127.0,90.0,11127.0,78.49841938883034,1.7166247069835663,-0.015131895372178406,1.32934345677495,0.008099153637886047,0.1009521484375,107.0,25.0,0.571017861366272,0.4432101249694824,0.300705224275589,0.3997586667537689,0.00017085937500000006,0.3812733292579651,1998,5.432581197936088,0.7161099752411246,1.5819146633148193,0.2628968358039856,1.0416667461395264,0.0,3.4166667461395264,0.2336448598130841,5.095369297713042,82.44
progress,exploration,11a591f7a2129484d555caf115fcdbf1a709a0c9,403,4952064,12288,False,5.50325075769797,0.7465985370799899,6.275044915731996,1958.2329951444788,2028.402842387557,2028.402842387557,51531364,5702089216,11127.0,85.0,11127.0,78.46953781512605,1.765809502452612,-0.01577992964303121,1.3260019198060036,0.015145260840654373,0.1856689453125,108.0,31.0,0.5757107734680176,0.4432535171508789,0.3010005056858063,0.3987514078617096,0.00017085937500000009,0.38104116916656494,1966,5.50325075769797,0.7465985370799899,1.6041688919067383,0.30651456117630005,1.2916667461395264,0.0,3.2083334922790527,0.28703703703703703,5.55725873703137,79.99
progress,exploration,11a591f7a2129484d555caf115fcdbf1a709a0c9,404,4964352,12288,False,5.357779286801815,0.7208756310865283,6.097036274150014,2015.4054277318642,2034.499878661707,2034.499878661707,51531364,5702089216,11127.0,71.0,11127.0,78.46673651126244,1.4311207607388496,-0.014231767214369029,1.3285264074802399,0.015487110242247581,0.1787923127412796,257.0,37.0,0.5748969316482544,0.4425463080406189,0.3033504784107208,0.39986807107925415,7.593750000000004e-05,0.38193511962890625,2021,5.357779286801815,0.7208756310865283,1.5873301029205322,0.2922327518463135,1.5416667461395264,0.0,9.208333969116211,0.14396887159533073,4.822343308860436,82.29
progress,exploration,11a591f7a2129484d555caf115fcdbf1a709a0c9,405,4976640,12288,False,5.34957492724061,0.7157899006269872,6.084126058034599,2019.6820188780712,2040.5840047197416,2040.5840047197416,51531364,5702089216,11127.0,83.0,11127.0,78.43968668407311,1.6583022810518742,-0.0164591536813532,1.3384591080248356,0.014141082763671875,0.1703287959098816,110.0,32.0,0.5927734375,0.44371268153190613,0.30507588386535645,0.40023502707481384,0.00011390625000000006,0.3830210864543915,2025,5.34957492724061,0.7157899006269872,1.6515883207321167,0.28854167461395264,1.3333333730697632,0.0,3.2916667461395264,0.2909090909090909,5.822945894785225,80.63
progress,exploration,11a591f7a2129484d555caf115fcdbf1a709a0c9,406,4988928,12288,False,5.487669653724879,0.7142289881594479,6.25310281990096,1965.1044215829197,2046.8371075396426,2046.8371075396426,51531364,5702089216,11127.0,76.0,11127.0,78.4102030192608,2.0015762746334076,-0.017927151988260448,1.341205433011055,0.015107125043869019,0.1821696013212204,119.0,39.0,0.5788032412528992,0.4417404532432556,0.30508953332901,0.3997868001461029,0.00011390625000000006,0.3822678029537201,1981,5.487669653724879,0.7142289881594479,1.6979392766952515,0.3099537193775177,1.625,0.0,3.375,0.3277310924369748,6.275303382873535,78.54
progress,exploration,11a591f7a2129484d555caf115fcdbf1a709a0c9,407,5001216,12288,False,5.516883003059775,0.7130533456802368,6.247526423074305,1966.858428099817,2053.084633962717,2053.084633962717,51531364,5702089216,11127.0,91.0,11127.0,78.42086144265699,1.585649013519287,-0.017639737954596058,1.3302395232021809,0.014268278144299984,0.1765340268611908,238.0,33.0,0.580322265625,0.4407777786254883,0.30430757999420166,0.39827194809913635,0.00011390625000000006,0.3811488449573517,1972,5.516883003059775,0.7130533456802368,1.4813308715820312,0.2547979950904846,1.375,0.0,8.541666984558105,0.13865546218487396,2.6265510275959967,87.42
progress,exploration,11a591f7a2129484d555caf115fcdbf1a709a0c9,408,5013504,12288,False,5.227615066803992,0.7156200660392642,5.983988062944263,2053.480032170053,2059.068622025661,2059.068622025661,51531364,5702089216,11127.0,90.0,11127.0,78.4047619047619,1.9343004040420055,-0.015179799034740427,1.3228631503880024,0.01349057350307703,0.1661376953125,114.0,40.0,0.5791558623313904,0.4399987459182739,0.303394079208374,0.39702725410461426,5.0625000000000024e-05,0.38016706705093384,2067,5.227615066803992,0.7156200660392642,1.7466119527816772,0.3409061133861542,1.6666667461395264,0.0,3.0833334922790527,0.3508771929824561,6.373575476333499,78.77
progress,exploration,11a591f7a2129484d555caf115fcdbf1a709a0c9,409,5025792,12288,False,5.444998391903937,0.7163990498520434,6.180047683883458,1988.334172897253,2065.2486697095446,2065.2486697095446,51531364,5702089216,11127.0,99.0,11127.0,78.40247678018576,1.8471721336245537,-0.01576792415289674,1.3129235319793224,0.013743290677666664,0.1801757961511612,120.0,33.0,0.581760048866272,0.4378199279308319,0.3025696575641632,0.3946027159690857,0.00017085937500000009,0.37838834524154663,1994,5.444998391903937,0.7163990498520434,1.4534152746200562,0.23829364776611328,1.375,0.0,3.625,0.275,5.606930753411725,80.56
progress,exploration,11a591f7a2129484d555caf115fcdbf1a709a0c9,410,5038080,12288,False,5.510848775040358,0.7152109588496387,6.244095749221742,1967.9390729284644,2071.4927654587664,2071.4927654587664,51531364,5702089216,11127.0,68.0,11127.0,78.3775720164609,1.7777246348559856,-0.013488039825460874,1.2952610664069653,0.013347079046070576,0.1615803986787796,119.0,37.0,0.5825195908546448,0.4362850487232208,0.299849271774292,0.39347603917121887,5.0625000000000024e-05,0.37656474113464355,1973,5.510848775040358,0.7152109588496387,1.5264835357666016,0.27749669551849365,1.5416667461395264,0.0,3.4166667461395264,0.31092436974789917,5.2160497660283,80.62
progress,exploration,11a591f7a2129484d555caf115fcdbf1a709a0c9,411,5050368,12288,False,5.407930857967585,0.7215531822293997,6.147533297073096,1998.8504992482829,2077.6402987558395,2077.6402987558395,51531364,5702089216,11127.0,57.0,11127.0,78.35179487179487,1.4575613252818584,-0.017158297101559583,1.2864720411598682,0.012946110218763351,0.1662394404411316,239.0,36.0,0.5826551914215088,0.4361917972564697,0.2985946834087372,0.393614798784256,0.00017085937500000009,0.3761296272277832,2004,5.407930857967585,0.7215531822293997,1.6689879894256592,0.3221230208873749,1.5,0.0,8.5,0.1506276150627615,3.2877228946983816,85.89
progress,exploration,11a591f7a2129484d555caf115fcdbf1a709a0c9,412,5062656,12288,False,5.273673607036471,0.719857435207814,6.019874524790794,2041.238558942728,2083.6601732806303,2083.6601732806303,51531364,5702089216,11127.0,90.0,11127.0,78.33077709611452,1.4879718171432614,-0.016184971085749567,1.2901241444051266,0.01593705639243126,0.1842854917049408,107.0,37.0,0.5790473222732544,0.4358372092247009,0.3001343905925751,0.3936135470867157,3.3750000000000014e-05,0.37654247879981995,2050,5.273673607036471,0.719857435207814,1.8900645971298218,0.36716270446777344,1.5416667461395264,0.0,2.9583334922790527,0.34579439252336447,6.401525921970606,79.27
progress,exploration,11a591f7a2129484d555caf115fcdbf1a709a0c9,413,5074944,12288,False,5.468866611365229,0.7273391368798912,6.250381988007575,1965.959844306576,2089.910555268638,2089.910555268638,51531364,5702089216,11127.0,89.0,11127.0,78.32976554536188,1.7234605140984058,-0.0155730324331671,1.2846981324255466,0.012266119942069054,0.1497395932674408,124.0,37.0,0.5850423574447632,0.43487483263015747,0.29831209778785706,0.39162203669548035,5.0625000000000024e-05,0.3749474883079529,1983,5.468866611365229,0.7273391368798912,1.6582138538360596,0.30583664774894714,1.5416667461395264,0.0,3.625,0.29838709677419356,5.902715711966157,79.2
progress,exploration,11a591f7a2129484d555caf115fcdbf1a709a0c9,414,5087232,12288,False,5.541081071365625,0.7250585067085922,6.28860042616725,1954.0118893337353,2096.199155694805,2096.199155694805,51531364,5702089216,11127.0,90.0,11127.0,78.33841463414635,1.7539725117385387,-0.014518817697535269,1.2771976999938488,0.010652896016836166,0.1286417841911316,115.0,36.0,0.5736762881278992,0.4334927499294281,0.2986603379249573,0.39238932728767395,7.593750000000002e-05,0.3748593330383301,1961,5.541081071365625,0.7250585067085922,1.6124789714813232,0.307539701461792,1.5,0.0,3.2916667461395264,0.3130434782608696,5.814623225331307,79.89
progress,exploration,11a591f7a2129484d555caf115fcdbf1a709a0c9,415,5099520,12288,False,5.310003357939422,0.7224085624329746,6.053574290126562,2029.8751466620054,2102.2527299849316,2102.2527299849316,51531364,5702089216,11127.0,54.0,11127.0,78.31069437404967,1.7437967211008072,-0.01183862704783678,1.2802729830145836,0.017814647406339645,0.1996053159236908,243.0,36.0,0.575900673866272,0.4344930648803711,0.30055731534957886,0.39079251885414124,1e-05,0.3752839267253876,2036,5.310003357939422,0.7224085624329746,1.5399632453918457,0.2559072971343994,1.5,0.0,8.708333969116211,0.14814814814814814,5.4307487163227055,82.42
progress,exploration,11a591f7a2129484d555caf115fcdbf1a709a0c9,416,5111808,12288,False,5.346609454136342,0.7174894250929356,6.083071046043187,2020.0323006243514,2108.335801030975,2108.335801030975,51531364,5702089216,11127.0,76.0,11127.0,78.28145528044467,1.6216084249317646,-0.011286032371572219,1.2800987735390663,0.007191335316747427,0.0917765274643898,98.0,32.0,0.5938856601715088,0.43503496050834656,0.2990375757217407,0.3906300663948059,0.00011390625000000003,0.3749391734600067,2026,5.346609454136342,0.7174894250929356,1.7373555898666382,0.34444448351860046,1.3333333730697632,0.0,2.75,0.32653061224489793,5.7581943680532275,81.11
progress,exploration,11a591f7a2129484d555caf115fcdbf1a709a0c9,417,5124096,12288,False,5.491291305050254,0.7157493312843144,6.231004890985787,1972.0735603621001,2114.5668059219606,2114.5668059219606,51531364,5702089216,11127.0,91.0,11127.0,78.29622166246851,1.6003954466432333,-0.01559685308529879,1.2760323323309422,0.013021914288401604,0.1609904021024704,128.0,35.0,0.575412392616272,0.4340323805809021,0.2984207570552826,0.3913995325565338,0.00017085937500000009,0.37466803193092346,1979,5.491291305050254,0.7157493312843144,1.5982062816619873,0.28009259700775146,1.4583333730697632,0.0,3.9583334922790527,0.2734375,5.769960785359144,82.32
progress,exploration,11a591f7a2129484d555caf115fcdbf1a709a0c9,418,5136384,12288,False,5.51968972524628,0.7174817728810012,6.255187693983316,1964.4494459885625,2120.821993615944,2120.821993615944,51531364,5702089216,11127.0,89.0,11127.0,78.30637870416876,1.7024920135736465,-0.013428364884020993,1.2681299783289433,0.01285899244248867,0.154541015625,238.0,30.0,0.5658366680145264,0.4323704242706299,0.29821428656578064,0.3890736401081085,5.0625000000000024e-05,0.3732471466064453,1970,5.51968972524628,0.7174817728810012,1.5063170194625854,0.24733947217464447,1.25,0.0,8.666666984558105,0.12605042016806722,2.3124381877481937,87.82
progress,exploration,11a591f7a2129484d555caf115fcdbf1a709a0c9,419,5148672,12288,False,5.108830189332366,0.7154501029290259,5.8428115849383175,2103.097082862672,2126.6648052008823,2126.6648052008823,51531364,5702089216,11127.0,83.0,11127.0,78.28607214428858,1.4379277303814888,-0.018253318128699902,1.2619475983083248,0.014183325693011284,0.1588541716337204,107.0,35.0,0.5757378935813904,0.4327910542488098,0.2973783314228058,0.38888975977897644,7.593750000000004e-05,0.37301886081695557,2109,5.108830189332366,0.7154501029290259,1.7542563676834106,0.32955485582351685,1.52173912525177,0.0,3.17391300201416,0.32710280373831774,6.085139857158065,80.22
progress,exploration,11a591f7a2129484d555caf115fcdbf1a709a0c9,420,5160960,12288,False,5.422174842096865,0.7142096729949117,6.159378966782242,1995.0063255191208,2132.8241841676645,2132.8241841676645,51531364,5702089216,11127.0,52.0,11127.0,78.26623376623377,2.0122669152915478,-0.01413992350899207,1.26040668040514,0.01399510819464922,0.1746826320886612,119.0,36.0,0.5869412422180176,0.43276074528694153,0.29663458466529846,0.3881191611289978,7.593750000000004e-05,0.3725312650203705,2002,5.422174842096865,0.7142096729949117,1.581054449081421,0.29007935523986816,1.5,0.0,3.5416667461395264,0.3025210084033613,5.40092553704977,81.93
progress,exploration,11a591f7a2129484d555caf115fcdbf1a709a0c9,421,5173248,12288,False,5.49989624414593,0.7161951367743313,6.280600251164287,1956.5008930033512,2139.104784418829,2139.104784418829,51531364,5702089216,11127.0,89.0,11127.0,78.24601593625498,1.3958788607269526,-0.016484341067553032,1.2559587843716145,0.014809740707278252,0.1776326447725296,113.0,32.0,0.580051064491272,0.4339253902435303,0.29675567150115967,0.3864637315273285,7.593750000000004e-05,0.37238427996635437,1976,5.49989624414593,0.7161951367743313,1.5734682083129883,0.28556549549102783,1.3333333730697632,0.0,3.375,0.2831858407079646,5.412448636293411,81.67
progress,exploration,11a591f7a2129484d555caf115fcdbf1a709a0c9,422,5185536,12288,False,5.440525732003152,0.7227097800932825,6.181873824913055,1987.746813996616,2145.286658243742,2145.286658243742,51531364,5702089216,11127.0,89.0,11127.0,78.22691161866932,1.5979984384030104,-0.016982078974251635,1.2556108385324478,0.014180297963321209,0.1672770231962204,248.0,33.0,0.5643718242645264,0.43506690859794617,0.2964099943637848,0.38519203662872314,7.593750000000004e-05,0.3722222149372101,1993,5.440525732003152,0.7227097800932825,1.4046351909637451,0.24312561750411987,1.375,0.0,8.958333969116211,0.13306451612903225,3.975506223142147,84.41
progress,exploration,11a591f7a2129484d555caf115fcdbf1a709a0c9,423,5197824,12288,False,5.149418936111033,0.7164661660790443,5.903134879190475,2081.6058334220397,2151.1897931229323,2151.1897931229323,51531364,5702089216,11127.0,84.0,11127.0,78.21297672114909,1.5177264250814915,-0.018366769145359285,1.2525069788098335,0.014359936118125916,0.16998291015625,101.0,29.0,0.5823568105697632,0.43328723311424255,0.29588523507118225,0.38498228788375854,0.00011390625000000006,0.3714158236980438,2094,5.149418936111033,0.7164661660790443,1.6379750967025757,0.30094894766807556,1.2608696222305298,0.0,3.17391300201416,0.2871287128712871,5.435323305130005,81.94
progress,exploration,11a591f7a2129484d555caf115fcdbf1a709a0c9,424,5210112,12288,False,5.42919742083177,0.7169158831238747,6.167250956874341,1992.4598635479804,2157.3570440798067,2157.3570440798067,51531364,5702089216,11127.0,87.0,11127.0,78.20296296296296,1.6647432800382376,-0.016600951181317214,1.245627250522375,0.01285814680159092,0.1666463315486908,120.0,28.0,0.5896267890930176,0.4310426115989685,0.29672110080718994,0.38292133808135986,0.00017085937500000009,0.370302677154541,1999,5.42919742083177,0.7169158831238747,1.228520154953003,0.1904987394809723,1.1666667461395264,0.0,3.8333334922790527,0.23333333333333334,4.4771008983254434,82.55
progress,exploration,11a591f7a2129484d555caf115fcdbf1a709a0c9,425,5222400,12288,False,5.50631677499041,0.7169795599766076,6.257002267986536,1963.8797420404646,2163.614046347793,2163.614046347793,51531364,5702089216,11127.0,46.0,11127.0,78.1698670605613,1.9289547838270664,-0.006944361899513751,1.2393269203603268,0.01710471138358116,0.2062784880399704,110.0,43.0,0.5802137851715088,0.43035879731178284,0.2968856394290924,0.3830048739910126,1e-05,0.3700812757015228,1974,5.50631677499041,0.7169795599766076,1.8407933712005615,0.3661210536956787,1.7916667461395264,0.0,2.7916667461395264,0.39090909090909093,6.886689505130053,79.85
progress,exploration,11a591f7a2129484d555caf115fcdbf1a709a0c9,426,5234688,12288,False,5.32684196298942,0.7295238547958434,6.0886672041378915,2018.1756676812633,2169.702713551931,2169.702713551931,51531364,5702089216,11127.0,87.0,11127.0,78.1512027491409,1.3511160239577293,-0.016806599218398333,1.2428241483867168,0.010891507379710674,0.13201904296875,247.0,40.0,0.5745985507965088,0.4313775599002838,0.2972218692302704,0.3834741711616516,0.0002562890625000001,0.37067604064941406,2028,5.32684196298942,0.7295238547958434,1.7037200927734375,0.30620431900024414,1.6666667461395264,0.0,8.625,0.16194331983805668,5.415622298438102,82.3
progress,exploration,11a591f7a2129484d555caf115fcdbf1a709a0c9,427,5246976,12288,False,5.356811504345387,0.7142519559711218,6.09121395368129,2017.3318641308956,2175.7939275056124,2175.7939275056124,51531364,5702089216,11127.0,91.0,11127.0,78.15369554576603,1.6755938921123743,-0.011862518076668493,1.2455786876380444,0.01369205117225647,0.1532796323299408,112.0,32.0,0.5892469882965088,0.4322473406791687,0.2972038686275482,0.38278019428253174,7.593750000000004e-05,0.3707646429538727,2024,5.356811504345387,0.7142519559711218,1.5835800170898438,0.2803240716457367,1.3333333730697632,0.0,3.3333334922790527,0.2857142857142857,5.57506492048502,80.58
progress,exploration,11a591f7a2129484d555caf115fcdbf1a709a0c9,428,5259264,12288,False,5.3513734340667725,0.7205657567828894,6.08965954137966,2017.8467969353926,2181.883587046992,2181.883587046992,51531364,5702089216,11127.0,64.0,11127.0,78.13037109375,1.8213995695114136,-0.017326922326901695,1.244474370032549,0.015393930487334728,0.1832275390625,123.0,43.0,0.58056640625,0.4316856563091278,0.29845091700553894,0.38154345750808716,2.2500000000000008e-05,0.37056440114974976,2023,5.3513734340667725,0.7205657567828894,1.94428551197052,0.3662761151790619,1.8695652484893799,0.0,3.4782609939575195,0.34959349593495936,6.3200806510448455,80.59
progress,exploration,11a591f7a2129484d555caf115fcdbf1a709a0c9,429,5271552,12288,False,5.423428461886942,0.7159669920802116,6.159537595696747,1994.9549473624115,2188.043124642689,2188.043124642689,51531364,5702089216,11127.0,46.0,11127.0,78.13291139240506,2.126760233193636,-0.014395916598004987,1.2422488667070866,0.009772495366632938,0.1273600459098816,236.0,37.0,0.586181640625,0.430563747882843,0.2976648211479187,0.3814936876296997,0.00017085937500000006,0.36995676159858704,2001,5.423428461886942,0.7159669920802116,1.8379194736480713,0.36146026849746704,1.60869562625885,0.0,8.69565200805664,0.15677966101694915,2.405342618525028,87.98
progress,exploration,11a591f7a2129484d555caf115fcdbf1a709a0c9,430,5283840,12288,False,5.115118375979364,0.7360159130766988,5.878911091946065,2090.1829961052135,2193.922035734635,2193.922035734635,51531364,5702089216,11127.0,91.0,11127.0,78.12961165048544,1.6322827152907848,-0.012900008696306031,1.2352427281439304,0.013134991750121117,0.1436360776424408,117.0,41.0,0.5789117217063904,0.43081435561180115,0.2973173260688782,0.3802177608013153,5.0625000000000024e-05,0.3694487512111664,2100,5.115118375979364,0.7360159130766988,1.8435171842575073,0.34673914313316345,1.7826087474822998,0.0,3.3043479919433594,0.3504273504273504,6.238748306650669,79.43
progress,exploration,11a591f7a2129484d555caf115fcdbf1a709a0c9,431,5296128,12288,False,5.400869655888528,0.7177140167914331,6.160183640196919,1994.7457280035235,2200.0822193748318,2200.0822193748318,51531364,5702089216,11127.0,91.0,11127.0,78.1272991287512,1.8106466829776764,-0.012529913081380073,1.2344101406633854,0.013302155770361423,0.16033935546875,121.0,39.0,0.5843641757965088,0.42852747440338135,0.2976386845111847,0.3811044692993164,7.593750000000004e-05,0.3691064119338989,2008,5.400869655888528,0.7177140167914331,1.6400560140609741,0.2975529432296753,1.625,0.0,3.4583334922790527,0.32231404958677684,5.860381093546748,80.53
progress,exploration,11a591f7a2129484d555caf115fcdbf1a709a0c9,432,5308416,12288,False,5.496510318946093,0.7170137614011765,6.233390536159277,1971.3188077529455,2206.315609910991,2206.315609910991,51531364,5702089216,11127.0,67.0,11127.0,78.12264606470305,1.643269743770361,-0.016533370242541423,1.2283554412424564,0.013360190205276012,0.1617635190486908,112.0,40.0,0.5824653506278992,0.4264107942581177,0.29659363627433777,0.3809795379638672,7.593750000000004e-05,0.36802414059638977,1977,5.496510318946093,0.7170137614011765,1.5982134342193604,0.3069173991680145,1.6666667461395264,0.0,3.0,0.35714285714285715,6.445114331394434,79.92
progress,exploration,11a591f7a2129484d555caf115fcdbf1a709a0c9,433,5320704,12288,False,5.432906554080546,0.7248847386799753,6.1759661277756095,1989.6482179097952,2212.4915760387667,2212.4915760387667,51531364,5702089216,11127.0,73.0,11127.0,78.11362542128069,1.8851771987974644,-0.0170839941711165,1.225407898426056,0.013629562221467495,0.1660970151424408,246.0,38.0,0.5842828154563904,0.4262741804122925,0.29704275727272034,0.38153311610221863,0.00011390625000000006,0.3682922124862671,1995,5.432906554080546,0.7248847386799753,1.7339446544647217,0.33310186862945557,1.5833333730697632,0.0,8.666666984558105,0.15447154471544716,3.6420474180206655,85.62
progress,exploration,11a591f7a2129484d555caf115fcdbf1a709a0c9,434,5332992,12288,False,5.253562738653272,0.7177678979933262,6.000948807224631,2047.676191672606,2218.4925248459913,2218.4925248459913,51531364,5702089216,11127.0,87.0,11127.0,78.11809889582334,1.5815067645162344,-0.01575213501928374,1.2294042445719242,0.014694085344672203,0.1727498471736908,109.0,32.0,0.588595986366272,0.4287806451320648,0.29635170102119446,0.3819641172885895,0.00017085937500000009,0.3690151274204254,2057,5.253562738653272,0.7177678979933262,1.803166151046753,0.36311182379722595,1.3333333730697632,0.0,3.2083334922790527,0.29357798165137616,5.716265042461455,79.54
progress,exploration,11a591f7a2129484d555caf115fcdbf1a709a0c9,435,5345280,12288,False,5.467334184795618,0.7164388950914145,6.202795121818781,1981.0423782620308,2224.69531996781,2224.69531996781,51531364,5702089216,11127.0,89.0,11127.0,78.11249401627573,1.733351893723011,-0.01800662112509599,1.2356752268970013,0.0161727387458086,0.1957194060087204,127.0,42.0,0.5894911289215088,0.43111711740493774,0.2956679165363312,0.38284537196159363,7.593750000000004e-05,0.3698864281177521,1987,5.467334184795618,0.7164388950914145,1.6035096645355225,0.2964286208152771,1.75,0.0,3.6666667461395264,0.33070866141732286,6.014074517339468,79.38
progress,exploration,11a591f7a2129484d555caf115fcdbf1a709a0c9,436,5357568,12288,False,5.521691667847335,0.7232854282483459,6.262354558799416,1962.201259066971,2230.9576745266095,2230.9576745266095,51531364,5702089216,11127.0,90.0,11127.0,78.10023866348449,1.6005066242069006,-0.021046462467893434,1.2385570034384727,0.013730711303651333,0.17242431640625,107.0,36.0,0.584933876991272,0.43163374066352844,0.2949073016643524,0.38401415944099426,7.593750000000004e-05,0.37020283937454224,1967,5.521691667847335,0.7232854282483459,1.783882975578308,0.32769662141799927,1.5,0.0,2.9583334922790527,0.3364485981308411,6.33974997639656,79.96
progress,exploration,11a591f7a2129484d555caf115fcdbf1a709a0c9,437,5369856,12288,False,5.324486242141575,0.7306159706786275,6.079309744294733,2021.2821055107374,2237.036984270904,2237.036984270904,51531364,5702089216,11127.0,95.0,11127.0,78.10380952380953,1.8359658978879452,-0.01570859477214981,1.2373353764414787,0.011801584623754025,0.1472981870174408,244.0,36.0,0.5862902402877808,0.43090349435806274,0.2949913740158081,0.38356828689575195,0.00011390625000000006,0.36983877420425415,2029,5.324486242141575,0.7306159706786275,1.633932113647461,0.2875725030899048,1.5,0.0,8.666666984558105,0.14754098360655737,5.249901256412268,81.41
progress,exploration,11a591f7a2129484d555caf115fcdbf1a709a0c9,438,5382144,12288,False,5.380968417972326,0.7267989958636463,6.151282117702067,1997.6323252412337,2243.1882663886063,2243.1882663886063,51531364,5702089216,11127.0,79.0,11127.0,78.09306742640076,1.7325082570314407,-0.014344866751343943,1.2338983304798603,0.013160796836018562,0.1625773161649704,116.0,40.0,0.606689453125,0.4300270974636078,0.2953200042247772,0.38247671723365784,7.593750000000004e-05,0.3693026602268219,2011,5.380968417972326,0.7267989958636463,1.8025968074798584,0.3455357253551483,1.6666667461395264,0.0,3.2083334922790527,0.3448275862068966,6.50375114986673,78.63
progress,exploration,11a591f7a2129484d555caf115fcdbf1a709a0c9,439,5394432,12288,False,5.476363589987159,0.7172532631084323,6.215094929095358,1977.1218525520717,2249.4033613177016,2249.4033613177016,51531364,5702089216,11127.0,89.0,11127.0,78.08664772727273,2.1192024424672127,-0.014014302083523944,1.2278165146708488,0.014263791032135487,0.1711629331111908,115.0,35.0,0.5913086533546448,0.4288249611854553,0.2951365113258362,0.38033178448677063,3.3750000000000014e-05,0.3681040406227112,1983,5.476363589987159,0.7172532631084323,1.708884596824646,0.3099116086959839,1.4583333730697632,0.0,3.4583334922790527,0.30434782608695654,6.123233361914754,80.98
progress,exploration,11a591f7a2129484d555caf115fcdbf1a709a0c9,440,5406720,12288,False,5.404409361071885,0.728199914097786,6.15172350499779,1997.4889947535792,2255.5550848226994,2255.5550848226994,51531364,5702089216,11127.0,86.0,11127.0,78.08073654390935,1.5939268693327904,-0.01247178311314201,1.2213248312473297,0.012182542122900486,0.1560872346162796,231.0,31.0,0.592013955116272,0.42816221714019775,0.29479435086250305,0.3795566260814667,0.00017085937500000009,0.36752504110336304,2003,5.404409361071885,0.728199914097786,1.50456964969635,0.27473214268684387,1.3478261232376099,0.0,8.69565200805664,0.1341991341991342,2.3605832435190677,87.66
progress,exploration,11a591f7a2129484d555caf115fcdbf1a709a0c9,441,5419008,12288,False,5.216007052920759,0.7225259877741337,5.957998953294009,2062.437421746493,2261.5130837759934,2261.5130837759934,51531364,5702089216,11127.0,90.0,11127.0,78.06826741996234,1.3450412806123495,-0.012605540454387665,1.218678455799818,0.01803886890411377,0.19708251953125,115.0,27.0,0.5999891757965088,0.4272719919681549,0.2950834333896637,0.38010767102241516,1e-05,0.36748960614204407,2069,5.216007052920759,0.7225259877741337,1.4208393096923828,0.2227182686328888,1.125,0.0,3.6666667461395264,0.23478260869565218,5.087554304748774,81.87
progress,exploration,11a591f7a2129484d555caf115fcdbf1a709a0c9,442,5431296,12288,False,5.440443768166006,0.7215493749827147,6.186031229794025,1986.4109222108066,2267.6991150057875,2267.6991150057875,51531364,5702089216,11127.0,83.0,11127.0,78.04931892907469,1.4943814650177956,-0.014865394899970852,1.2192289382219315,0.008345037698745728,0.1082560271024704,131.0,38.0,0.5976563096046448,0.4268944561481476,0.29515108466148376,0.3801403045654297,0.00017085937500000006,0.36741122603416443,1994,5.440443768166006,0.7215493749827147,1.6097033023834229,0.3020668029785156,1.5833333730697632,0.0,3.9166667461395264,0.2900763358778626,5.707304065227508,80.06
progress,exploration,11a591f7a2129484d555caf115fcdbf1a709a0c9,443,5443584,12288,False,5.496458793058991,0.720749658998102,6.242742022965103,1968.365816622932,2273.9418570287526,2273.9418570287526,51531364,5702089216,11127.0,46.0,11127.0,78.02529274004684,1.7715178895741701,-0.01581928443920333,1.220248606055975,0.014299513772130013,0.1740926206111908,109.0,34.0,0.5886502265930176,0.4282636344432831,0.2948864698410034,0.3799559772014618,0.00011390625000000006,0.3677227199077606,1976,5.496458793058991,0.720749658998102,1.7047052383422852,0.310499370098114,1.4166667461395264,0.0,3.1666667461395264,0.3119266055045872,6.164770264625549,80.54
progress,exploration,11a591f7a2129484d555caf115fcdbf1a709a0c9,444,5455872,12288,False,5.413870969321579,0.7280601426027715,6.160382695030421,1994.681273602162,2280.102239723783,2280.102239723783,51531364,5702089216,11127.0,54.0,11127.0,78.01634750116767,1.7538357730954885,-0.01711476460332051,1.215431123971939,0.012757939286530018,0.1582438200712204,228.0,36.0,0.5903592109680176,0.42896419763565063,0.2925148010253906,0.37854254245758057,0.00017085937500000009,0.3667261302471161,2000,5.413870969321579,0.7280601426027715,1.8781068325042725,0.361974835395813,1.5,0.0,8.0,0.15789473684210525,3.688251864016056,85.43
progress,exploration,11a591f7a2129484d555caf115fcdbf1a709a0c9,445,5468160,12288,False,5.2859379895962775,0.7251697052270174,6.061968447174877,2027.0643285394708,2286.164208170958,2286.164208170958,51531364,5702089216,11127.0,90.0,11127.0,78.00232883092687,1.9710477106273174,-0.011399422044632956,1.203061856329441,0.013391312211751938,0.1702270656824112,127.0,43.0,0.60205078125,0.42813557386398315,0.2897249162197113,0.37759479880332947,0.00017085937500000009,0.36524221301078796,2044,5.2859379895962775,0.7251697052270174,1.9448792934417725,0.381125271320343,1.7916667461395264,0.0,3.5,0.33858267716535434,6.392651207745075,80.94
progress,exploration,11a591f7a2129484d555caf115fcdbf1a709a0c9,446,5480448,12288,False,5.498801985755563,0.7252366752363741,6.783208986744285,1811.5319790401788,2292.947417157702,2292.947417157702,51531364,5702089216,11127.0,88.0,11127.0,78.0032512772875,1.7860682923346758,-0.011900341312866658,1.1922064237296581,0.013636263087391853,0.16204833984375,119.0,38.0,0.5945367217063904,0.4277466833591461,0.28903985023498535,0.377336323261261,5.0625000000000024e-05,0.36471107602119446,1974,5.498801985755563,0.7252366752363741,1.6693646907806396,0.3098214566707611,1.5833333730697632,0.0,3.375,0.31932773109243695,6.027931814044714,80.57
progress,exploration,11a591f7a2129484d555caf115fcdbf1a709a0c9,447,5492736,12288,False,5.5307853617705405,0.7228295258246362,6.65358124114573,1846.82497359633,2299.600998398848,2299.600998398848,51531364,5702089216,11127.0,88.0,11127.0,77.99166280685503,1.4076418541371822,-0.01718980274745263,1.1835317239165306,0.013880591839551926,0.1747029423713684,96.0,30.0,0.594835102558136,0.4288643002510071,0.28597837686538696,0.37425851821899414,0.00011390625000000006,0.3630591034889221,1964,5.5307853617705405,0.7228295258246362,1.5778522491455078,0.2828373312950134,1.25,0.0,2.75,0.3125,5.791520589068532,80.69
progress,exploration,11a591f7a2129484d555caf115fcdbf1a709a0c9,448,5505024,12288,False,5.3556773089803755,0.7307790326885879,6.12314014788717,2006.813449180982,2305.724138546735,2305.724138546735,51531364,5702089216,11127.0,90.0,11127.0,77.99122401847575,1.7902999967336655,-0.012353866535704583,1.1743193492293358,0.013067588210105896,0.1588134914636612,252.0,35.0,0.5791558623313904,0.42883723974227905,0.28563812375068665,0.37391048669815063,7.593750000000004e-05,0.36281338334083557,2018,5.3556773089803755,0.7307790326885879,1.551369547843933,0.2707570493221283,1.4583333730697632,0.0,9.083333969116211,0.1388888888888889,5.596955748125911,80.55
progress,exploration,11a591f7a2129484d555caf115fcdbf1a709a0c9,449,5517312,12288,False,5.352113906759769,0.7222714442759752,6.107246761210263,2012.0359436016809,2311.8313853079453,2311.8313853079453,51531364,5702089216,11127.0,90.0,11127.0,77.9852602487333,1.6037833355367184,-0.017858923907624558,1.1762680485844612,0.0151646938174963,0.1745809018611908,128.0,42.0,0.5895453691482544,0.43001115322113037,0.286053329706192,0.37389469146728516,5.0625000000000024e-05,0.36332497000694275,2022,5.352113906759769,0.7222714442759752,1.798821210861206,0.35591933131217957,1.75,0.0,3.6666667461395264,0.328125,5.757112050242722,80.01
progress,exploration,11a591f7a2129484d555caf115fcdbf1a709a0c9,450,5529600,12288,False,5.478095683269203,0.71769032580778,6.230026058852673,1972.3834032024852,2318.061411366798,2318.061411366798,51531364,5702089216,11127.0,91.0,11127.0,77.9857536764706,1.9190441146492958,-0.01683822971972404,1.171612709760666,0.012935495004057884,0.15740966796875,109.0,33.0,0.5875651836395264,0.42803966999053955,0.2848600149154663,0.37223389744758606,0.00017085937500000009,0.3617255687713623,1983,5.478095683269203,0.71769032580778,1.5759471654891968,0.27893519401550293,1.375,0.0,3.1666667461395264,0.30275229357798167,6.006267795562744,79.44
progress,exploration,11a591f7a2129484d555caf115fcdbf1a709a0c9,451,5541888,12288,False,5.54623225517571,0.7157106907106936,6.283037033863366,1955.7420931584504,2324.3444484006613,2324.3444484006613,51531364,5702089216,11127.0,59.0,11127.0,77.97341888175986,1.727599661797285,-0.01868404162087245,1.1603573597967625,0.014088306576013565,0.17608642578125,227.0,39.0,0.5972222685813904,0.4270471930503845,0.2834407091140747,0.37166476249694824,0.00011390625000000006,0.3607375919818878,1962,5.54623225517571,0.7157106907106936,1.8410406112670898,0.34592995047569275,1.625,0.0,7.875,0.17180616740088106,2.783572708964348,87.62
progress,exploration,11a591f7a2129484d555caf115fcdbf1a709a0c9,452,5554176,12288,False,5.249788550660014,0.7170137059874833,5.9843316790647805,2053.3621227893477,2330.328780079726,2330.328780079726,51531364,5702089216,11127.0,54.0,11127.0,77.96069469835466,1.5090199671685696,-0.01581830543000251,1.1498764678835869,0.013662753626704216,0.1646728664636612,133.0,37.0,0.5861817002296448,0.42588233947753906,0.2829667925834656,0.368981271982193,0.00011390625000000006,0.3593060076236725,2059,5.249788550660014,0.7170137059874833,1.471938133239746,0.25064486265182495,1.5416667461395264,0.0,4.0,0.2781954887218045,5.426975524500012,80.97
progress,exploration,11a591f7a2129484d555caf115fcdbf1a709a0c9,453,5566464,12288,False,5.318743506912142,0.7301514567807317,6.071410785894841,2023.9118111638234,2336.400190865621,2336.400190865621,51531364,5702089216,11127.0,86.0,11127.0,77.94029170464904,1.9484330154955387,-0.016897296358365566,1.1393060311675072,0.013437353074550629,0.1676839292049408,122.0,40.0,0.5826823711395264,0.42503201961517334,0.2818351686000824,0.36787134408950806,7.593750000000004e-05,0.35826024413108826,2031,5.318743506912142,0.7301514567807317,1.7201186418533325,0.3048136830329895,1.7391304969787598,0.0,3.6086957454681396,0.32786885245901637,6.546412553191185,79.12
progress,exploration,11a591f7a2129484d555caf115fcdbf1a709a0c9,454,5578752,12288,False,5.392533473670483,0.7174208303913474,6.129560508299619,2004.7114280643218,2342.5297513739206,2342.5297513739206,51531364,5702089216,11127.0,66.0,11127.0,77.91723510686676,1.8009088467806578,-0.016605511938905693,1.1325223855674267,0.012612239457666874,0.1594441831111908,105.0,40.0,0.5852864980697632,0.4247094690799713,0.2813994288444519,0.36715972423553467,0.00017085937500000009,0.357749879360199,2011,5.392533473670483,0.7174208303913474,1.7574712038040161,0.3459627330303192,1.7391304969787598,0.0,2.86956524848938,0.38095238095238093,6.761467791050673,78.65
progress,exploration,11a591f7a2129484d555caf115fcdbf1a709a0c9,455,5591040,12288,False,5.440488635096699,0.7305646790191531,6.210560266859829,1978.565454967082,2348.7403116407804,2348.7403116407804,51531364,5702089216,11127.0,46.0,11127.0,77.90702947845806,1.8013499714434147,-0.018429047388053732,1.1273264810442924,0.015994835644960403,0.1908365935087204,235.0,33.0,0.5842556953430176,0.4246807098388672,0.2795439064502716,0.3661935031414032,5.0625000000000024e-05,0.356824666261673,1991,5.440488635096699,0.7305646790191531,1.477125644683838,0.256653755903244,1.375,0.0,8.416666984558105,0.14042553191489363,4.487734489068389,84.51
progress,exploration,11a591f7a2129484d555caf115fcdbf1a709a0c9,456,5603328,12288,False,5.28073245100677,0.7214452479965985,6.023227320052683,2040.1023150978338,2354.763538960833,2354.763538960833,51531364,5702089216,11127.0,70.0,11127.0,77.89371325192221,1.5430194698274136,-0.012550586587167345,1.1205362752079964,0.01096065528690815,0.13934326171875,123.0,33.0,0.6016981601715088,0.42469683289527893,0.28039419651031494,0.36556917428970337,0.00017085937500000009,0.3568646013736725,2047,5.28073245100677,0.7214452479965985,1.492924690246582,0.25138890743255615,1.375,0.0,3.7916667461395264,0.2682926829268293,5.546483370959759,81.73
progress,exploration,11a591f7a2129484d555caf115fcdbf1a709a0c9,457,5615616,12288,False,5.454485982190818,0.7223460357636213,6.196494907140732,1983.0565802353076,2360.960033867974,2360.960033867974,51531364,5702089216,11127.0,90.0,11127.0,77.88768606224627,1.517762441188097,-0.013787795789539814,1.126673012971878,0.013453970663249493,0.1584269106388092,103.0,29.0,0.59033203125,0.42567139863967896,0.28036653995513916,0.3662714660167694,7.593750000000004e-05,0.3574478328227997,1989,5.454485982190818,0.7223460357636213,1.6466481685638428,0.3000496029853821,1.2083333730697632,0.0,3.1666667461395264,0.2815533980582524,5.746854025870562,82.42
progress,exploration,11a591f7a2129484d555caf115fcdbf1a709a0c9,458,5627904,12288,False,5.541456894017756,0.7257326440885663,6.285520508885384,1954.9693589622923,2367.245554376859,2367.245554376859,51531364,5702089216,11127.0,89.0,11127.0,77.88573999100315,2.158505365252495,-0.01754435708426172,1.1270851753652096,0.014494539238512516,0.17645263671875,114.0,43.0,0.5823025703430176,0.4235798120498657,0.28105515241622925,0.3661695420742035,0.00011390625000000006,0.35696491599082947,1960,5.541456894017756,0.7257326440885663,2.0435986518859863,0.39269182085990906,1.7916667461395264,0.0,3.0,0.37719298245614036,7.196588816046715,78.19
progress,exploration,11a591f7a2129484d555caf115fcdbf1a709a0c9,459,5640192,12288,False,5.335463268682361,0.7258920441381633,6.087223338894546,2018.6543709486318,2373.3327777157538,2373.3327777157538,51531364,5702089216,11127.0,88.0,11127.0,77.88559892328398,1.9909926876425743,-0.010859167428861838,1.1226036436855793,0.011661379598081112,0.1464640349149704,259.0,44.0,0.5856391191482544,0.42244192957878113,0.28029903769493103,0.366382896900177,0.00017085937500000009,0.3564518988132477,2027,5.335463268682361,0.7258920441381633,1.7043323516845703,0.3026951253414154,1.8333333730697632,0.0,8.958333969116211,0.16988416988416988,5.837669507861137,80.98
progress,exploration,11a591f7a2129484d555caf115fcdbf1a709a0c9,460,5652480,12288,False,5.343616403173655,0.7207667948678136,6.081797205843031,2020.455398972267,2379.414574921597,2379.414574921597,51531364,5702089216,11127.0,81.0,11127.0,77.8769024171889,1.8964797630906105,-0.014009338352479972,1.116955105215311,0.012976014986634254,0.1604410856962204,107.0,34.0,0.5982801914215088,0.42058321833610535,0.28177860379219055,0.3652605414390564,0.00011390625000000006,0.35587942600250244,2026,5.343616403173655,0.7207667948678136,1.9205797910690308,0.374504029750824,1.4166667461395264,0.0,3.0416667461395264,0.3177570093457944,6.057813837975264,80.29
progress,exploration,11a591f7a2129484d555caf115fcdbf1a709a0c9,461,5664768,12288,False,5.3896972932852805,0.7231093957088888,6.130748523399234,2004.3229555249866,2385.545323444996,2385.545323444996,51531364,5702089216,11127.0,77.0,11127.0,77.89464285714286,1.4947930350899696,-0.01655431628023507,1.1187828741967678,0.014668161980807781,0.1728515625,102.0,27.0,0.5936686396598816,0.42165717482566833,0.2824338972568512,0.3648057281970978,5.0625000000000024e-05,0.35628950595855713,2010,5.3896972932852805,0.7231093957088888,1.5307270288467407,0.26575222611427307,1.1739131212234497,0.0,3.2608697414398193,0.2647058823529412,5.410245450250804,81.51
progress,exploration,11a591f7a2129484d555caf115fcdbf1a709a0c9,462,5677056,12288,False,5.549278431106359,0.7226023408584297,6.292180073913187,1952.9002437398358,2391.837503518909,2391.837503518909,51531364,5702089216,11127.0,89.0,11127.0,77.8993766696349,1.541353479027748,-0.017285569507293985,1.1241499744355679,0.012083222158253193,0.1518961638212204,252.0,46.0,0.5838758945465088,0.4227890968322754,0.2815878093242645,0.36624279618263245,0.00011390625000000006,0.3569002151489258,1959,5.549278431106359,0.7226023408584297,1.6816155910491943,0.31445106863975525,1.9166667461395264,0.0,8.625,0.18253968253968253,2.4427498871833087,88.0
progress,exploration,11a591f7a2129484d555caf115fcdbf1a709a0c9,463,5689344,12288,False,5.193806955125183,0.7213504519313574,5.934307096060365,2070.671402927174,2397.7718106149696,2397.7718106149696,51531364,5702089216,11127.0,90.0,11127.0,77.89031971580818,1.3423572555184364,-0.01602545185596682,1.1206188201904297,0.015656108036637306,0.1865030974149704,115.0,24.0,0.585557758808136,0.4215165972709656,0.27989813685417175,0.3673635423183441,0.00017085937500000009,0.3562954366207123,2077,5.193806955125183,0.7213504519313574,1.3469421863555908,0.20744048058986664,1.0,0.0,3.7916667461395264,0.20869565217391303,4.416639346927404,83.43
progress,exploration,11a591f7a2129484d555caf115fcdbf1a709a0c9,464,5701632,12288,False,5.322478125337511,0.7213788046501577,6.0622900780290365,2026.9567839609315,2403.8341006929986,2403.8341006929986,51531364,5702089216,11127.0,50.0,11127.0,77.88879042977403,1.4874939750880003,-0.018485679229343077,1.1169979386031628,0.016208965331315994,0.1922404021024704,100.0,29.0,0.583740234375,0.4194110035896301,0.281110942363739,0.3671185374259949,1.5000000000000005e-05,0.35588401556015015,2033,5.322478125337511,0.7213788046501577,1.6276198625564575,0.30527952313423157,1.2608696222305298,0.0,3.08695650100708,0.29,5.483299297504127,81.88
progress,exploration,11a591f7a2129484d555caf115fcdbf1a709a0c9,465,5713920,12288,False,5.558180470019579,0.7241313369013369,6.303659270983189,1949.3439400450693,2410.137759963982,2410.137759963982,51531364,5702089216,11127.0,99.0,11127.0,77.89527176314627,2.429985661059618,-0.011489013602840714,1.1155559867620468,0.00776738440617919,0.09893798828125,135.0,50.0,0.5934516191482544,0.418526291847229,0.2812167704105377,0.36585181951522827,0.00011390625000000005,0.3552452623844147,1955,5.558180470019579,0.7241313369013369,1.7968502044677734,0.36053991317749023,2.0833334922790527,0.0,3.6666667461395264,0.37037037037037035,6.434344912618399,79.49
progress,exploration,11a591f7a2129484d555caf115fcdbf1a709a0c9,466,5726208,12288,False,5.42785957083106,0.7474624738097191,6.192387419752777,1984.3719662634712,2416.3301473837346,2416.3301473837346,51531364,5702089216,11127.0,91.0,11127.0,77.87968267959454,1.5288656614720821,-0.013321409387572203,1.105917528271675,0.013073509559035301,0.1547648161649704,245.0,34.0,0.5777181386947632,0.4175470769405365,0.280201256275177,0.36504846811294556,5.0625000000000024e-05,0.3542836904525757,1989,5.42785957083106,0.7474624738097191,1.569632887840271,0.27416425943374634,1.4166667461395264,0.0,8.791666984558105,0.13877551020408163,3.0430969784408806,86.7
progress,exploration,11a591f7a2129484d555caf115fcdbf1a709a0c9,467,5738496,12288,False,5.267527096904814,0.7233717311173677,6.015057032927871,2042.8733979964827,2422.3452044166625,2422.3452044166625,51531364,5702089216,11127.0,90.0,11127.0,77.87824175824176,1.7364775277674198,-0.018195864967651687,1.0957815051078796,0.013198839500546455,0.14862060546875,111.0,35.0,0.5885416865348816,0.414721816778183,0.27898526191711426,0.36318936944007874,0.00017085937500000009,0.3523673117160797,2051,5.267527096904814,0.7233717311173677,1.78177809715271,0.3263393044471741,1.4583333730697632,0.0,3.1666667461395264,0.3153153153153153,6.508564586639404,78.74
progress,exploration,11a591f7a2129484d555caf115fcdbf1a709a0c9,468,5750784,12288,False,5.477653979789466,0.7240790878422558,6.21945543307811,1975.7356785043264,2428.5646598497406,2428.5646598497406,51531364,5702089216,11127.0,88.0,11127.0,77.88426128890838,1.9900394156575203,-0.009060577329364605,1.0847159288823605,0.023038797080516815,0.2601318359375,96.0,37.0,0.5908203125,0.4143936038017273,0.277625173330307,0.3642767071723938,1e-05,0.3520977199077606,1981,5.477653979789466,0.7240790878422558,1.8515928983688354,0.3628968596458435,1.5416667461395264,0.0,2.5,0.3854166666666667,6.700668393224478,79.13
progress,exploration,11a591f7a2129484d555caf115fcdbf1a709a0c9,469,5763072,12288,False,5.561296180356294,0.7219205317087471,6.30053246486932,1950.311353606344,2434.86519231461,2434.86519231461,51531364,5702089216,11127.0,90.0,11127.0,77.87756886751203,1.7032420262694359,-0.013417177135124803,1.0860622115433216,0.009432246908545494,0.1220703125,136.0,39.0,0.5795084834098816,0.41408294439315796,0.2778613865375519,0.3640197515487671,7.593750000000004e-05,0.35203495621681213,1955,5.561296180356294,0.7219205317087471,1.7473338842391968,0.3255700469017029,1.625,0.0,4.1666669845581055,0.2867647058823529,5.489599114209414,82.03
progress,exploration,11a591f7a2129484d555caf115fcdbf1a709a0c9,470,5775360,12288,False,5.317454406060278,0.7276647579856217,6.06819723919034,2024.9836179747426,2440.9333895538,2440.9333895538,51531364,5702089216,11127.0,93.0,11127.0,77.87870855148343,1.4904303904622793,-0.01759826461056946,1.072835847735405,0.015078567899763584,0.1729736328125,227.0,27.0,0.5780165195465088,0.41305747628211975,0.27364322543144226,0.3640841543674469,5.0625000000000024e-05,0.35028067231178284,2032,5.317454406060278,0.7276647579856217,1.510860800743103,0.2592622637748718,1.125,0.0,8.375,0.11894273127753303,4.170743023976684,84.41
progress,exploration,11a591f7a2129484d555caf115fcdbf1a709a0c9,471,5787648,12288,False,5.357333446852863,0.729716322850436,6.1083390661515296,2011.6761474640725,2447.0417286199518,2447.0417286199518,51531364,5702089216,11127.0,52.0,11127.0,77.87119234116624,1.663702018558979,-0.01914214892894961,1.0631664767861366,0.014345936477184296,0.1699422150850296,129.0,48.0,0.5900065302848816,0.411327987909317,0.2720089256763458,0.36585429310798645,0.00011390625000000006,0.3497496247291565,2018,5.357333446852863,0.729716322850436,1.8565444946289062,0.3617725074291229,2.0,0.0,3.375,0.37209302325581395,6.41426008798182,77.89
progress,exploration,11a591f7a2129484d555caf115fcdbf1a709a0c9,472,5799936,12288,False,5.499034693930298,0.7232312099076807,6.241433409042656,1968.7785152361014,2453.2831620289944,2453.2831620289944,51531364,5702089216,11127.0,88.0,11127.0,77.86805555555556,1.5452813506126404,-0.016006927529815584,1.060348305851221,0.01310474518686533,0.1628621518611908,102.0,34.0,0.589084267616272,0.41055160760879517,0.27050483226776123,0.36748993396759033,7.593750000000004e-05,0.3495379090309143,1974,5.499034693930298,0.7232312099076807,1.811033010482788,0.3553241193294525,1.4166667461395264,0.0,2.8333334922790527,0.3333333333333333,6.209860901534557,81.22
progress,exploration,11a591f7a2129484d555caf115fcdbf1a709a0c9,473,5812224,12288,False,5.527068705763668,0.7213863860815763,6.2664546757005155,1960.9173984213564,2459.549616704695,2459.549616704695,51531364,5702089216,11127.0,73.0,11127.0,77.85064935064935,1.9148290120065212,-0.015085535600519506,1.0559129416942596,0.013853591866791248,0.16851806640625,263.0,48.0,0.5847439765930176,0.40992555022239685,0.27055394649505615,0.3667851388454437,3.3750000000000014e-05,0.3491000533103943,1966,5.527068705763668,0.7213863860815763,1.8079074621200562,0.3453150987625122,2.0,0.0,9.083333969116211,0.18250950570342206,2.4419866845011713,87.65
progress,exploration,11a591f7a2129484d555caf115fcdbf1a709a0c9,474,5824512,12288,False,5.204700607806444,0.7282078680582345,5.95387344295159,2063.866509380877,2465.5034901476465,2465.5034901476465,51531364,5702089216,11127.0,89.0,11127.0,77.84628670120898,1.8590127378702164,-0.014646199531853199,1.0517759695649147,0.015445495024323463,0.1683553010225296,101.0,36.0,0.595079243183136,0.40928035974502563,0.26939859986305237,0.36679738759994507,5.0625000000000024e-05,0.3485008776187897,2071,5.204700607806444,0.7282078680582345,1.7429794073104858,0.3324074149131775,1.5,0.0,2.7083334922790527,0.3564356435643564,6.391174588799476,80.16
progress,exploration,11a591f7a2129484d555caf115fcdbf1a709a0c9,475,5836800,12288,False,5.4457595236599445,0.7292863642796874,6.195320394355804,1983.4325293644026,2471.6988105420023,2471.6988105420023,51531364,5702089216,11127.0,67.0,11127.0,77.84963377854373,2.252815093845129,-0.016829452993988525,1.0429620742797852,0.0145479217171669,0.1741129606962204,120.0,45.0,0.588351845741272,0.40812915563583374,0.268251895904541,0.3657122552394867,2.2500000000000008e-05,0.347368448972702,1989,5.4457595236599445,0.7292863642796874,1.8433045148849487,0.3467923402786255,1.875,0.0,3.125,0.375,6.789033484831452,79.01
progress,exploration,11a591f7a2129484d555caf115fcdbf1a709a0c9,476,5849088,12288,False,5.525777678005397,0.7224149880930781,6.2859273119829595,1954.8428402242573,2477.9847378539853,2477.9847378539853,51531364,5702089216,11127.0,96.0,11127.0,77.85560807907177,1.6560290642082691,-0.013460522273817332,1.0356490164995193,0.0091042909771204,0.1205444410443306,118.0,40.0,0.582763671875,0.4074523150920868,0.2675847113132477,0.3644070029258728,0.00017085937500000006,0.3465135097503662,1966,5.525777678005397,0.7224149880930781,1.9820911884307861,0.3810185194015503,1.6666667461395264,0.0,3.2916667461395264,0.3389830508474576,6.048593902885914,80.65
progress,exploration,11a591f7a2129484d555caf115fcdbf1a709a0c9,477,5861376,12288,False,5.433681664057076,0.7313780100084841,6.195351860951632,1983.4224553813335,2484.180089714937,2484.180089714937,51531364,5702089216,11127.0,76.0,11127.0,77.84312044577797,1.9856047295033932,-0.015000969637185335,1.0322614945471287,0.013811233453452587,0.16583251953125,243.0,42.0,0.5886502265930176,0.40821516513824463,0.2662389874458313,0.36599037051200867,7.593750000000004e-05,0.346834659576416,1993,5.433681664057076,0.7313780100084841,1.7440242767333984,0.32566237449645996,1.75,0.0,8.416666984558105,0.1728395061728395,4.494485070109367,83.12
progress,exploration,11a591f7a2129484d555caf115fcdbf1a709a0c9,478,5873664,12288,False,5.274056067224592,0.725450286641717,6.018051149789244,2041.857022174086,2490.198140864726,2490.198140864726,51531364,5702089216,11127.0,89.0,11127.0,77.83454467721248,1.708239782601595,-0.01618922734633088,1.028796624392271,0.013445143587887287,0.1660970151424408,120.0,38.0,0.5986328125,0.40808889269828796,0.26511648297309875,0.3654991686344147,0.00011390625000000006,0.346240371465683,2048,5.274056067224592,0.725450286641717,1.752821683883667,0.3234127163887024,1.5833333730697632,0.0,3.4166667461395264,0.31666666666666665,6.089730587527156,78.85
progress,exploration,11a591f7a2129484d555caf115fcdbf1a709a0c9,479,5885952,12288,False,5.470876198261976,0.7221430526115,6.293745033908635,1952.4146487975415,2496.491885898635,2496.491885898635,51531364,5702089216,11127.0,87.0,11127.0,77.82601279317697,1.6766545288264751,-0.016104524373076856,1.021395269781351,0.013280627317726612,0.1670532375574112,99.0,28.0,0.5948351621627808,0.40645578503608704,0.26372283697128296,0.3647279739379883,0.00011390625000000006,0.3449920415878296,1984,5.470876198261976,0.7221430526115,1.6003272533416748,0.2808201014995575,1.1666667461395264,0.0,2.9583334922790527,0.2828282828282828,5.612104309275747,81.62
progress,exploration,11a591f7a2129484d555caf115fcdbf1a709a0c9,480,5898240,12288,False,5.5323222479783,0.731167851947248,6.287359262350947,1954.3976234317038,2502.7792451609857,2502.7792451609857,51531364,5702089216,11127.0,89.0,11127.0,77.83283709059974,1.7307436726987362,-0.015719677227025386,1.0128589384257793,0.014817778952419758,0.1816813349723816,128.0,42.0,0.5958387851715088,0.4050084054470062,0.2641564607620239,0.3640795350074768,5.0625000000000024e-05,0.3444223403930664,1961,5.5323222479783,0.731167851947248,1.767213225364685,0.32671958208084106,1.75,0.0,3.5833334922790527,0.328125,5.923826958090067,80.16
progress,exploration,11a591f7a2129484d555caf115fcdbf1a709a0c9,481,5910528,12288,False,5.32014120509848,0.730040451977402,6.0851925909519196,2019.3280354464118,2508.8644377519377,2508.8644377519377,51531364,5702089216,11127.0,89.0,11127.0,77.8124734832414,1.8927273489534855,-0.01460342739301268,1.0133004449307919,0.012871450744569302,0.15374755859375,240.0,37.0,0.579345703125,0.40432634949684143,0.26542240381240845,0.3636227250099182,7.593750000000004e-05,0.3444845378398895,2031,5.32014120509848,0.730040451977402,1.8841289281845093,0.36775797605514526,1.5416667461395264,0.0,8.5,0.15416666666666667,5.61972171857953,81.37
progress,exploration,11a591f7a2129484d555caf115fcdbf1a709a0c9,482,5922816,12288,False,5.36695460928604,0.7199685908854008,6.136411775834858,2002.4731795851849,2515.0008495277725,2515.0008495277725,51531364,5702089216,11127.0,83.0,11127.0,77.807366638442,1.9679645672440529,-0.011613082140684128,1.0091033577919006,0.01499936543405056,0.1742553859949112,113.0,33.0,0.6006945371627808,0.4031866490840912,0.26532313227653503,0.36275196075439453,0.00011390625000000006,0.3437483608722687,2018,5.36695460928604,0.7199685908854008,1.639855146408081,0.31737765669822693,1.375,0.0,3.3333334922790527,0.2920353982300885,5.454809069409967,81.61
progress,exploration,11a591f7a2129484d555caf115fcdbf1a709a0c9,483,5935104,12288,False,5.395353315863758,0.7246517962776124,6.1414204449392855,2000.840051608204,2521.142269972712,2521.142269972712,51531364,5702089216,11127.0,99.0,11127.0,77.79434121621621,1.9924253523349762,-0.015704943965829443,1.0055909603834152,0.014173961244523525,0.1756591796875,114.0,42.0,0.5968153476715088,0.4026516377925873,0.26427289843559265,0.36200425028800964,7.593750000000004e-05,0.3429960608482361,2007,5.395353315863758,0.7246517962776124,1.855865240097046,0.3595583140850067,1.8260869979858398,0.0,3.2173912525177,0.3684210526315789,6.229995267838239,79.25
progress,exploration,11a591f7a2129484d555caf115fcdbf1a709a0c9,484,5947392,12288,False,5.545694075990468,0.728464538231492,6.293117952998728,1952.6091981391603,2527.4353879257105,2527.4353879257105,51531364,5702089216,11127.0,52.0,11127.0,77.79233361415332,1.7356094419956207,-0.0186870572870248,0.9964430313557386,0.01337447576224804,0.1607869565486908,259.0,53.0,0.5960286855697632,0.40187931060791016,0.26362544298171997,0.36070963740348816,7.593750000000004e-05,0.34210577607154846,1958,5.545694075990468,0.728464538231492,2.1274280548095703,0.41808992624282837,2.2083334922790527,0.0,8.583333969116211,0.20463320463320464,2.2179805490374567,88.0
progress,exploration,11a591f7a2129484d555caf115fcdbf1a709a0c9,485,5959680,12288,False,5.241017138119787,0.7251611347310245,5.995496948249638,2049.538196093559,2533.43088487396,2533.43088487396,51531364,5702089216,11127.0,89.0,11127.0,77.78403361344537,2.0171651020646095,-0.017986031249165535,0.9853124506771564,0.011727290228009224,0.14044189453125,118.0,51.0,0.5771484375,0.39972054958343506,0.2625357210636139,0.3594971299171448,0.00011390625000000006,0.3406126797199249,2059,5.241017138119787,0.7251611347310245,2.104881525039673,0.42053574323654175,2.125,0.0,2.7916667461395264,0.4322033898305085,7.460920519083738,76.12
progress,exploration,11a591f7a2129484d555caf115fcdbf1a709a0c9,486,5971968,12288,False,5.311623563989997,0.7207377017475665,6.064136667642742,2026.3395555655582,2539.495021541603,2539.495021541603,51531364,5702089216,11127.0,84.0,11127.0,77.77526205450734,1.8814487121999264,-0.018971089091792237,0.9804872795939445,0.01538888644427061,0.1902465969324112,113.0,42.0,0.5951063632965088,0.3986765444278717,0.2624349892139435,0.3616204261779785,0.00011390625000000006,0.34090662002563477,2037,5.311623563989997,0.7207377017475665,1.8464298248291016,0.3538475036621094,1.8260869979858398,0.0,3.08695650100708,0.37168141592920356,7.152215758264065,77.36
progress,exploration,11a591f7a2129484d555caf115fcdbf1a709a0c9,487,5984256,12288,False,5.505116267129779,0.7242673258297145,6.252620525192469,1965.2559995429674,2545.7476420667954,2545.7476420667954,51531364,5702089216,11127.0,46.0,11127.0,77.76160602258469,1.8224362656474113,-0.01599105482819141,0.9843473229557276,0.014201056212186813,0.1727701723575592,111.0,34.0,0.6016439199447632,0.3985115587711334,0.2627078592777252,0.3623203635215759,0.00011390625000000006,0.34118330478668213,1972,5.505116267129779,0.7242673258297145,1.8409242630004883,0.33869048953056335,1.4166667461395264,0.0,3.2083334922790527,0.3063063063063063,5.742056632563472,79.56
progress,exploration,11a591f7a2129484d555caf115fcdbf1a709a0c9,488,5996544,12288,False,5.43282591085881,0.7321717999875546,6.1863648211583495,1986.3038076857495,2551.9340068879537,2551.9340068879537,51531364,5702089216,11127.0,47.0,11127.0,77.7459324155194,1.7570521794259548,-0.017585289400813053,0.987083975225687,0.016851313412189484,0.19366455078125,246.0,33.0,0.590196430683136,0.39947712421417236,0.26336756348609924,0.36152783036231995,2.2500000000000008e-05,0.34146037697792053,1993,5.43282591085881,0.7321717999875546,1.526879072189331,0.2493055760860443,1.375,0.0,8.916666984558105,0.13414634146341464,3.6446197506785394,85.14
progress,exploration,11a591f7a2129484d555caf115fcdbf1a709a0c9,489,6008832,12288,False,5.254455919843167,0.7610954088158906,6.034792983904481,2036.1924647247345,2557.968799871858,2557.968799871858,51531364,5702089216,11127.0,87.0,11127.0,77.735746982938,1.425499901175499,-0.015356446867372142,0.9854869302362204,0.010449789464473724,0.13299560546875,110.0,30.0,0.5895453691482544,0.3990750014781952,0.2614608705043793,0.361816942691803,0.00017085937500000006,0.3408389985561371,2042,5.254455919843167,0.7610954088158906,1.4811338186264038,0.2471110075712204,1.25,0.0,3.3333334922790527,0.2727272727272727,5.452047753557562,81.42
progress,exploration,11a591f7a2129484d555caf115fcdbf1a709a0c9,490,6021120,12288,False,5.44930616999045,0.7245020410045981,6.194768538698554,1983.609221754968,2564.1635684105568,2564.1635684105568,51531364,5702089216,11127.0,90.0,11127.0,77.733499377335,1.8252904582768679,-0.015177984016190749,0.976164860650897,0.011917232535779476,0.1548665463924408,114.0,42.0,0.590060830116272,0.39921241998672485,0.25965046882629395,0.3617710471153259,0.00011390625000000006,0.34024062752723694,1990,5.44930616999045,0.7245020410045981,1.9074829816818237,0.36180561780929565,1.75,0.0,3.0,0.3684210526315789,6.35318057179451,79.01
progress,exploration,11a591f7a2129484d555caf115fcdbf1a709a0c9,491,6033408,12288,False,5.510353348217905,0.7240505889058113,6.255123300012201,1964.4696692031685,2570.418691710569,2570.418691710569,51531364,5702089216,11127.0,88.0,11127.0,77.73250517598343,1.8062389083206654,-0.013051590332906926,0.9757956434041262,0.01834683306515217,0.2060140073299408,119.0,36.0,0.5972493886947632,0.39908793568611145,0.2597735822200775,0.3629138469696045,1e-05,0.3405931890010834,1970,5.510353348217905,0.7240505889058113,1.7406328916549683,0.31474870443344116,1.5,0.0,3.4583334922790527,0.3025210084033613,6.01547180891037,80.14
progress,exploration,11a591f7a2129484d555caf115fcdbf1a709a0c9,492,6045696,12288,False,5.343167276121676,0.7284508161246777,6.102604064159095,2013.5666464367318,2576.521295774728,2576.521295774728,51531364,5702089216,11127.0,56.0,11127.0,77.7206611570248,2.0446496307849884,-0.014425946515984833,0.9740709308534861,0.008464677259325981,0.1072998046875,255.0,49.0,0.593858540058136,0.39799216389656067,0.2587188184261322,0.36184030771255493,0.00017085937500000006,0.3396007716655731,2023,5.343167276121676,0.7284508161246777,1.8602255582809448,0.3754197359085083,2.0416667461395264,0.0,8.583333969116211,0.19215686274509805,5.707029517581686,79.4
progress,exploration,11a591f7a2129484d555caf115fcdbf1a709a0c9,493,6057984,12288,False,5.233655322808772,0.7248891042545438,5.9821582972072065,2054.1081311299804,2582.5034540719353,2582.5034540719353,51531364,5702089216,11127.0,53.0,11127.0,77.69826875515251,1.7546561695635319,-0.017654955983744003,0.9656467232853174,0.014607633464038372,0.1773274838924408,118.0,51.0,0.5906304717063904,0.3973996043205261,0.25902360677719116,0.3621201813220978,7.593750000000004e-05,0.33952274918556213,2062,5.233655322808772,0.7248891042545438,1.9770252704620361,0.3988613188266754,2.2173912525177,0.0,2.91304349899292,0.4322033898305085,7.267020913492888,77.39
progress,exploration,11a591f7a2129484d555caf115fcdbf1a709a0c9,494,6070272,12288,False,5.483403233811259,0.7231240808032453,6.226387403905392,1973.5360495385444,2588.7298414758407,2588.7298414758407,51531364,5702089216,11127.0,88.0,11127.0,77.70230263157895,2.0973938927054405,-0.014176302298437804,0.9625583011657,0.01473793014883995,0.1872355192899704,101.0,38.0,0.5973308086395264,0.3970187306404114,0.25730180740356445,0.3611224889755249,0.00011390625000000006,0.33850789070129395,1979,5.483403233811259,0.7231240808032453,1.80368173122406,0.3571924865245819,1.5833333730697632,0.0,2.7083334922790527,0.37623762376237624,6.533690102472901,80.1
progress,exploration,11a591f7a2129484d555caf115fcdbf1a709a0c9,495,6082560,12288,False,5.547248330898583,0.7223616121336818,6.289512203074992,1953.7286204790732,2595.0193536789156,2595.0193536789156,51531364,5702089216,11127.0,88.0,11127.0,77.68498769483183,1.9852058663964272,-0.016350209392840043,0.9506137743592262,0.013789735734462738,0.1705729365348816,257.0,48.0,0.5965983271598816,0.3949024975299835,0.25617092847824097,0.3599545657634735,5.0625000000000024e-05,0.3370252251625061,1959,5.547248330898583,0.7223616121336818,1.9933958053588867,0.3885480761528015,2.0,0.0,8.708333969116211,0.1867704280155642,2.5015873032808305,87.77
progress,exploration,11a591f7a2129484d555caf115fcdbf1a709a0c9,496,6094848,12288,False,5.213184894993901,0.7199956229887903,5.952036912087351,2064.503325751496,2600.971390591003,2600.971390591003,51531364,5702089216,11127.0,56.0,11127.0,77.67539909946787,1.859719805419445,-0.015331962240452413,0.9425740577280521,0.009080428630113602,0.11529541015625,134.0,51.0,0.5875651240348816,0.3947054445743561,0.25594520568847656,0.3574475944042206,0.00017085937500000006,0.3361190855503082,2071,5.213184894993901,0.7199956229887903,1.8717668056488037,0.37786048650741577,2.125,0.0,3.5,0.3805970149253731,7.042263391017914,77.29
progress,exploration,11a591f7a2129484d555caf115fcdbf1a709a0c9,497,6107136,12288,False,5.345263126771897,0.7210593679919839,6.098323615733534,2014.9799804486013,2607.0697142067365,2607.0697142067365,51531364,5702089216,11127.0,84.0,11127.0,77.6676194365047,2.003676250576973,-0.016017084581108065,0.9307902809232473,0.015026339329779148,0.18988037109375,103.0,43.0,0.5916883945465088,0.39351990818977356,0.2556030750274658,0.35769256949424744,0.00011390625000000006,0.33558836579322815,2025,5.345263126771897,0.7210593679919839,2.1142337322235107,0.4168737232685089,1.8695652484893799,0.0,2.6521739959716797,0.4174757281553398,7.504740594401955,77.9
progress,exploration,11a591f7a2129484d555caf115fcdbf1a709a0c9,498,6119424,12288,False,5.4216842339374125,0.7254210966639221,6.174977684859186,1989.9667054878134,2613.2446918915957,2613.2446918915957,51531364,5702089216,11127.0,76.0,11127.0,77.65050916496945,1.6523597687482834,-0.018128560739569366,0.9359668493270874,0.01266377791762352,0.1558837890625,106.0,37.0,0.60205078125,0.39375805854797363,0.25560247898101807,0.35864055156707764,0.00011390625000000006,0.3360152244567871,1998,5.4216842339374125,0.7254210966639221,1.9021527767181396,0.37846794724464417,1.60869562625885,0.0,3.0,0.3490566037735849,6.239088393971324,78.34
progress,exploration,11a591f7a2129484d555caf115fcdbf1a709a0c9,499,6131712,12288,False,5.454096124973148,0.7283163140527904,6.206778785213828,1979.7708965032284,2619.4514706768095,2619.4514706768095,51531364,5702089216,11127.0,75.0,11127.0,77.64160910199107,1.836284276098013,-0.014276970090577379,0.9395594671368599,0.01377748604863882,0.1692098081111908,259.0,43.0,0.6001519560813904,0.39160481095314026,0.257361501455307,0.3603765666484833,0.00011390625000000006,0.3364771902561188,1987,5.454096124973148,0.7283163140527904,1.8626937866210938,0.3397817611694336,1.7916667461395264,0.0,9.0,0.16602316602316602,3.952530556144193,85.42
progress,exploration,11a591f7a2129484d555caf115fcdbf1a709a0c9,500,6144000,12288,False,5.264631197787821,0.7249634270556271,6.017232805956155,2042.1347147872905,2625.4687034827657,2625.4687034827657,51531364,5702089216,11127.0,89.0,11127.0,77.6400486420754,1.9377695173025131,-0.018288856699655298,0.9375256504863501,0.014442384243011475,0.1652425229549408,112.0,43.0,0.5984158515930176,0.38950639963150024,0.25659874081611633,0.36078980565071106,7.593750000000004e-05,0.33566004037857056,2051,5.264631197787821,0.7249634270556271,1.7792820930480957,0.3378472328186035,1.7916667461395264,0.0,2.875,0.38392857142857145,6.501505441814661,80.71
progress,exploration,11a591f7a2129484d555caf115fcdbf1a709a0c9,501,6156288,12288,False,5.466423980891705,0.7250222461298108,6.221416525077075,1975.1128943818414,2631.690120007843,2631.690120007843,51531364,5702089216,11127.0,93.0,11127.0,77.63349514563107,2.133765548467636,-0.014085927410633303,0.9293184503912926,0.011619490571320057,0.1468506008386612,111.0,50.0,0.593994140625,0.3888624906539917,0.2555736005306244,0.3600623905658722,5.0625000000000024e-05,0.33484962582588196,1984,5.466423980891705,0.7250222461298108,2.051133871078491,0.4324735403060913,2.0833334922790527,0.0,2.5416667461395264,0.45045045045045046,7.7706631232053045,77.67
progress,exploration,11a591f7a2129484d555caf115fcdbf1a709a0c9,502,6168576,12288,False,5.551171258091927,0.7221505627967417,6.297476736828685,1951.2577042385476,2637.9875967446715,2637.9875967446715,51531364,5702089216,11127.0,47.0,11127.0,77.62106537530266,2.0696747452020645,-0.01896813532221131,0.9247787054628134,0.012823371216654778,0.1623738706111908,126.0,54.0,0.5962185859680176,0.3882036805152893,0.25524139404296875,0.3591592013835907,5.0625000000000024e-05,0.33421698212623596,1958,5.551171258091927,0.7221505627967417,2.072505235671997,0.4099244475364685,2.25,0.0,3.0833334922790527,0.42857142857142855,7.74824621796608,77.29
progress,exploration,11a591f7a2129484d555caf115fcdbf1a709a0c9,503,6180864,12288,False,5.310946458019316,0.7347621098160744,6.076897545251995,2022.0844449814472,2644.0644942899235,2644.0644942899235,51531364,5702089216,11127.0,88.0,11127.0,77.6243961352657,1.6021301317960024,-0.011772251578804571,0.9208182115107775,0.014065580442547798,0.1644083857536316,252.0,40.0,0.5861274003982544,0.38832858204841614,0.2556985318660736,0.35806483030319214,7.593750000000004e-05,0.33405801653862,2032,5.310946458019316,0.7347621098160744,1.7839601039886475,0.3183562159538269,1.6666667461395264,0.0,8.833333969116211,0.15873015873015872,5.521220909357071,82.25
progress,exploration,11a591f7a2129484d555caf115fcdbf1a709a0c9,504,6193152,12288,False,5.335470766294748,0.7212164979428053,6.079635957721621,2021.1736501086489,2650.144130247645,2650.144130247645,51531364,5702089216,11127.0,89.0,11127.0,77.61967871485943,2.0115646198391914,-0.01702739985921653,0.92022898606956,0.01317928358912468,0.1607869565486908,100.0,39.0,0.587863564491272,0.387385755777359,0.2561270296573639,0.3581719696521759,0.00011390625000000006,0.33392396569252014,2028,5.335470766294748,0.7212164979428053,1.8513202667236328,0.35476192831993103,1.625,0.0,2.5416667461395264,0.39,6.925701662749052,76.79
progress,exploration,11a591f7a2129484d555caf115fcdbf1a709a0c9,505,6205440,12288,False,5.503974520135671,0.7208579760044813,6.245313008315861,1967.5555066076083,2656.389443255961,2656.389443255961,51531364,5702089216,11127.0,89.0,11127.0,77.6113782051282,1.5309930369257927,-0.01977732475643279,0.9152100868523121,0.015006985515356064,0.1822713315486908,113.0,36.0,0.5876736640930176,0.38664719462394714,0.2561936676502228,0.35572558641433716,0.00011390625000000006,0.3328644037246704,1974,5.503974520135671,0.7208579760044813,1.7176117897033691,0.32996031641960144,1.5,0.0,3.25,0.3185840707964602,6.110498251020909,78.62
progress,exploration,11a591f7a2129484d555caf115fcdbf1a709a0c9,506,6217728,12288,False,5.556338767986745,0.7291382597759366,6.307198145892471,1948.2501922034103,2662.6966414018534,2662.6966414018534,51531364,5702089216,11127.0,87.0,11127.0,77.61750599520384,2.0664095748215914,-0.01540258831664687,0.9130361825227737,0.012854281812906265,0.1586100310087204,258.0,46.0,0.585069477558136,0.3882257342338562,0.2555466890335083,0.3560165762901306,7.593750000000004e-05,0.3332710266113281,1954,5.556338767986745,0.7291382597759366,1.8717716932296753,0.36205506324768066,1.9166667461395264,0.0,8.833333969116211,0.17829457364341086,2.6048202374577523,87.85
progress,exploration,11a591f7a2129484d555caf115fcdbf1a709a0c9,507,6230016,12288,False,5.228536555077881,0.7223720038309693,5.98070304794237,2054.6079451691926,2668.677344449796,2668.677344449796,51531364,5702089216,11127.0,84.0,11127.0,77.6086956521739,1.8113179802894592,-0.0133590296127295,0.9149316344410181,0.013705837540328503,0.163330078125,112.0,44.0,0.5901150703430176,0.38916194438934326,0.25637248158454895,0.35490483045578003,5.0625000000000024e-05,0.333484411239624,2064,5.228536555077881,0.7223720038309693,1.806229591369629,0.3681051731109619,1.8333333730697632,0.0,2.875,0.39285714285714285,6.219733394701034,78.98
progress,exploration,11a591f7a2129484d555caf115fcdbf1a709a0c9,508,6242304,12288,False,5.452927771024406,0.7237501270137727,6.225052196998149,1973.9593518469662,2674.902396646794,2674.902396646794,51531364,5702089216,11127.0,69.0,11127.0,77.58774373259052,1.9738264940679073,-0.015545542381005362,0.9160869680345058,0.009948626160621643,0.1293741911649704,117.0,47.0,0.593858540058136,0.38993486762046814,0.2560041844844818,0.35324740409851074,0.00017085937500000006,0.33310943841934204,1989,5.452927771024406,0.7237501270137727,1.912340521812439,0.36121034622192383,1.9583333730697632,0.0,2.9166667461395264,0.4017094017094017,7.309027950465679,77.56
progress,exploration,11a591f7a2129484d555caf115fcdbf1a709a0c9,509,6254592,12288,False,5.496357326861471,0.721373395062983,6.256877515930682,1963.9188986380877,2681.1592741627246,2681.1592741627246,51531364,5702089216,11127.0,65.0,11127.0,77.57562524811433,1.7703201472759247,-0.01401687873294577,0.9064729120582342,0.013877497985959053,0.1753743588924408,117.0,47.0,0.5882975459098816,0.3878646492958069,0.2545587122440338,0.35401836037635803,0.00011390625000000006,0.3321702778339386,1976,5.496357326861471,0.721373395062983,1.8903999328613281,0.3538359999656677,1.9583333730697632,0.0,2.9583334922790527,0.4017094017094017,7.0907336636632685,79.25
progress,exploration,11a591f7a2129484d555caf115fcdbf1a709a0c9,510,6266880,12288,False,5.459380483720452,0.7366850762628019,6.237586731091142,1969.9926477576143,2687.3968608938158,2687.3968608938158,51531364,5702089216,11127.0,89.0,11127.0,77.56514851485149,2.0047986954450607,-0.01736766775138676,0.8994290325790644,0.01164579764008522,0.1458943635225296,242.0,33.0,0.587510883808136,0.38493436574935913,0.25561031699180603,0.3520931601524353,0.00011390625000000006,0.33089855313301086,1983,5.459380483720452,0.7366850762628019,1.6017141342163086,0.2654942274093628,1.375,0.0,8.75,0.13636363636363635,3.832554517481476,84.42
progress,exploration,11a591f7a2129484d555caf115fcdbf1a709a0c9,511,6279168,12288,False,5.292800355702639,0.7236137832514942,6.051161915063858,2030.6843830124687,2693.4480228088796,2693.4480228088796,51531364,5702089216,11127.0,89.0,11127.0,77.56538917423943,1.615907333791256,-0.015620595768268686,0.896659342572093,0.012150202877819538,0.15277099609375,120.0,49.0,0.5978190898895264,0.385392427444458,0.25587013363838196,0.3520621955394745,0.00017085937500000009,0.3311297595500946,2042,5.292800355702639,0.7236137832514942,2.1034011840820312,0.421875,2.0416667461395264,0.0,3.0,0.4083333333333333,6.75254311800003,78.59
progress,exploration,11a591f7a2129484d555caf115fcdbf1a709a0c9,512,6291456,12288,False,5.490828072186559,0.7379698026925325,6.246408862993121,1967.210323486878,2699.6944316718727,2699.6944316718727,51531364,5702089216,11127.0,58.0,11127.0,77.55993690851734,1.3500566650182009,-0.012317421831539832,0.8930739369243383,0.012539839372038841,0.1548869013786316,110.0,32.0,0.5941298007965088,0.38547587394714355,0.2544720470905304,0.3518123924732208,7.593750000000004e-05,0.33060991764068604,1972,5.490828072186559,0.7379698026925325,1.5510390996932983,0.26087963581085205,1.3333333730697632,0.0,3.25,0.2909090909090909,5.6854914362728595,80.59
progress,exploration,11a591f7a2129484d555caf115fcdbf1a709a0c9,513,6303744,12288,False,5.53554865391925,0.7265935270115733,6.281444750726223,1956.2378541305063,2705.975876422599,2705.975876422599,51531364,5702089216,11127.0,85.0,11127.0,77.56530291109362,2.0569884181022644,-0.01925079803186236,0.8923528268933296,0.015081600286066532,0.1745401918888092,119.0,46.0,0.5935601592063904,0.38616517186164856,0.25365689396858215,0.3532855212688446,0.00011390625000000006,0.33104270696640015,1962,5.53554865391925,0.7265935270115733,2.0369129180908203,0.4011409282684326,1.9166667461395264,0.0,3.0833334922790527,0.3865546218487395,7.065709064975381,78.18
progress,exploration,11a591f7a2129484d555caf115fcdbf1a709a0c9,514,6316032,12288,False,5.341887065209448,0.7350347768515348,6.101370934396982,2013.9736023465457,2712.077247356996,2712.077247356996,51531364,5702089216,11127.0,69.0,11127.0,77.5521978021978,1.8482822813093662,-0.019346719840541482,0.8908435590565205,0.015254846774041653,0.18328857421875,249.0,44.0,0.5841743350028992,0.38346099853515625,0.2536454200744629,0.3526097238063812,0.00011390625000000006,0.3299367129802704,2022,5.341887065209448,0.7350347768515348,1.7893718481063843,0.3318813443183899,1.8333333730697632,0.0,8.541666984558105,0.17670682730923695,5.4148770847916605,80.8
progress,exploration,11a591f7a2129484d555caf115fcdbf1a709a0c9,515,6328320,12288,False,5.362875667866319,0.721390179824084,6.104240951593965,2013.0266969214747,2718.18148830859,2718.18148830859,51531364,5702089216,11127.0,89.0,11127.0,77.5512920908379,1.707041461020708,-0.01532344859879231,0.8848989307880402,0.015291599556803703,0.1860555112361908,112.0,48.0,0.5840115547180176,0.38410142064094543,0.25450295209884644,0.35180413722991943,5.0625000000000024e-05,0.33013731241226196,2019,5.362875667866319,0.721390179824084,2.1713969707489014,0.4383432865142822,2.0,0.0,2.6666667461395264,0.42857142857142855,7.667686355710029,77.8
progress,exploration,11a591f7a2129484d555caf115fcdbf1a709a0c9,516,6340608,12288,False,5.510349632240832,0.7229986060410738,6.257193508092314,1963.8197195129342,2724.438681816682,2724.438681816682,51531364,5702089216,11127.0,90.0,11127.0,77.549609375,1.9211735539138317,-0.017904743257531663,0.8874309901148081,0.012902997434139252,0.1619669646024704,106.0,37.0,0.5997179746627808,0.3851603865623474,0.2535858452320099,0.3520599901676178,0.00017085937500000009,0.3302744925022125,1971,5.510349632240832,0.7229986060410738,1.9980262517929077,0.3849702477455139,1.5416667461395264,0.0,2.875,0.3490566037735849,6.606789742484689,79.08
progress,exploration,11a591f7a2129484d555caf115fcdbf1a709a0c9,517,6352896,12288,False,5.564787067938596,0.7246291642077267,6.3079830929636955,1948.00775761539,2730.746664909646,2730.746664909646,51531364,5702089216,11127.0,88.0,11127.0,77.53975058456741,1.5984383281320333,-0.013105049089062959,0.8835871275514364,0.014529690146446228,0.1755778193473816,256.0,39.0,0.5961372256278992,0.3851647675037384,0.25199195742607117,0.35175788402557373,7.593750000000004e-05,0.32966524362564087,1953,5.564787067938596,0.7246291642077267,1.7246129512786865,0.29172319173812866,1.625,0.0,9.083333969116211,0.15234375,2.6682320892810822,87.49
progress,exploration,11a591f7a2129484d555caf115fcdbf1a709a0c9,518,6365184,12288,False,5.227488411590457,0.7377807390876114,5.989357797894627,2051.638992801443,2736.7360227075405,2736.7360227075405,51531364,5702089216,11127.0,89.0,11127.0,77.53286658887592,1.664212305098772,-0.015034931057016365,0.8735519591718912,0.013026973232626915,0.1448567807674408,118.0,30.0,0.593478798866272,0.3834076225757599,0.2510407865047455,0.35188302397727966,7.593750000000004e-05,0.3287859857082367,2059,5.227488411590457,0.7377807390876114,1.4800671339035034,0.21857264637947083,1.25,0.0,3.6666667461395264,0.2542372881355932,5.571621036231518,81.25
progress,exploration,11a591f7a2129484d555caf115fcdbf1a709a0c9,519,6377472,12288,False,5.324958085082471,0.7348900190554559,6.088124918285757,2018.355432079398,2742.8241476258263,2742.8241476258263,51531364,5702089216,11127.0,48.0,11127.0,77.51338766006985,1.5598788373172283,-0.020022125710966066,0.8742343857884407,0.015271387062966824,0.1887613981962204,101.0,35.0,0.5879992246627808,0.3839440941810608,0.2515994608402252,0.351946622133255,5.0625000000000024e-05,0.3291708528995514,2027,5.324958085082471,0.7348900190554559,1.7690489292144775,0.32953763008117676,1.52173912525177,0.0,2.91304349899292,0.3465346534653465,6.510082475990057,79.55
progress,exploration,11a591f7a2129484d555caf115fcdbf1a709a0c9,520,6389760,12288,False,5.5267152530141175,0.7383355451747775,6.287241253070533,1954.434306779439,2749.111388878897,2749.111388878897,51531364,5702089216,11127.0,84.0,11127.0,77.511420828494,1.8988156132400036,-0.012618215502243402,0.8749556578695774,0.013034289702773094,0.1629028469324112,126.0,47.0,0.5882704257965088,0.3822811543941498,0.251534104347229,0.35271796584129333,0.00017085937500000009,0.3288816809654236,1961,5.5267152530141175,0.7383355451747775,1.9750900268554688,0.3796461820602417,1.9583333730697632,0.0,3.2916667461395264,0.373015873015873,6.858726687282324,77.68
progress,exploration,11a591f7a2129484d555caf115fcdbf1a709a0c9,521,6402048,12288,False,5.430897631216794,0.7420380590483546,6.203452861867845,1980.8323321892885,2755.3148417407647,2755.3148417407647,51531364,5702089216,11127.0,85.0,11127.0,77.50521436848204,1.6343002542853355,-0.00890498439730436,0.8702225536108017,0.009906460531055927,0.1225992888212204,253.0,49.0,0.5762261748313904,0.38091203570365906,0.2512590289115906,0.35225027799606323,0.00011390625000000006,0.3281715214252472,1990,5.430897631216794,0.7420380590483546,1.8404507637023926,0.3675304055213928,2.0416667461395264,0.0,8.5,0.19367588932806323,3.816464704349637,84.15
progress,exploration,11a591f7a2129484d555caf115fcdbf1a709a0c9,522,6414336,12288,False,5.259945600759238,0.7363324542529881,6.0186230330727994,2041.6630070493682,2761.3334647738375,2761.3334647738375,51531364,5702089216,11127.0,88.0,11127.0,77.50712909441233,2.127062015235424,-0.015468268480617553,0.8615644667297602,0.013837849721312523,0.1674601435661316,119.0,42.0,0.5888671875,0.3786280155181885,0.2503739595413208,0.35174745321273804,0.00017085937500000009,0.32695046067237854,2049,5.259945600759238,0.7363324542529881,1.9681994915008545,0.3721560835838318,1.75,0.0,3.25,0.35294117647058826,6.40423119738698,79.04
progress,exploration,11a591f7a2129484d555caf115fcdbf1a709a0c9,523,6426624,12288,False,5.263686812017113,0.7364470371976495,6.031535795889795,2037.2920622262889,2767.3650005697273,2767.3650005697273,51531364,5702089216,11127.0,97.0,11127.0,77.51115384615385,1.9200683534145355,-0.009773263474926353,0.8553173486143351,0.00998792052268982,0.127197265625,110.0,49.0,0.5877821445465088,0.3774554431438446,0.25043797492980957,0.3516371250152588,0.00011390625000000006,0.3265446722507477,2047,5.263686812017113,0.7364470371976495,2.260361433029175,0.4701889455318451,2.2272727489471436,0.0,2.8181819915771484,0.44545454545454544,7.388324357271195,76.55
progress,exploration,11a591f7a2129484d555caf115fcdbf1a709a0c9,524,6438912,12288,False,5.535932355094701,0.7360939159989357,6.290894296020269,1953.2993914352694,2773.6558948657475,2773.6558948657475,51531364,5702089216,11127.0,50.0,11127.0,77.50038372985418,1.7199225462973118,-0.015984773519448936,0.8476889543235302,0.014085512608289719,0.1763102263212204,120.0,39.0,0.6020779609680176,0.3751235902309418,0.25007325410842896,0.3506181836128235,0.00011390625000000006,0.3252870738506317,1959,5.535932355094701,0.7360939159989357,1.9065654277801514,0.3579365015029907,1.625,0.0,3.4583334922790527,0.325,6.265803774893284,79.72
progress,exploration,11a591f7a2129484d555caf115fcdbf1a709a0c9,525,6451200,12288,False,5.328911785967648,0.7484371569007635,6.1006870600394905,2014.1993646073788,2779.756581925787,2779.756581925787,51531364,5702089216,11127.0,80.0,11127.0,77.49310872894334,1.3828935790807009,-0.01622490958106937,0.8444503378123045,0.01402885653078556,0.1773071587085724,235.0,32.0,0.5788846015930176,0.3749834895133972,0.25059840083122253,0.3505364954471588,0.00017085937500000009,0.3254173696041107,2021,5.328911785967648,0.7484371569007635,1.566968321800232,0.27142858505249023,1.3333333730697632,0.0,8.5,0.13617021276595745,4.974767036624253,82.39
progress,exploration,11a591f7a2129484d555caf115fcdbf1a709a0c9,526,6463488,12288,False,5.352163692004979,0.7420942187309265,6.115495678037405,2009.3219988904457,2785.8720776038244,2785.8720776038244,51531364,5702089216,11127.0,88.0,11127.0,77.49465240641712,2.094909943640232,-0.015732998717794544,0.8429784364998341,0.011679796501994133,0.1474609524011612,125.0,46.0,0.594102680683136,0.37348538637161255,0.25074079632759094,0.35054445266723633,0.00017085937500000009,0.3249911665916443,2016,5.352163692004979,0.7420942187309265,1.9875178337097168,0.4078403413295746,1.9166667461395264,0.0,3.4166667461395264,0.368,6.37780544064939,79.78
progress,exploration,11a591f7a2129484d555caf115fcdbf1a709a0c9,527,6475776,12288,False,5.276832201052457,0.7437931317836046,6.043373649939895,2033.3013829323977,2791.9154512537643,2791.9154512537643,51531364,5702089216,11127.0,53.0,11127.0,77.49332825009532,1.6500818859785795,-0.013673621786438162,0.8340152334421873,0.012661725282669067,0.1530354917049408,111.0,47.0,0.5925564765930176,0.3711555302143097,0.2500070631504059,0.35059475898742676,5.0625000000000024e-05,0.32393720746040344,2040,5.276832201052457,0.7437931317836046,2.0600504875183105,0.4177227020263672,2.1363637447357178,0.0,3.0,0.42342342342342343,7.071511834263801,79.14
progress,exploration,11a591f7a2129484d555caf115fcdbf1a709a0c9,528,6488064,12288,False,5.548282153904438,0.7423975258134305,6.314809652045369,1945.90188415575,2798.2302609058097,2798.2302609058097,51531364,5702089216,11127.0,82.0,11127.0,77.4868771395968,1.867970336228609,-0.020067701603693422,0.826554823666811,0.015002133324742317,0.1864013820886612,247.0,41.0,0.5929633378982544,0.36899253726005554,0.24945011734962463,0.3505832254886627,5.0625000000000024e-05,0.3230269253253937,1953,5.548282153904438,0.7423975258134305,1.7826106548309326,0.3120509088039398,1.7083333730697632,0.0,8.583333969116211,0.1659919028340081,2.2227220460027457,88.0
progress,exploration,11a591f7a2129484d555caf115fcdbf1a709a0c9,529,6500352,12288,False,5.251191440969706,0.7400866500101984,6.011807770933956,2043.9775302547664,2804.2420686767437,2804.2420686767437,51531364,5702089216,11127.0,47.0,11127.0,77.47741935483872,1.929005092009902,-0.016993050390738063,0.8199602849781513,0.012909619137644768,0.1565144956111908,123.0,52.0,0.5819227695465088,0.3676815927028656,0.2510048449039459,0.34784403443336487,0.00011390625000000006,0.32219621539115906,2050,5.251191440969706,0.7400866500101984,2.055581569671631,0.399189829826355,2.1666667461395264,0.0,3.0,0.42276422764227645,7.474908853024244,77.65
progress,exploration,11a591f7a2129484d555caf115fcdbf1a709a0c9,530,6512640,12288,False,5.423943085130304,0.7367964657023549,6.224764745216817,1974.0505067990314,2810.4668334219605,2810.4668334219605,51531364,5702089216,11127.0,88.0,11127.0,77.47822794396062,1.848898485302925,-0.01339672076574061,0.8165782950818539,0.013778392225503922,0.1561889797449112,118.0,44.0,0.5905762314796448,0.36740148067474365,0.25145623087882996,0.3465825617313385,3.3750000000000014e-05,0.3218238651752472,1994,5.423943085130304,0.7367964657023549,1.9914087057113647,0.37447690963745117,1.8333333730697632,0.0,3.125,0.3728813559322034,6.789109749794006,78.85
progress,exploration,11a591f7a2129484d555caf115fcdbf1a709a0c9,531,6524928,12288,False,5.405869739130139,0.733875019941479,6.180923630017787,1988.0523907985316,2816.6477570519783,2816.6477570519783,51531364,5702089216,11127.0,89.0,11127.0,77.48205515678126,2.092867147177458,-0.017634109960454225,0.8109115734696388,0.013073046691715717,0.1621297299861908,113.0,44.0,0.5955132842063904,0.36656665802001953,0.2507731020450592,0.34491410851478577,7.593750000000004e-05,0.32078537344932556,2001,5.405869739130139,0.733875019941479,1.9395054578781128,0.38509947061538696,1.91304349899292,0.0,3.0,0.3893805309734513,6.7254946943372484,78.9
progress,exploration,11a591f7a2129484d555caf115fcdbf1a709a0c9,532,6537216,12288,False,5.435677805915475,0.7282696841284633,6.18267409875989,1987.4895237425997,2822.830431150738,2822.830431150738,51531364,5702089216,11127.0,88.0,11127.0,77.47757255936675,1.7649494893848896,-0.0172544660163112,0.8041913900524378,0.011998537927865982,0.1550496518611908,241.0,47.0,0.5929362177848816,0.3658641576766968,0.25247716903686523,0.34276536107063293,7.593750000000004e-05,0.3203731179237366,1993,5.435677805915475,0.7282696841284633,1.9576869010925293,0.3873921036720276,1.9583333730697632,0.0,8.125,0.1950207468879668,3.290837730914354,85.0
progress,exploration,11a591f7a2129484d555caf115fcdbf1a709a0c9,533,6549504,12288,False,5.30066509405151,0.7238704580813646,6.058119834866375,2028.3520852919937,2828.8885509856045,2828.8885509856045,51531364,5702089216,11127.0,64.0,11127.0,77.46350639578631,1.650361094623804,-0.016147577660376555,0.7985757756978273,0.013264205306768417,0.1564737856388092,115.0,34.0,0.6035970449447632,0.36567530035972595,0.2512713074684143,0.34075063467025757,3.3750000000000014e-05,0.3192398250102997,2039,5.30066509405151,0.7238704580813646,1.6981233358383179,0.31716272234916687,1.4166667461395264,0.0,3.4166667461395264,0.2956521739130435,5.519338236860931,82.11
progress,exploration,11a591f7a2129484d555caf115fcdbf1a709a0c9,534,6561792,12288,False,5.470932940021157,0.7273976681753993,6.244181787129492,1967.9119569081136,2835.132732772734,2835.132732772734,51531364,5702089216,11127.0,85.0,11127.0,77.46321321321321,1.9874734356999397,-0.0150264490803238,0.796716658398509,0.011377116665244102,0.1416015625,125.0,52.0,0.590793251991272,0.36720389127731323,0.2512558400630951,0.3412618339061737,0.00017085937500000006,0.3199201822280884,1982,5.470932940021157,0.7273976681753993,1.8620414733886719,0.36719703674316406,2.1666667461395264,0.0,3.125,0.416,7.43581480704248,77.01
progress,exploration,11a591f7a2129484d555caf115fcdbf1a709a0c9,535,6574080,12288,False,5.4329719338566065,0.7398047149181366,6.191749010235071,1984.5765678950677,2841.324481782969,2841.324481782969,51531364,5702089216,11127.0,89.0,11127.0,77.45917602996255,1.3483041934669018,-0.013851793271896895,0.8001553080976009,0.014447970315814018,0.1721598207950592,115.0,36.0,0.5870769023895264,0.36594158411026,0.25136175751686096,0.3428710699081421,7.593750000000004e-05,0.3200681507587433,1990,5.4329719338566065,0.7398047149181366,1.7300103902816772,0.3185347318649292,1.56521737575531,0.0,3.4347827434539795,0.3130434782608696,5.98439687460661,81.46
progress,exploration,11a591f7a2129484d555caf115fcdbf1a709a0c9,536,6586368,12288,False,5.328682059422135,0.7325625997036695,6.0793634108267725,2021.2642623265838,2847.403845193796,2847.403845193796,51531364,5702089216,11127.0,88.0,11127.0,77.44992526158445,2.067636400461197,-0.014660382410511374,0.8028624802827835,0.009926732629537582,0.1285807341337204,233.0,46.0,0.6054145097732544,0.3659946322441101,0.2516982853412628,0.3434513807296753,0.00017085937500000006,0.320402055978775,2027,5.328682059422135,0.7325625997036695,2.044285535812378,0.4158934950828552,1.9166667461395264,0.0,7.7916669845581055,0.19742489270386265,6.46837410196662,79.88
progress,exploration,11a591f7a2129484d555caf115fcdbf1a709a0c9,537,6598656,12288,False,5.377472891006619,0.7261340832337737,6.131286900956184,2004.1469594390808,2853.535132094752,2853.535132094752,51531364,5702089216,11127.0,88.0,11127.0,77.44668158090977,1.8046623207628727,-0.01249986555922078,0.8021029103547335,0.013642258942127228,0.1731363981962204,130.0,45.0,0.599229633808136,0.36559391021728516,0.2521262466907501,0.3418804109096527,0.00011390625000000006,0.31991106271743774,2013,5.377472891006619,0.7261340832337737,1.7577637434005737,0.32949739694595337,1.875,0.0,3.5416667461395264,0.34615384615384615,6.8635904109478,77.86
progress,exploration,11a591f7a2129484d555caf115fcdbf1a709a0c9,538,6610944,12288,False,5.490276200231165,0.7203998318873346,6.235358345787972,1970.6966814987672,2859.77049044054,2859.77049044054,51531364,5702089216,11127.0,46.0,11127.0,77.43059173799777,1.8673982731997967,-0.018556548850028776,0.7961746249347925,0.015471180900931358,0.1890462338924408,118.0,41.0,0.5919325351715088,0.3638734817504883,0.25239095091819763,0.3415057361125946,3.3750000000000014e-05,0.31927013397216797,1978,5.490276200231165,0.7203998318873346,2.038245677947998,0.4153769910335541,1.7083333730697632,0.0,3.25,0.3474576271186441,6.208300405032933,79.91
progress,exploration,11a591f7a2129484d555caf115fcdbf1a709a0c9,539,6623232,12288,False,5.43571960972622,0.7239619349129498,6.193496786057949,1984.0165296704859,2865.963987226598,2865.963987226598,51531364,5702089216,11127.0,49.0,11127.0,77.42777571481619,1.7364752478897572,-0.016667281382979127,0.7929661981761456,0.01016019657254219,0.1307779997587204,242.0,50.0,0.5924750566482544,0.36276939511299133,0.2535640001296997,0.33981695771217346,0.00017085937500000006,0.3187302052974701,1994,5.43571960972622,0.7239619349129498,2.154827117919922,0.4358416795730591,2.17391300201416,0.0,8.391304969787598,0.2066115702479339,2.494793358929455,87.82
progress,exploration,11a591f7a2129484d555caf115fcdbf1a709a0c9,540,6635520,12288,False,5.217024007812142,0.7227348051965237,5.9660235340707,2059.6633469220874,2871.9300107606687,2871.9300107606687,51531364,5702089216,11127.0,89.0,11127.0,77.43090033345683,2.0125759914517403,-0.011409621249185875,0.791950412094593,0.013464298099279404,0.1596679836511612,111.0,43.0,0.6026204824447632,0.3612111210823059,0.2543970048427582,0.339942991733551,5.0625000000000024e-05,0.31853362917900085,2068,5.217024007812142,0.7227348051965237,2.0245766639709473,0.3956349790096283,1.7916667461395264,0.0,2.8333334922790527,0.38738738738738737,7.167858918309212,79.16
progress,exploration,11a591f7a2129484d555caf115fcdbf1a709a0c9,541,6647808,12288,False,5.35398822510615,0.7222159011289477,6.0972423031926155,2015.337326116399,2878.0272530638613,2878.0272530638613,51531364,5702089216,11127.0,90.0,11127.0,77.43142329020333,2.026115830987692,-0.019361442464287393,0.7833893019706011,0.014000417664647102,0.1727091670036316,134.0,49.0,0.5964627265930176,0.36084601283073425,0.25085145235061646,0.34029313921928406,5.0625000000000024e-05,0.31734010577201843,2022,5.35398822510615,0.7222159011289477,1.87060546875,0.36011040210723877,2.13043475151062,0.0,3.6956522464752197,0.3656716417910448,6.4667294019460675,78.45
progress,exploration,11a591f7a2129484d555caf115fcdbf1a709a0c9,542,6660096,12288,False,5.494746883865446,0.719946107827127,6.244427757803351,1967.8344400164287,2884.2716808216646,2884.2716808216646,51531364,5702089216,11127.0,99.0,11127.0,77.42583025830258,1.7747236378490925,-0.016232726597081637,0.7737718001008034,0.008767135441303253,0.1181233823299408,121.0,53.0,0.5897895097732544,0.36000674962997437,0.2503920793533325,0.3388688564300537,0.00017085937500000006,0.31646761298179626,1977,5.494746883865446,0.719946107827127,2.1344056129455566,0.4457401633262634,2.2083334922790527,0.0,2.8333334922790527,0.4380165289256198,7.296235465109349,77.27
progress,exploration,11a591f7a2129484d555caf115fcdbf1a709a0c9,543,6672384,12288,False,5.331728004384786,0.7280586049892008,6.086331844329834,2018.950053051705,2890.3580126659945,2890.3580126659945,51531364,5702089216,11127.0,61.0,11127.0,77.42967599410899,1.6404214352369308,-0.011304953441140242,0.7711547501385212,0.013098683208227158,0.1623535305261612,223.0,32.0,0.5895453691482544,0.3592130243778229,0.2522090673446655,0.3389282822608948,0.00017085937500000009,0.3167945444583893,2027,5.331728004384786,0.7280586049892008,1.5727348327636719,0.28737059235572815,1.39130437374115,0.0,8.34782600402832,0.14349775784753363,3.907456432282925,85.0
progress,exploration,11a591f7a2129484d555caf115fcdbf1a709a0c9,544,6684672,12288,False,5.295378318987787,0.7244501318782568,6.104266978800297,2013.018113833387,2896.4622796447948,2896.4622796447948,51531364,5702089216,11127.0,68.0,11127.0,77.41770756796473,1.673591174185276,-0.01323810254689306,0.7724642660468817,0.015179506503045559,0.1694742739200592,116.0,49.0,0.5964627265930176,0.3589439392089844,0.25218406319618225,0.33859407901763916,5.0625000000000024e-05,0.31658220291137695,2041,5.295378318987787,0.7244501318782568,1.961255431175232,0.38834327459335327,2.0416667461395264,0.0,2.9166667461395264,0.4224137931034483,7.046393941286952,78.46
progress,exploration,11a591f7a2129484d555caf115fcdbf1a709a0c9,545,6696960,12288,False,5.380439647939056,0.7220404450781643,6.1272290288470685,2005.4742432750509,2902.589508673642,2902.589508673642,51531364,5702089216,11127.0,89.0,11127.0,77.4050586510264,2.151147525757551,-0.017901875828101765,0.7676792927086353,0.01376034040004015,0.1689249724149704,134.0,42.0,0.58740234375,0.3586256504058838,0.2512403130531311,0.3365994989871979,7.593750000000004e-05,0.3155202865600586,2013,5.380439647939056,0.7220404450781643,1.8541910648345947,0.35873016715049744,1.8260869979858398,0.0,4.043478488922119,0.31343283582089554,6.136477603912353,79.67
progress,exploration,11a591f7a2129484d555caf115fcdbf1a709a0c9,546,6709248,12288,False,5.5147440657019615,0.7234434722922742,6.264438356272876,1961.5485541006958,2908.8539470299147,2908.8539470299147,51531364,5702089216,11127.0,89.0,11127.0,77.41111923920995,1.903767067939043,-0.01570017568883486,0.7632818557322025,0.013829691335558891,0.1718546748161316,124.0,48.0,0.587131142616272,0.357732355594635,0.25194576382637024,0.3381665349006653,5.0625000000000024e-05,0.315946489572525,1969,5.5147440657019615,0.7234434722922742,1.9597043991088867,0.3930886685848236,2.0,0.0,3.2083334922790527,0.3870967741935484,7.021445772200823,75.96
progress,exploration,11a591f7a2129484d555caf115fcdbf1a709a0c9,547,6721536,12288,False,5.3425298212096095,0.7288149469532073,6.111454818863422,2010.6505511702796,2914.965401848778,2914.965401848778,51531364,5702089216,11127.0,54.0,11127.0,77.38700255567726,1.8961701225489378,-0.017178670921566663,0.7653300352394581,0.014778192155063152,0.1764933317899704,226.0,45.0,0.5913900136947632,0.3575279414653778,0.25139427185058594,0.3380444645881653,3.3750000000000014e-05,0.3156592547893524,2023,5.3425298212096095,0.7288149469532073,2.016740322113037,0.39331531524658203,1.875,0.0,7.583333492279053,0.19911504424778761,5.744640297293663,81.18
progress,exploration,11a591f7a2129484d555caf115fcdbf1a709a0c9,548,6733824,12288,False,5.3616031287238,0.7198149380274117,6.1139670591801405,2009.8243711584166,2921.0793689079583,2921.0793689079583,51531364,5702089216,11127.0,61.0,11127.0,77.38943533697632,2.0424848832190037,-0.01577763738168869,0.7630496360361576,0.01190383080393076,0.145751953125,126.0,46.0,0.5889214873313904,0.35853803157806396,0.25032839179039,0.3382682502269745,7.593750000000004e-05,0.31571102142333984,2020,5.3616031287238,0.7198149380274117,1.9583041667938232,0.38129961490631104,1.9166667461395264,0.0,3.3333334922790527,0.36507936507936506,6.134965962022543,79.79
progress,exploration,11a591f7a2129484d555caf115fcdbf1a709a0c9,549,6746112,12288,False,5.499759226106107,0.7232889598235488,6.256356541998684,1964.0824364006626,2927.335725449957,2927.335725449957,51531364,5702089216,11127.0,89.0,11127.0,77.3984005816067,1.802583210170269,-0.012625769228179706,0.7616740576922894,0.010281046852469444,0.1294148862361908,133.0,43.0,0.584933876991272,0.35861948132514954,0.24996532499790192,0.3370090126991272,0.00011390625000000006,0.31524622440338135,1974,5.499759226106107,0.7232889598235488,1.866917610168457,0.3559689521789551,1.7916667461395264,0.0,3.75,0.3233082706766917,5.7495349161326885,80.86
progress,exploration,11a591f7a2129484d555caf115fcdbf1a709a0c9,550,6758400,12288,False,5.5410992610268295,0.7243949789553881,6.3250289587304,1942.7579035885594,2933.6607544086874,2933.6607544086874,51531364,5702089216,11127.0,89.0,11127.0,77.38737758433079,1.8427908457815647,-0.014154154050629586,0.7548876851797104,0.013433992862701416,0.1720377653837204,230.0,45.0,0.5852322578430176,0.35811370611190796,0.24948062002658844,0.3368716537952423,5.0625000000000024e-05,0.3148351311683655,1961,5.5410992610268295,0.7243949789553881,2.1563754081726074,0.4437728822231293,1.875,0.0,7.708333492279053,0.1956521739130435,2.6355356769263745,88.0
progress,exploration,11a591f7a2129484d555caf115fcdbf1a709a0c9,551,6770688,12288,False,5.265689740888774,0.7229431979358196,6.010120691265911,2044.551287939574,2939.6708750999533,2939.6708750999533,51531364,5702089216,11127.0,90.0,11127.0,77.39268910604416,1.842148371040821,-0.016778942372184247,0.7560732085257769,0.011962495744228363,0.1471354365348816,111.0,43.0,0.5941569805145264,0.35845187306404114,0.24958853423595428,0.33703967928886414,0.00011390625000000006,0.31504276394844055,2051,5.265689740888774,0.7229431979358196,2.1095809936523438,0.43462300300598145,1.7916667461395264,0.0,2.8333334922790527,0.38738738738738737,6.78460034608841,77.82
progress,exploration,11a591f7a2129484d555caf115fcdbf1a709a0c9,552,6782976,12288,False,5.423073328100145,0.727681967895478,6.170974924694747,1991.2574836151741,2945.841850024648,2945.841850024648,51531364,5702089216,11127.0,90.0,11127.0,77.39234104046243,2.1060627475380898,-0.014025777927599847,0.7531599532812834,0.013974221423268318,0.1708170771598816,134.0,47.0,0.600558876991272,0.3585059940814972,0.24796561896800995,0.33723369240760803,0.00011390625000000006,0.3146054744720459,1997,5.423073328100145,0.727681967895478,1.804889440536499,0.3430097997188568,1.9583333730697632,0.0,3.7083334922790527,0.35074626865671643,6.191179446242749,80.16
progress,exploration,11a591f7a2129484d555caf115fcdbf1a709a0c9,553,6795264,12288,False,5.540967131964862,0.7248408910818398,6.284969083964825,1955.140882291852,2952.126819108613,2952.126819108613,51531364,5702089216,11127.0,76.0,11127.0,77.38211968276856,2.043254869058728,-0.015116603473870782,0.7450771052390337,0.011903095059096813,0.1514485776424408,122.0,54.0,0.5900336503982544,0.3574426472187042,0.24680350720882416,0.33608460426330566,0.00011390625000000006,0.3135165274143219,1961,5.540967131964862,0.7248408910818398,2.065300703048706,0.4300595223903656,2.25,0.0,2.9583334922790527,0.4426229508196721,7.043472722806037,78.8
progress,exploration,11a591f7a2129484d555caf115fcdbf1a709a0c9,554,6807552,12288,False,5.24577484279871,0.7320182411931455,5.997692910023034,2048.7877896290643,2958.124512018636,2958.124512018636,51531364,5702089216,11127.0,46.0,11127.0,77.37410071942446,1.8095908723771572,-0.014920080701813276,0.7270388957113028,0.014159608632326126,0.174072265625,223.0,43.0,0.588623046875,0.35511812567710876,0.2459075152873993,0.3344060778617859,5.0625000000000024e-05,0.3118324875831604,2055,5.24577484279871,0.7320182411931455,1.8656569719314575,0.36930015683174133,1.954545497894287,0.0,8.272727966308594,0.19282511210762332,4.323140984922648,84.43
progress,exploration,11a591f7a2129484d555caf115fcdbf1a709a0c9,555,6819840,12288,False,5.185747460927814,0.7252420568838716,6.024370301049203,2039.7152542000822,2964.148882319685,2964.148882319685,51531364,5702089216,11127.0,88.0,11127.0,77.37221823402727,1.9292464070022106,-0.015845507790800184,0.7222940176725388,0.011821994557976723,0.1368815153837204,130.0,56.0,0.6002604365348816,0.35476234555244446,0.24667246639728546,0.3329540193080902,0.00011390625000000006,0.31148386001586914,2078,5.185747460927814,0.7252420568838716,2.1195521354675293,0.441731721162796,2.4347827434539795,0.0,3.2173912525177,0.4307692307692308,6.9347372203320266,77.17
progress,exploration,11a591f7a2129484d555caf115fcdbf1a709a0c9,556,6832128,12288,False,5.4798282431438565,0.7267311932519078,6.241267776116729,1968.8307633622321,2970.390150095802,2970.390150095802,51531364,5702089216,11127.0,90.0,11127.0,77.35816618911174,1.643970439210534,-0.017147621845651884,0.7199980188161135,0.013758532702922821,0.1674804836511612,127.0,43.0,0.5956217646598816,0.35472798347473145,0.24653147161006927,0.3328680992126465,0.00011390625000000006,0.311386376619339,1979,5.4798282431438565,0.7267311932519078,1.8067373037338257,0.34778591990470886,1.7916667461395264,0.0,3.5833334922790527,0.33858267716535434,6.244732307717204,78.84
progress,exploration,11a591f7a2129484d555caf115fcdbf1a709a0c9,557,6844416,12288,False,5.562061209231615,0.7242493289522827,6.307910889852792,1948.0300553654088,2976.6980609856546,2976.6980609856546,51531364,5702089216,11127.0,91.0,11127.0,77.36561829878485,1.922635693103075,-0.0182780556679063,0.7189797144383192,0.015443962067365646,0.1870524138212204,109.0,40.0,0.6011013984680176,0.35540229082107544,0.24619196355342865,0.33171015977859497,5.0625000000000024e-05,0.3111148476600647,1954,5.562061209231615,0.7242493289522827,1.8536665439605713,0.3497023582458496,1.6666667461395264,0.0,2.875,0.3669724770642202,6.928886837288737,77.96
progress,exploration,11a591f7a2129484d555caf115fcdbf1a709a0c9,558,6856704,12288,False,5.246999220922589,0.7265191031619906,6.0011529312469065,2047.6065417394432,2982.6992139169015,2982.6992139169015,51531364,5702089216,11127.0,66.0,11127.0,77.36782019265073,1.7345371823757887,-0.017422779557819013,0.7132228575646877,0.013500291854143143,0.1664225310087204,231.0,49.0,0.595458984375,0.3552952706813812,0.24609576165676117,0.3301188349723816,0.00011390625000000006,0.31049850583076477,2057,5.246999220922589,0.7265191031619906,2.274695634841919,0.4584557116031647,2.13043475151062,0.0,7.956521987915039,0.21212121212121213,6.167996653318405,80.63
progress,exploration,11a591f7a2129484d555caf115fcdbf1a709a0c9,559,6868992,12288,False,5.367686647921801,0.7285728030838072,6.134369763080031,2003.1397640807143,2988.8335836799815,2988.8335836799815,51531364,5702089216,11127.0,99.0,11127.0,77.35884656461374,1.944999597966671,-0.012859608817961998,0.7091756667941809,0.01442490890622139,0.1802978515625,143.0,48.0,0.595920205116272,0.35325610637664795,0.24611404538154602,0.32938113808631897,0.00017085937500000009,0.3096145987510681,2015,5.367686647921801,0.7285728030838072,2.005458354949951,0.38113880157470703,2.0,0.0,4.0,0.3356643356643357,6.521990568190813,79.5
progress,exploration,11a591f7a2129484d555caf115fcdbf1a709a0c9,560,6881280,12288,False,5.390032975934446,0.7261685146950185,6.161952220834792,1994.1732034941485,2994.9955359008163,2994.9955359008163,51531364,5702089216,11127.0,90.0,11127.0,77.35737122557727,1.6922032535076141,-0.009813242650125176,0.7010192554444075,0.012679820880293846,0.1558227688074112,115.0,48.0,0.5924751162528992,0.35217493772506714,0.24555836617946625,0.32840076088905334,0.00011390625000000006,0.3087686002254486,2009,5.390032975934446,0.7261685146950185,2.135110855102539,0.4318840801715851,2.08695650100708,0.0,3.0,0.41739130434782606,6.930454709529877,78.22
progress,exploration,11a591f7a2129484d555caf115fcdbf1a709a0c9,561,6893568,12288,False,5.544966585934162,0.720415323972702,6.285869192797691,1954.8609147131972,3001.281405093614,3001.281405093614,51531364,5702089216,11127.0,90.0,11127.0,77.3410138248848,1.9812841042876244,-0.011926954408409074,0.6900305021554232,0.009520708583295345,0.1212768703699112,234.0,42.0,0.5870768427848816,0.35164615511894226,0.24481351673603058,0.326602041721344,7.593750000000004e-05,0.3077305257320404,1961,5.544966585934162,0.720415323972702,1.9307546615600586,0.3652690649032593,1.75,0.0,8.041666984558105,0.1794871794871795,2.6443540032207964,87.73
progress,exploration,11a591f7a2129484d555caf115fcdbf1a709a0c9,562,6905856,12288,False,5.245325123891234,0.7238901467062533,5.994157275184989,2049.996260670483,3007.275562368799,3007.275562368799,51531364,5702089216,11127.0,62.0,11127.0,77.32979476291578,1.6999082267284393,-0.014533888403093442,0.6825588941574097,0.014374383725225925,0.1725870966911316,127.0,51.0,0.5860731601715088,0.35031986236572266,0.2461017519235611,0.325137734413147,7.593750000000004e-05,0.3071993887424469,2058,5.245325123891234,0.7238901467062533,2.058971643447876,0.40659722685813904,2.125,0.0,3.1666667461395264,0.4015748031496063,6.77749967765063,78.54
progress,exploration,11a591f7a2129484d555caf115fcdbf1a709a0c9,563,6918144,12288,False,5.429084458388388,0.7240902986377478,6.192438931204379,1984.3554593779554,3013.4680013000034,3013.4680013000034,51531364,5702089216,11127.0,53.0,11127.0,77.3329802259887,1.689744345843792,-0.01598369187559001,0.680907228961587,0.01509753055870533,0.1790771633386612,121.0,35.0,0.59423828125,0.34925395250320435,0.24721185863018036,0.3234238922595978,5.0625000000000024e-05,0.3066416382789612,1997,5.429084458388388,0.7240902986377478,1.7015676498413086,0.3131283223628998,1.4583333730697632,0.0,3.625,0.2892561983471074,5.668015167340636,79.78
progress,exploration,11a591f7a2129484d555caf115fcdbf1a709a0c9,564,6930432,12288,False,5.40540279680863,0.7220448930747807,6.153270300943404,1996.9868702364715,3019.621271600947,3019.621271600947,51531364,5702089216,11127.0,46.0,11127.0,77.3262861169838,1.8495172634720802,-0.017063104052795097,0.6762197837233543,0.010186266154050827,0.13018798828125,109.0,36.0,0.5901150703430176,0.3494088649749756,0.24703775346279144,0.32129648327827454,0.00017085937500000006,0.3059467673301697,2005,5.40540279680863,0.7220448930747807,1.6606134176254272,0.3090234696865082,1.56521737575531,0.0,3.2173912525177,0.3302752293577982,6.050140248499811,78.38
progress,exploration,11a591f7a2129484d555caf115fcdbf1a709a0c9,565,6942720,12288,False,5.4296000567264855,0.7271782080642879,6.184325298760086,1986.9588688136535,3025.805596899707,3025.805596899707,51531364,5702089216,11127.0,89.0,11127.0,77.32770745428974,2.217879608273506,-0.00817102991277352,0.6674529537558556,0.009429315105080605,0.1139729842543602,247.0,55.0,0.5849881172180176,0.3484655022621155,0.24647362530231476,0.3206546902656555,7.593750000000004e-05,0.30521854758262634,1995,5.4296000567264855,0.7271782080642879,2.176321506500244,0.44277843832969666,2.2916667461395264,0.0,8.041666984558105,0.22267206477732793,5.337348434329033,82.32
progress,exploration,11a591f7a2129484d555caf115fcdbf1a709a0c9,566,6955008,12288,False,5.2905647601000965,0.7259474447928369,6.035326873883605,2036.0123414646027,3031.8409237735905,3031.8409237735905,51531364,5702089216,11127.0,89.0,11127.0,77.31333333333333,1.9128536581993103,-0.01659957055017003,0.6599264107644558,0.013904525898396969,0.16680908203125,114.0,39.0,0.5931803584098816,0.3458099663257599,0.24571526050567627,0.32043468952178955,0.00017085937500000009,0.304047167301178,2042,5.2905647601000965,0.7259474447928369,1.8211009502410889,0.34470900893211365,1.625,0.0,3.1666667461395264,0.34210526315789475,6.346465526819229,80.25
progress,exploration,11a591f7a2129484d555caf115fcdbf1a709a0c9,567,6967296,12288,False,5.4917240352369845,0.7239614287391305,6.240443984046578,1969.0906658907177,3038.081367757637,3038.081367757637,51531364,5702089216,11127.0,46.0,11127.0,77.29912434325745,2.0452902540564537,-0.010308562545105815,0.648915495723486,0.0184125155210495,0.2060140073299408,128.0,62.0,0.578857421875,0.34495168924331665,0.24565590918064117,0.3197430968284607,1e-05,0.30345016717910767,1976,5.4917240352369845,0.7239614287391305,2.116549491882324,0.43751654028892517,2.5833334922790527,0.0,2.7916667461395264,0.484375,7.819943535327911,75.92
progress,exploration,11a591f7a2129484d555caf115fcdbf1a709a0c9,568,6979584,12288,False,5.564570588991046,0.7203293689526618,6.306514474097639,1948.4613966192815,3044.3878822317347,3044.3878822317347,51531364,5702089216,11127.0,94.0,11127.0,77.30408947920307,1.602375838905573,-0.014362882437126245,0.6458212547004223,0.011000361293554306,0.1402384489774704,118.0,52.0,0.579318642616272,0.3440589904785156,0.24508105218410492,0.3191969096660614,7.593750000000004e-05,0.3028130829334259,1955,5.564570588991046,0.7203293689526618,2.0454626083374023,0.41130954027175903,2.1666667461395264,0.0,2.7916667461395264,0.4406779661016949,7.2354728330671785,77.97
progress,exploration,11a591f7a2129484d555caf115fcdbf1a709a0c9,569,6991872,12288,False,5.354744575917721,0.7316162758506835,6.1078391331247985,2011.8408052625648,3050.4957213648595,3050.4957213648595,51531364,5702089216,11127.0,79.0,11127.0,77.2996163236833,2.048391867429018,-0.015212081665595178,0.6416510455310345,0.013742842711508274,0.1655070185661316,250.0,61.0,0.5782064199447632,0.3436169922351837,0.24526284635066986,0.3193364441394806,7.593750000000004e-05,0.3027409315109253,2018,5.354744575917721,0.7316162758506835,2.2372641563415527,0.4627723693847656,2.5416667461395264,0.0,7.958333492279053,0.244,8.103366700857878,75.64
progress,exploration,11a591f7a2129484d555caf115fcdbf1a709a0c9,570,7004160,12288,False,5.383558803703636,0.7242814912460744,6.130769736133516,2004.3160204789644,3056.626491100993,3056.626491100993,51531364,5702089216,11127.0,88.0,11127.0,77.29864253393666,1.9782531801611185,-0.01566170141927614,0.6431836821138859,0.013686944730579853,0.1657308042049408,127.0,49.0,0.5981717109680176,0.34378066658973694,0.24614407122135162,0.31867310404777527,0.00011390625000000006,0.3028755784034729,2011,5.383558803703636,0.7242814912460744,1.8259646892547607,0.3572090268135071,2.0416667461395264,0.0,3.3333334922790527,0.3858267716535433,7.053705049185083,78.3
progress,exploration,11a591f7a2129484d555caf115fcdbf1a709a0c9,571,7016448,12288,False,5.406044464092702,0.7559361238963902,6.191963437944651,1984.507842003482,3062.8184545389377,3062.8184545389377,51531364,5702089216,11127.0,84.0,11127.0,77.2813476901702,1.8274934515357018,-0.010206544829998165,0.6444510892033577,0.009540168568491936,0.1130167692899704,107.0,44.0,0.5940213203430176,0.34321483969688416,0.2459978312253952,0.3191734552383423,5.0625000000000024e-05,0.3028234541416168,1994,5.406044464092702,0.7559361238963902,2.070409059524536,0.3943064510822296,1.91304349899292,0.0,2.7391304969787598,0.411214953271028,7.167938995286822,77.16
progress,exploration,11a591f7a2129484d555caf115fcdbf1a709a0c9,572,7028736,12288,False,5.557185748126358,0.7250938569195569,6.308076150715351,1947.9790202923455,3069.126530689653,3069.126530689653,51531364,5702089216,11127.0,89.0,11127.0,77.27521663778163,2.0409808792173862,-0.01809239424255793,0.6363819129765034,0.013801362365484238,0.1722819060087204,234.0,46.0,0.5955675840377808,0.3390936255455017,0.24630893766880035,0.31910619139671326,0.00011390625000000006,0.30150309205055237,1955,5.557185748126358,0.7250938569195569,1.906412124633789,0.37164992094039917,1.9166667461395264,0.0,7.9166669845581055,0.19658119658119658,2.556156078130007,87.77
progress,exploration,11a591f7a2129484d555caf115fcdbf1a709a0c9,573,7041024,12288,False,5.244710654951632,0.7227018694393337,5.991063252091408,2051.054960187644,3075.1175939417444,3075.1175939417444,51531364,5702089216,11127.0,87.0,11127.0,77.26955017301039,1.7745475992560387,-0.014192327551427297,0.639421135187149,0.012926245108246803,0.1546834260225296,131.0,52.0,0.5847982168197632,0.3395412266254425,0.24894866347312927,0.31938987970352173,0.00011390625000000006,0.3026283085346222,2059,5.244710654951632,0.7227018694393337,2.0888068675994873,0.4057043492794037,2.1666667461395264,0.0,3.4166667461395264,0.3969465648854962,6.799795270860195,79.28
progress,exploration,11a591f7a2129484d555caf115fcdbf1a709a0c9,574,7053312,12288,False,5.450859779957682,0.7217502132989466,6.200325143057853,1981.8315518111442,3081.3179190848023,3081.3179190848023,51531364,5702089216,11127.0,96.0,11127.0,77.27969613259668,2.0676051527261734,-0.01921640215005027,0.6477026119828224,0.015621967613697052,0.1865234375,128.0,43.0,0.586534321308136,0.3383924663066864,0.24908380210399628,0.3204725384712219,0.00011390625000000006,0.3026895523071289,1990,5.450859779957682,0.7217502132989466,1.9120299816131592,0.37687891721725464,1.7916667461395264,0.0,3.5416667461395264,0.3359375,5.981435272097587,79.92
progress,exploration,11a591f7a2129484d555caf115fcdbf1a709a0c9,575,7065600,12288,False,5.521399622783065,0.7230948908254504,6.26462851697579,1961.489011950537,3087.582547601778,3087.582547601778,51531364,5702089216,11127.0,80.0,11127.0,77.26878015161957,2.1068594977259636,-0.017771082348190248,0.6449600756168365,0.014745691791176796,0.1860555112361908,118.0,56.0,0.5918782949447632,0.33890390396118164,0.2480269819498062,0.32157647609710693,0.00011390625000000006,0.30283471941947937,1967,5.521399622783065,0.7230948908254504,2.3706564903259277,0.49573415517807007,2.3333334922790527,0.0,2.5833334922790527,0.4745762711864407,7.988245466947555,75.73
progress,exploration,11a591f7a2129484d555caf115fcdbf1a709a0c9,576,7077888,12288,False,5.449956818018109,0.7339550736360252,6.2123489822261035,1977.9957686145276,3093.794896584004,3093.794896584004,51531364,5702089216,11127.0,59.0,11127.0,77.25687757909216,1.5974167324602604,-0.0202538006924442,0.6515159942209721,0.013715052977204323,0.1681111752986908,225.0,43.0,0.589572548866272,0.34016314148902893,0.2494974136352539,0.3221369981765747,0.00011390625000000006,0.30393531918525696,1987,5.449956818018109,0.7339550736360252,2.1396422386169434,0.4436057507991791,1.7916667461395264,0.0,7.625,0.19111111111111112,4.157974686399102,83.9
progress,exploration,11a591f7a2129484d555caf115fcdbf1a709a0c9,577,7090176,12288,False,5.2879284508526325,0.7308826199732721,6.039305817801505,2034.6709325068114,3099.8342024018057,3099.8342024018057,51531364,5702089216,11127.0,88.0,11127.0,77.25326012354152,1.7108277790248394,-0.016290728930471232,0.6545937582850456,0.015498758293688297,0.1834309846162796,122.0,44.0,0.5888943672180176,0.34143295884132385,0.24812746047973633,0.31988510489463806,0.00017085937500000009,0.3031976521015167,2041,5.2879284508526325,0.7308826199732721,1.8928031921386719,0.37202686071395874,1.8333333730697632,0.0,3.2916667461395264,0.36065573770491804,6.941186949312687,77.7
progress,exploration,11a591f7a2129484d555caf115fcdbf1a709a0c9,578,7102464,12288,False,5.488442644942552,0.7242007600143552,6.231400340795517,1971.9484109459868,3106.065602742601,3106.065602742601,51531364,5702089216,11127.0,90.0,11127.0,77.23938356164383,2.1102326661348343,-0.010443453735206276,0.6461710818111897,0.012480582110583782,0.1400960385799408,131.0,47.0,0.595187783241272,0.34114712476730347,0.24789150059223175,0.31963402032852173,3.3750000000000014e-05,0.3028935492038727,1977,5.488442644942552,0.7242007600143552,1.831060767173767,0.3555089831352234,1.9583333730697632,0.0,3.5,0.35877862595419846,6.861933737248182,77.66
progress,exploration,11a591f7a2129484d555caf115fcdbf1a709a0c9,579,7114752,12288,False,5.444859177805483,0.7214808468706906,6.185325365047902,1986.6376099529302,3112.250928107649,3112.250928107649,51531364,5702089216,11127.0,62.0,11127.0,77.231452991453,1.7325348928570747,-0.018157505939598195,0.642808310687542,0.013040916062891483,0.1661376953125,118.0,51.0,0.5968424677848816,0.3399529457092285,0.24726437032222748,0.3191883862018585,7.593750000000004e-05,0.3021566569805145,1992,5.444859177805483,0.7214808468706906,2.1291403770446777,0.43343687057495117,2.2173912525177,0.0,2.95652174949646,0.4322033898305085,7.2042904751002785,76.39
progress,exploration,11a591f7a2129484d555caf115fcdbf1a709a0c9,580,7127040,12288,False,5.358502835035324,0.7303276830352843,6.122897299006581,2006.8930442445417,3118.3738254066557,3118.3738254066557,51531364,5702089216,11127.0,81.0,11127.0,77.2330262708973,1.868601068854332,-0.017407648821972543,0.642573170363903,0.01439552940428257,0.1709187924861908,250.0,51.0,0.5984700918197632,0.3390062749385834,0.24944229423999786,0.31912755966186523,0.00017085937500000009,0.3025461733341217,2018,5.358502835035324,0.7303276830352843,2.118476390838623,0.4251999258995056,2.125,0.0,8.291666984558105,0.204,6.669981406964362,78.54
progress,exploration,11a591f7a2129484d555caf115fcdbf1a709a0c9,581,7139328,12288,False,5.339123931713402,0.7198352040722966,6.0776292509399354,2021.8409996133937,3124.4514546575956,3124.4514546575956,51531364,5702089216,11127.0,89.0,11127.0,77.22846441947566,1.9049998372793198,-0.006929705559741706,0.6444100849330425,0.014917632564902306,0.1633707731962204,101.0,43.0,0.5980902910232544,0.33911705017089844,0.2495063990354538,0.3191134035587311,2.2500000000000008e-05,0.30257707834243774,2028,5.339123931713402,0.7198352040722966,2.2910752296447754,0.48273810744285583,1.7916667461395264,0.0,2.5,0.42574257425742573,7.28380846218206,78.85
progress,exploration,11a591f7a2129484d555caf115fcdbf1a709a0c9,582,7151616,12288,False,5.461924701929092,0.7212597727775574,6.202441995963454,1981.1551656584654,3130.653896653559,3130.653896653559,51531364,5702089216,11127.0,88.0,11127.0,77.22494053686714,1.801945086568594,-0.015031244072815753,0.6436361111700535,0.012649009935557842,0.16400146484375,119.0,35.0,0.6015896797180176,0.3395223915576935,0.2478579431772232,0.31949761509895325,0.00017085937500000006,0.30231142044067383,1987,5.461924701929092,0.7212597727775574,1.526868224143982,0.27341270446777344,1.4583333730697632,0.0,3.5416667461395264,0.29411764705882354,5.676263965182006,82.28
progress,exploration,11a591f7a2129484d555caf115fcdbf1a709a0c9,583,7163904,12288,False,5.427764569874853,0.7219703150913119,6.170347109436989,1991.4600883970713,3136.824243762996,3136.824243762996,51531364,5702089216,11127.0,89.0,11127.0,77.21125805357748,1.7478647455573082,-0.013859400060027838,0.6468501724302769,0.012462791055440903,0.1470540463924408,247.0,46.0,0.594211220741272,0.34066376090049744,0.24869762361049652,0.32016482949256897,5.0625000000000024e-05,0.303171843290329,1998,5.427764569874853,0.7219703150913119,2.00939679145813,0.3833029568195343,2.0,0.0,8.739130973815918,0.1862348178137652,2.674461919218302,87.71
progress,exploration,11a591f7a2129484d555caf115fcdbf1a709a0c9,584,7176192,12288,False,5.240107111167163,0.7212104080244899,5.9799051797017455,2054.8820810253847,3142.804148942698,3142.804148942698,51531364,5702089216,11127.0,60.0,11127.0,77.1973595125254,1.771152824163437,-0.015444312637555413,0.6483317390084267,0.01229268591850996,0.1491495966911316,120.0,46.0,0.5857747793197632,0.3397006690502167,0.24849671125411987,0.31938639283180237,0.00011390625000000006,0.3025785982608795,2061,5.240107111167163,0.7212104080244899,2.083630084991455,0.4220568835735321,1.9166667461395264,0.0,3.0833334922790527,0.38333333333333336,7.234846897162497,77.86
progress,exploration,11a591f7a2129484d555caf115fcdbf1a709a0c9,585,7188480,12288,False,5.435606349725276,0.7228048942051828,6.193580828141421,1983.9896081064628,3148.997729770839,3148.997729770839,51531364,5702089216,11127.0,72.0,11127.0,77.17871621621622,1.9481608718633652,-0.009748516817126074,0.6392242349684238,0.01022548507899046,0.1325887143611908,125.0,46.0,0.5946452617645264,0.3384574055671692,0.24833571910858154,0.31888091564178467,7.593750000000004e-05,0.3019072711467743,1995,5.435606349725276,0.7228048942051828,1.9729444980621338,0.37420639395713806,1.9166667461395264,0.0,3.2916667461395264,0.368,6.801553123742342,78.14
progress,exploration,11a591f7a2129484d555caf115fcdbf1a709a0c9,586,7200768,12288,False,5.4955534427426755,0.7210138919763267,6.2374102980829775,1970.0483714814507,3155.235140068922,3155.235140068922,51531364,5702089216,11127.0,80.0,11127.0,77.17599460552933,1.681073121726513,-0.013658849580679089,0.6396146826446056,0.014822464436292648,0.1784464567899704,102.0,38.0,0.606906533241272,0.3375018537044525,0.2490224987268448,0.31976059079170227,2.2500000000000008e-05,0.302100270986557,1976,5.4955534427426755,0.7210138919763267,1.9344229698181152,0.3680059611797333,1.5833333730697632,0.0,2.7083334922790527,0.37254901960784315,6.772639298662543,80.0
progress,exploration,11a591f7a2129484d555caf115fcdbf1a709a0c9,587,7213056,12288,False,5.444162394851446,0.7254927703179419,6.198020574636757,1982.5684429452147,3161.433160643559,3161.433160643559,51531364,5702089216,11127.0,90.0,11127.0,77.1628532974428,1.9051407538354397,-0.016278281022096053,0.6408227123320103,0.013655717484652996,0.1638387143611908,256.0,51.0,0.6004774570465088,0.3362922966480255,0.2491971105337143,0.3207606077194214,7.593750000000004e-05,0.3020986020565033,1991,5.444162394851446,0.7254927703179419,1.9384688138961792,0.3748163878917694,2.125,0.0,8.541666984558105,0.19921875,4.702174808979034,84.04
progress,exploration,11a591f7a2129484d555caf115fcdbf1a709a0c9,588,7225344,12288,False,5.238559573888779,0.7207407909445465,5.9764350154437125,2056.0752301742705,3167.4095956590027,3167.4095956590027,51531364,5702089216,11127.0,90.0,11127.0,77.16655473472129,1.924744114279747,-0.0097389215225121,0.6413139700889587,0.010201454162597656,0.1244710311293602,123.0,55.0,0.5979275703430176,0.33599966764450073,0.24944613873958588,0.3213840126991272,0.00011390625000000003,0.3022799491882324,2061,5.238559573888779,0.7207407909445465,2.143986701965332,0.4409722685813904,2.2916667461395264,0.0,2.875,0.44715447154471544,7.919493731707335,74.86
progress,exploration,11a591f7a2129484d555caf115fcdbf1a709a0c9,589,7237632,12288,False,5.434395116288215,0.7198870331048965,6.189104932826012,1985.4244084352865,3173.5987005918287,3173.5987005918287,51531364,5702089216,11127.0,73.0,11127.0,77.16258799865906,1.8845542706549168,-0.009845880507782567,0.6465082317590714,0.012723619118332863,0.15142822265625,108.0,39.0,0.5942925810813904,0.3360573649406433,0.2499856799840927,0.32233741879463196,5.0625000000000024e-05,0.3028005063533783,1996,5.434395116288215,0.7198870331048965,1.7129895687103271,0.2984127104282379,1.625,0.0,2.9166667461395264,0.3611111111111111,6.91770530641079,78.57
progress,exploration,11a591f7a2129484d555caf115fcdbf1a709a0c9,590,7249920,12288,False,5.5204109800979495,0.7246025269851089,6.26455035014078,1961.5134867139918,3179.8632509419695,3179.8632509419695,51531364,5702089216,11127.0,92.0,11127.0,77.16627634660422,2.207348693162203,-0.018397470616037026,0.6480019055306911,0.014408346265554428,0.1647339016199112,130.0,57.0,0.605441689491272,0.335231751203537,0.24968081712722778,0.323078453540802,5.0625000000000024e-05,0.3026856780052185,1967,5.5204109800979495,0.7246025269851089,2.106137275695801,0.4371032118797302,2.375,0.0,3.0416667461395264,0.43846153846153846,7.416886456236243,76.65
progress,exploration,11a591f7a2129484d555caf115fcdbf1a709a0c9,591,7262208,12288,False,5.336925541050732,0.7308782539330423,6.086687233764678,2018.8321706156974,3185.949938175734,3185.949938175734,51531364,5702089216,11127.0,56.0,11127.0,77.150918196995,1.645029529929161,-0.017717316604830557,0.64982870221138,0.011960357427597046,0.1476440578699112,245.0,43.0,0.593722939491272,0.33672407269477844,0.2487095147371292,0.3253404498100281,0.00017085937500000009,0.3035520613193512,2025,5.336925541050732,0.7308782539330423,1.8440914154052734,0.34550318121910095,1.7916667461395264,0.0,8.5,0.17551020408163265,5.671617121398449,79.58
progress,exploration,11a591f7a2129484d555caf115fcdbf1a709a0c9,592,7274496,12288,False,5.349815146997571,0.7272525853477418,6.095198784023523,2016.0130022680778,3192.0451369597577,3192.0451369597577,51531364,5702089216,11127.0,87.0,11127.0,77.14295234921693,1.698769336566329,-0.015754947748064296,0.6571878865361214,0.013920720666646957,0.1644287109375,109.0,40.0,0.598741352558136,0.33832889795303345,0.24799104034900665,0.3255670368671417,5.0625000000000024e-05,0.30397456884384155,2022,5.349815146997571,0.7272525853477418,2.0383594036102295,0.4119543731212616,1.6666667461395264,0.0,2.875,0.3669724770642202,6.300962296277285,79.23
progress,exploration,11a591f7a2129484d555caf115fcdbf1a709a0c9,593,7286784,12288,False,5.487635555211455,0.7234449298121035,6.230477217119187,1972.2405799409464,3198.275614176877,3198.275614176877,51531364,5702089216,11127.0,90.0,11127.0,77.15430661789159,2.16359193995595,-0.017294756864430383,0.6565299816429615,0.013656973838806152,0.1664632260799408,114.0,42.0,0.5952420234680176,0.3366156220436096,0.2488255500793457,0.3259347677230835,5.0625000000000024e-05,0.30380815267562866,1978,5.487635555211455,0.7234449298121035,1.8863710165023804,0.38117486238479614,1.75,0.0,3.0416667461395264,0.3684210526315789,6.495138100124896,78.71
progress,exploration,11a591f7a2129484d555caf115fcdbf1a709a0c9,594,7299072,12288,False,5.548858736176044,0.7231219639070332,6.292584713082761,1952.774664193605,3204.5681988899596,3204.5681988899596,51531364,5702089216,11127.0,90.0,11127.0,77.15333554596748,1.953079964965582,-0.01874762066290714,0.653794452548027,0.014494654722511768,0.1774698942899704,262.0,52.0,0.6017524003982544,0.3342491090297699,0.24856188893318176,0.327404260635376,7.593750000000004e-05,0.30341222882270813,1959,5.548858736176044,0.7231219639070332,1.9587702751159668,0.38781625032424927,2.1666667461395264,0.0,8.916666984558105,0.1984732824427481,2.5606380447745325,88.0
progress,exploration,11a591f7a2129484d555caf115fcdbf1a709a0c9,595,7311360,12288,False,5.212062670849264,0.7238784139044583,5.957062960602343,2062.7614784782313,3210.525261850562,3210.525261850562,51531364,5702089216,11127.0,52.0,11127.0,77.14612326043738,1.560690624639392,-0.01253272436952102,0.6498509682714939,0.011464526876807213,0.1434122920036316,103.0,32.0,0.5960558652877808,0.33336585760116577,0.24823030829429626,0.32691076397895813,7.593750000000004e-05,0.3028630316257477,2070,5.212062670849264,0.7238784139044583,1.6703834533691406,0.2968750298023224,1.3333333730697632,0.0,3.0,0.3106796116504854,5.981715604886412,80.61
progress,exploration,11a591f7a2129484d555caf115fcdbf1a709a0c9,596,7323648,12288,False,5.454671815037727,0.725787634961307,6.200346722267568,1981.8246543970815,3216.7256085728295,3216.7256085728295,51531364,5702089216,11127.0,46.0,11127.0,77.13260582010582,2.291082948446274,-0.017750363185768947,0.6419019959867001,0.013698296621441841,0.1621907651424408,116.0,49.0,0.6001790761947632,0.33220773935317993,0.24678131937980652,0.326763391494751,7.593750000000004e-05,0.30195412039756775,1988,5.454671815037727,0.725787634961307,2.1242756843566895,0.4109187126159668,2.0416667461395264,0.0,2.8333334922790527,0.4224137931034483,7.59023052148521,76.41
progress,exploration,11a591f7a2129484d555caf115fcdbf1a709a0c9,597,7335936,12288,False,5.546677486971021,0.7210744139738381,6.2894597188569605,1953.7449239333403,3223.0150682916865,3223.0150682916865,51531364,5702089216,11127.0,89.0,11127.0,77.11980198019802,1.8668728470802307,-0.017390175868058577,0.6313253939151764,0.015431610867381096,0.1837361752986908,125.0,56.0,0.608859658241272,0.3314608931541443,0.24597430229187012,0.3259422183036804,2.2500000000000008e-05,0.30112743377685547,1960,5.546677486971021,0.7210744139738381,2.2251596450805664,0.45252975821495056,2.3333334922790527,0.0,2.875,0.448,7.300520839737728,79.51
progress,exploration,11a591f7a2129484d555caf115fcdbf1a709a0c9,598,7348224,12288,False,5.430356782861054,0.7329133143648505,6.221504771150649,1975.084879301213,3229.236573062837,3229.236573062837,51531364,5702089216,11127.0,90.0,11127.0,77.11495388669302,1.9823954217135906,-0.014534615684169694,0.629184115678072,0.008038421161472797,0.1050008237361908,250.0,47.0,0.5961371660232544,0.3314191699028015,0.24542973935604095,0.3261796534061432,0.00011390625000000005,0.3010365068912506,1993,5.430356782861054,0.7329133143648505,1.9095115661621094,0.37095507979393005,1.9583333730697632,0.0,8.458333969116211,0.188,4.2573688224703075,84.32
progress,exploration,11a591f7a2129484d555caf115fcdbf1a709a0c9,599,7360512,12288,False,5.262450937181711,0.7245071530342102,6.05819096416235,2028.32827038476,3235.2947640269995,3235.2947640269995,51531364,5702089216,11127.0,90.0,11127.0,77.1163708086785,1.770262075588107,-0.013854585267836228,0.6267988309264183,0.014689011499285698,0.1733601838350296,107.0,43.0,0.5949978828430176,0.330278605222702,0.2459518015384674,0.3264027237892151,2.2500000000000008e-05,0.30088260769844055,2052,5.262450937181711,0.7245071530342102,2.0346007347106934,0.41676589846611023,1.7916667461395264,0.0,2.7083334922790527,0.40186915887850466,6.785544560085982,77.86
progress,exploration,11a591f7a2129484d555caf115fcdbf1a709a0c9,600,7372800,12288,False,5.468847771175206,0.7238595057278872,6.209918150678277,1978.7700420266965,3241.5046821776778,3241.5046821776778,51531364,5702089216,11127.0,85.0,11127.0,77.10633409911388,1.8168682232499123,-0.017275739170145243,0.6213166937232018,0.010484985075891018,0.1368204802274704,125.0,44.0,0.6000162959098816,0.32863909006118774,0.2455642968416214,0.3237799406051636,0.00017085937500000006,0.2993934154510498,1984,5.468847771175206,0.7238595057278872,1.8078502416610718,0.35084328055381775,1.8333333730697632,0.0,3.4166667461395264,0.352,6.144870764762163,79.31
progress,exploration,11a591f7a2129484d555caf115fcdbf1a709a0c9,601,7385088,12288,False,5.52885758318007,0.7239497816190124,6.271712135989219,1959.273597633296,3247.776394313667,3247.776394313667,51531364,5702089216,11127.0,49.0,11127.0,77.09367834916476,1.855956893414259,-0.016744955835747533,0.6004468649625778,0.013155847787857056,0.1617228090763092,120.0,44.0,0.6041395664215088,0.326669842004776,0.24447953701019287,0.3214971721172333,0.00011390625000000006,0.2975827753543854,1965,5.52885758318007,0.7239497816190124,1.9108060598373413,0.3709656000137329,1.8333333730697632,0.0,3.1666667461395264,0.36666666666666664,5.94539907569997,79.92
progress,exploration,11a591f7a2129484d555caf115fcdbf1a709a0c9,602,7397376,12288,False,5.3757158713415265,0.7324967756867409,6.146722173318267,1999.1142683070716,3253.9231164869852,3253.9231164869852,51531364,5702089216,11127.0,58.0,11127.0,77.09153318077803,2.028695873916149,-0.017402765373844886,0.5893014930188656,0.014485192485153675,0.1677653044462204,246.0,52.0,0.5897623896598816,0.3257017135620117,0.2440684288740158,0.32089105248451233,5.0625000000000024e-05,0.29688894748687744,2011,5.3757158713415265,0.7324967756867409,1.9753265380859375,0.3932107388973236,2.1666667461395264,0.0,8.083333969116211,0.21138211382113822,6.816018119640648,78.76
progress,exploration,11a591f7a2129484d555caf115fcdbf1a709a0c9,603,7409664,12288,False,5.3689671298488975,0.7216675393283367,6.118899578694254,2008.2042272414944,3260.0420160656795,3260.0420160656795,51531364,5702089216,11127.0,77.0,11127.0,77.07928221859706,2.267260694876313,-0.01420510899333749,0.5887281373143196,0.01247163861989975,0.1559041440486908,109.0,45.0,0.5985243320465088,0.3253946304321289,0.2448720633983612,0.3196830153465271,0.00017085937500000006,0.2966863811016083,2017,5.3689671298488975,0.7216675393283367,1.9241164922714233,0.39350199699401855,1.875,0.0,2.6666667461395264,0.41284403669724773,6.87716333553195,77.85
progress,exploration,11a591f7a2129484d555caf115fcdbf1a709a0c9,604,7421952,12288,False,5.50507671572268,0.7583435392007232,6.2868348602205515,1954.560645095252,3266.3288509259,3266.3288509259,51531364,5702089216,11127.0,87.0,11127.0,77.08987300553565,2.217426560819149,-0.011803970919572748,0.5838494598865509,0.014190856367349625,0.1710205078125,130.0,47.0,0.6019423007965088,0.32516953349113464,0.24435923993587494,0.3194124102592468,5.0625000000000024e-05,0.29632002115249634,1961,5.50507671572268,0.7583435392007232,1.8854717016220093,0.3484457731246948,1.9583333730697632,0.0,3.4583334922790527,0.36153846153846153,6.847607567608357,79.4
progress,exploration,11a591f7a2129484d555caf115fcdbf1a709a0c9,605,7434240,12288,False,5.537658849731088,0.7255025450140238,6.281671709846705,1956.1671745338424,3272.6105226357467,3272.6105226357467,51531364,5702089216,11127.0,90.0,11127.0,77.08384790380241,2.2541449405252934,-0.016868005355718196,0.5768013931810856,0.011596018448472023,0.1501871794462204,249.0,58.0,0.6012098789215088,0.3238300681114197,0.24203765392303467,0.31876447796821594,0.00017085937500000006,0.29493752121925354,1961,5.537658849731088,0.7255025450140238,2.0771758556365967,0.41872912645339966,2.4166667461395264,0.0,7.958333492279053,0.23293172690763053,2.7010093292593957,87.2
progress,exploration,11a591f7a2129484d555caf115fcdbf1a709a0c9,606,7446528,12288,False,5.233921627979726,0.7257880452089012,5.984132468234748,2053.4304788919258,3278.5946551039815,3278.5946551039815,51531364,5702089216,11127.0,62.0,11127.0,77.07397793640493,1.7872229479253292,-0.017400887843905366,0.5639232508838177,0.01500222273170948,0.1713460236787796,112.0,49.0,0.5948622226715088,0.32416895031929016,0.24079492688179016,0.3175933063030243,0.00017085937500000009,0.2942314147949219,2061,5.233921627979726,0.7257880452089012,2.0993807315826416,0.43363094329833984,2.0416667461395264,0.0,2.6666667461395264,0.4375,7.745852927416563,76.42
progress,exploration,11a591f7a2129484d555caf115fcdbf1a709a0c9,607,7458816,12288,False,5.4619797500781715,0.7277472079731524,6.2160180998034775,1976.8282206881752,3284.810673203785,3284.810673203785,51531364,5702089216,11127.0,73.0,11127.0,77.08160621761658,2.2341837882995605,-0.011506450187880546,0.5533013641834259,0.01293172687292099,0.1597696989774704,119.0,50.0,0.5927734375,0.32281509041786194,0.23952297866344452,0.31659331917762756,0.00011390625000000006,0.29301732778549194,1985,5.4619797500781715,0.7277472079731524,2.041766881942749,0.40180227160453796,2.0833334922790527,0.0,2.9166667461395264,0.42016806722689076,7.63482413098216,77.31
progress,exploration,11a591f7a2129484d555caf115fcdbf1a709a0c9,608,7471104,12288,False,5.521414811257273,0.721675843000412,6.270838712807745,1959.5464917480062,3291.0815119165927,3291.0815119165927,51531364,5702089216,11127.0,97.0,11127.0,77.08564964447318,1.9523569718003273,-0.017601162777282298,0.5459679439663887,0.014495687559247017,0.1751708835363388,124.0,52.0,0.6023492217063904,0.3227919340133667,0.23979108035564423,0.316229909658432,5.0625000000000024e-05,0.29294052720069885,1968,5.521414811257273,0.721675843000412,2.0818541049957275,0.4190807044506073,2.1666667461395264,0.0,3.0833334922790527,0.41935483870967744,7.316729221045971,76.97
progress,exploration,11a591f7a2129484d555caf115fcdbf1a709a0c9,609,7483392,12288,False,5.447622112929821,0.7355897128582001,6.2051086272113025,1980.303768754886,3297.286620543804,3297.286620543804,51531364,5702089216,11127.0,78.0,11127.0,77.07548387096774,1.7503272220492363,-0.015452482111868449,0.5467396825551987,0.011279389262199402,0.1436360776424408,245.0,34.0,0.5893012881278992,0.3214972913265228,0.24015387892723083,0.3162152171134949,0.00017085937500000006,0.29263877868652344,1987,5.447622112929821,0.7355897128582001,1.7916102409362793,0.31648391485214233,1.4166667461395264,0.0,8.875,0.13877551020408163,3.67555132932961,85.68
progress,exploration,11a591f7a2129484d555caf115fcdbf1a709a0c9,610,7495680,12288,False,5.284325716085732,0.7270717839710414,6.029514169786125,2037.9751426035493,3303.31613471359,3303.31613471359,51531364,5702089216,11127.0,89.0,11127.0,77.0756600128783,1.8507340792566538,-0.01635973248630762,0.5426668189466,0.013436689972877502,0.1598307341337204,102.0,42.0,0.5914984941482544,0.3201628625392914,0.23988662660121918,0.3158101737499237,0.00011390625000000006,0.2919989228248596,2044,5.284325716085732,0.7270717839710414,2.060467481613159,0.41934525966644287,1.75,0.0,2.5416667461395264,0.4117647058823529,7.169192588478327,78.17
progress,exploration,11a591f7a2129484d555caf115fcdbf1a709a0c9,611,7507968,12288,False,5.501347137615085,0.7230713893659413,6.243511489126831,1968.1232302366602,3309.559646202717,3309.559646202717,51531364,5702089216,11127.0,90.0,11127.0,77.0706940874036,1.884387418627739,-0.018749538663541898,0.5265146568417549,0.016402414068579674,0.1991780698299408,138.0,52.0,0.597385048866272,0.31940439343452454,0.23741109669208527,0.314830482006073,2.2500000000000008e-05,0.2905533015727997,1974,5.501347137615085,0.7230713893659413,1.929890513420105,0.37972885370254517,2.1666667461395264,0.0,3.5833334922790527,0.37681159420289856,6.1757154550403355,79.62
progress,exploration,11a591f7a2129484d555caf115fcdbf1a709a0c9,612,7520256,12288,False,5.520682775881141,0.7238158718682826,6.26538878120482,1961.2509980006455,3315.825034983922,3315.825034983922,51531364,5702089216,11127.0,89.0,11127.0,77.08082103912764,1.7384504862129688,-0.01675304735545069,0.5243267826735973,0.01094006560742855,0.1430460810661316,115.0,52.0,0.5962185859680176,0.31880906224250793,0.237794429063797,0.31565648317337036,0.00017085937500000006,0.29076316952705383,1967,5.520682775881141,0.7238158718682826,2.1817588806152344,0.4439484477043152,2.1666667461395264,0.0,2.7083334922790527,0.45217391304347826,7.538878984749317,77.28
progress,exploration,11a591f7a2129484d555caf115fcdbf1a709a0c9,613,7532544,12288,False,5.365874954964966,0.7339000543579459,6.121463757008314,2007.363024232851,3321.94649874093,3321.94649874093,51531364,5702089216,11127.0,93.0,11127.0,77.07620877361511,1.5745529308915138,-0.012435568205546588,0.5289156660437584,0.01461355946958065,0.1679687649011612,235.0,41.0,0.5893012881278992,0.31918027997016907,0.23837910592556,0.31618455052375793,2.2500000000000008e-05,0.2912530303001404,2014,5.365874954964966,0.7339000543579459,1.9499588012695312,0.37208351492881775,1.7083333730697632,0.0,8.125,0.17446808510638298,6.0967088661715385,78.98
progress,exploration,11a591f7a2129484d555caf115fcdbf1a709a0c9,614,7544832,12288,False,5.374910976737738,0.7264239159412682,6.120253421831876,2007.7599983305972,3328.066752162762,3328.066752162762,51531364,5702089216,11127.0,65.0,11127.0,77.07510386705017,1.784232845529914,-0.015079476977916784,0.5272596627473831,0.007442424073815346,0.0996500700712204,127.0,49.0,0.601047158241272,0.31809690594673157,0.23742863535881042,0.31644725799560547,0.00011390625000000005,0.2906886637210846,2013,5.374910976737738,0.7264239159412682,1.8150585889816284,0.36299607157707214,2.0416667461395264,0.0,3.2916667461395264,0.3858267716535433,6.086663859635592,80.36
progress,exploration,11a591f7a2129484d555caf115fcdbf1a709a0c9,615,7557120,12288,False,5.4945216020569205,0.7194705163128674,6.2390220859088,1969.5394295450842,3334.305774248671,3334.305774248671,51531364,5702089216,11127.0,91.0,11127.0,77.06698564593302,2.0536244697868824,-0.012833466083975509,0.5181778222322464,0.010850222781300545,0.1308390349149704,115.0,48.0,0.5953505039215088,0.3168216943740845,0.23627597093582153,0.31655699014663696,5.0625000000000024e-05,0.28990820050239563,1977,5.4945216020569205,0.7194705163128674,1.82912278175354,0.35548943281173706,2.0,0.0,2.7916667461395264,0.41739130434782606,7.309541752636433,77.56
progress,exploration,11a591f7a2129484d555caf115fcdbf1a709a0c9,616,7569408,12288,False,5.5465944851748645,0.7260154890827835,6.292677137069404,1952.7459827253601,3340.59845138574,3340.59845138574,51531364,5702089216,11127.0,60.0,11127.0,77.05762496020375,1.9335559755563736,-0.016381473800720414,0.5103276111185551,0.012166322208940983,0.1481730192899704,247.0,50.0,0.5987142324447632,0.31734347343444824,0.23486833274364471,0.31612008810043335,0.00017085937500000009,0.2894594967365265,1958,5.5465944851748645,0.7260154890827835,2.1710288524627686,0.44222888350486755,2.0833334922790527,0.0,8.25,0.20242914979757085,2.348342886567116,88.0
progress,exploration,11a591f7a2129484d555caf115fcdbf1a709a0c9,617,7581696,12288,False,5.224228679202497,0.7292637000791728,5.9733541598543525,2057.135684769044,3346.5718055455945,3346.5718055455945,51531364,5702089216,11127.0,89.0,11127.0,77.05815061963774,1.8526790998876095,-0.016381698769691866,0.5114197731018066,0.014354133978486061,0.16839599609375,117.0,47.0,0.5743544101715088,0.31599700450897217,0.23607705533504486,0.3170134127140045,7.593750000000004e-05,0.2897144556045532,2063,5.224228679202497,0.7292637000791728,2.0206797122955322,0.389004647731781,1.9583333730697632,0.0,2.9583334922790527,0.4017094017094017,6.958247479945421,78.81
progress,exploration,11a591f7a2129484d555caf115fcdbf1a709a0c9,618,7593984,12288,False,5.432872133329511,0.7269582119770348,6.203358638100326,1980.862419355943,3352.775164183695,3352.775164183695,51531364,5702089216,11127.0,90.0,11127.0,77.06184586108468,2.0434040501713753,-0.01570638149860315,0.5013061128556728,0.011575734242796898,0.1499837338924408,116.0,46.0,0.5960829257965088,0.31429219245910645,0.2329673320055008,0.3157471716403961,0.00011390625000000006,0.2877470552921295,1994,5.432872133329511,0.7269582119770348,1.909461259841919,0.3774305284023285,1.9166667461395264,0.0,3.0,0.39655172413793105,6.952511603012681,78.81
progress,exploration,11a591f7a2129484d555caf115fcdbf1a709a0c9,619,7606272,12288,False,5.420123850926757,0.7206736919470131,6.244465088006109,1967.8226760530458,3359.019629271701,3359.019629271701,51531364,5702089216,11127.0,66.0,11127.0,77.05573147561748,2.155679013580084,-0.018619380018208176,0.4806259647011757,0.014281048439443111,0.1765340268611908,123.0,51.0,0.6026204824447632,0.3128882050514221,0.23169542849063873,0.31457605957984924,5.0625000000000024e-05,0.28640270233154297,2001,5.420123850926757,0.7206736919470131,2.0628914833068848,0.4242236316204071,2.2173912525177,0.0,3.13043475151062,0.4146341463414634,6.7994839245080945,78.03
progress,exploration,11a591f7a2129484d555caf115fcdbf1a709a0c9,620,7618560,12288,False,5.441471574828029,0.7317785732448101,6.214491230901331,1977.3139173321813,3365.2341205026023,3365.2341205026023,51531364,5702089216,11127.0,52.0,11127.0,77.04045512010114,2.0079199466854334,-0.018156012083636597,0.481307253241539,0.014421485364437103,0.1667480617761612,251.0,51.0,0.5894368886947632,0.31538301706314087,0.2325492650270462,0.3146257698535919,7.593750000000004e-05,0.28750619292259216,1990,5.441471574828029,0.7317785732448101,1.9793561697006226,0.38495373725891113,2.125,0.0,8.333333969116211,0.20318725099601595,5.088261372447014,82.59
progress,exploration,11a591f7a2129484d555caf115fcdbf1a709a0c9,621,7630848,12288,False,5.274127101991326,0.7266934616491199,6.020098646171391,2041.1625659680533,3371.2542191487737,3371.2542191487737,51531364,5702089216,11127.0,87.0,11127.0,77.03280757097792,1.7927047908306122,-0.013199342720326968,0.4894476719200611,0.015474437735974789,0.1790364682674408,107.0,38.0,0.598117470741272,0.3163633346557617,0.2322961390018463,0.3141292631626129,7.593750000000004e-05,0.2876020073890686,2047,5.274127101991326,0.7266934616491199,1.9552448987960815,0.36870044469833374,1.5833333730697632,0.0,2.875,0.35514018691588783,6.6066824151575565,79.12
progress,exploration,11a591f7a2129484d555caf115fcdbf1a709a0c9,622,7643136,12288,False,5.487871380057186,0.7213271469809115,6.239497924223542,1969.389227984902,3377.4937170729972,3377.4937170729972,51531364,5702089216,11127.0,88.0,11127.0,77.02424433249371,1.8206297382712364,-0.018272410132340156,0.4817167818546295,0.013915829360485077,0.16943359375,121.0,49.0,0.596164345741272,0.31564828753471375,0.23250699043273926,0.31107181310653687,3.3750000000000014e-05,0.2864226698875427,1978,5.487871380057186,0.7213271469809115,1.9535341262817383,0.3747519850730896,2.0416667461395264,0.0,3.0,0.4049586776859504,7.172563828118146,77.12
progress,exploration,11a591f7a2129484d555caf115fcdbf1a709a0c9,623,7655424,12288,False,5.533049050718546,0.729135787114501,6.288569839671254,1954.0213933033742,3383.7822869126685,3383.7822869126685,51531364,5702089216,11127.0,89.0,11127.0,77.02734129478316,1.8572242073714733,-0.015354366376413964,0.4736377149820328,0.01200163271278143,0.1555786281824112,122.0,41.0,0.5914984941482544,0.3144458532333374,0.23285947740077972,0.30967047810554504,0.00017085937500000006,0.28567877411842346,1962,5.533049050718546,0.729135787114501,1.7886371612548828,0.3322586417198181,1.7083333730697632,0.0,3.4583334922790527,0.3360655737704918,6.275156967490911,81.02
progress,exploration,11a591f7a2129484d555caf115fcdbf1a709a0c9,624,7667712,12288,False,5.347254486288875,0.7355706337839365,6.101934677921236,2013.7875360190171,3389.8842215905897,3389.8842215905897,51531364,5702089216,11127.0,51.0,11127.0,77.01004079071227,1.9894597604870796,-0.015479709501960315,0.4732244312763214,0.01203368790447712,0.14093017578125,247.0,52.0,0.585666298866272,0.314451664686203,0.23406565189361572,0.3088846802711487,0.00011390625000000006,0.2858390808105469,2020,5.347254486288875,0.7355706337839365,2.115506649017334,0.41684767603874207,2.1666667461395264,0.0,8.125,0.21052631578947367,6.724419500678778,78.81
progress,exploration,11a591f7a2129484d555caf115fcdbf1a709a0c9,625,7680000,12288,False,5.34162069670856,0.7197466329671443,6.083405215293169,2019.92133765954,3395.967626805883,3395.967626805883,51531364,5702089216,11127.0,86.0,11127.0,77.01158784841842,2.074669122695923,-0.01316153650805063,0.46897464990615845,0.015558878891170025,0.1838989406824112,114.0,48.0,0.5932888984680176,0.3132694661617279,0.23409061133861542,0.3083629906177521,2.2500000000000008e-05,0.2852487564086914,2027,5.34162069670856,0.7197466329671443,2.0590152740478516,0.4038195013999939,2.0,0.0,2.75,0.42105263157894735,7.272257219329476,76.57
progress,exploration,11a591f7a2129484d555caf115fcdbf1a709a0c9,626,7692288,12288,False,5.484695028048009,0.7270085979253054,6.231625298038125,1971.877225010396,3402.199252103921,3402.199252103921,51531364,5702089216,11127.0,74.0,11127.0,77.0012503907471,2.0416490882635117,-0.019116145336283807,0.4690774716436863,0.012486297637224197,0.1557413786649704,125.0,54.0,0.6031901240348816,0.3134588897228241,0.23485858738422394,0.3070952296257019,0.00017085937500000009,0.2851860821247101,1978,5.484695028048009,0.7270085979253054,2.139570951461792,0.4453703761100769,2.25,0.0,2.9583334922790527,0.432,7.778251217007637,76.81
progress,exploration,11a591f7a2129484d555caf115fcdbf1a709a0c9,627,7704576,12288,False,5.545456858817488,0.7315709399990737,6.311397386714816,1946.9539385787434,3408.510649490636,3408.510649490636,51531364,5702089216,11127.0,86.0,11127.0,76.99563182527301,1.905438419431448,-0.013786619689199142,0.46922196075320244,0.013383409008383751,0.1609293818473816,240.0,41.0,0.6040310859680176,0.3135644495487213,0.23513881862163544,0.30681559443473816,7.593750000000004e-05,0.2852000296115875,1957,5.545456858817488,0.7315709399990737,1.8358596563339233,0.36013954877853394,1.7083333730697632,0.0,8.333333969116211,0.17083333333333334,2.4192354071140287,87.67
progress,exploration,11a591f7a2129484d555caf115fcdbf1a709a0c9,628,7716864,12288,False,5.226022625807673,0.7228168398141861,6.014205100946128,2043.1627777487845,3414.524854591582,3414.524854591582,51531364,5702089216,11127.0,90.0,11127.0,76.99283712239178,1.639081608504057,-0.016041528586356435,0.46788497641682625,0.013843749649822712,0.171834334731102,126.0,48.0,0.5873481035232544,0.3126571774482727,0.23708336055278778,0.30533936619758606,0.00011390625000000006,0.28504011034965515,2065,5.226022625807673,0.7228168398141861,2.028038263320923,0.3857308328151703,2.0,0.0,3.2916667461395264,0.38095238095238093,6.778035907447338,77.76
progress,exploration,11a591f7a2129484d555caf115fcdbf1a709a0c9,629,7729152,12288,False,5.429891521576792,0.7219518711790442,6.176401404198259,1989.5079992125397,3420.7012559957802,3420.7012559957802,51531364,5702089216,11127.0,88.0,11127.0,76.98632266086416,2.198285274207592,-0.016320270871801767,0.4664074331521988,0.014602058567106724,0.1772054135799408,113.0,48.0,0.5926920771598816,0.3109951615333557,0.2367539405822754,0.30575308203697205,7.593750000000004e-05,0.2845282554626465,1997,5.429891521576792,0.7219518711790442,1.9401425123214722,0.3800099492073059,2.0,0.0,2.75,0.4247787610619469,7.574405060857535,78.34
progress,exploration,11a591f7a2129484d555caf115fcdbf1a709a0c9,630,7741440,12288,False,5.55622782278806,0.7276571872644126,6.309163646772504,1947.6432516195725,3427.0104196425527,3427.0104196425527,51531364,5702089216,11127.0,89.0,11127.0,76.99317406143345,2.000353343784809,-0.01602037918928545,0.4607950374484062,0.01532602310180664,0.1852213591337204,123.0,50.0,0.5952962636947632,0.3082006275653839,0.237455815076828,0.30638620257377625,5.0625000000000024e-05,0.28402408957481384,1955,5.55622782278806,0.7276571872644126,2.0389888286590576,0.400429904460907,2.0833334922790527,0.0,3.0833334922790527,0.4065040650406504,7.639622271470725,75.55
progress,exploration,11a591f7a2129484d555caf115fcdbf1a709a0c9,631,7753728,12288,False,5.461778026074171,0.730452312156558,6.377884346991777,1926.657702063195,3433.3883039895445,3433.3883039895445,51531364,5702089216,11127.0,93.0,11127.0,76.98791821561338,1.307673079892993,-0.01695890114933718,0.45762743800878525,0.010691717267036438,0.1364339143037796,238.0,35.0,0.5923665761947632,0.30618607997894287,0.23770646750926971,0.30710068345069885,0.00017085937500000006,0.2836991846561432,1984,5.461778026074171,0.730452312156558,1.7302167415618896,0.3140491247177124,1.4583333730697632,0.0,8.458333969116211,0.14705882352941177,3.7490319338068367,85.43
progress,exploration,11a591f7a2129484d555caf115fcdbf1a709a0c9,632,7766016,12288,False,5.272947755176574,0.7182322507724166,6.012357348110527,2043.7906944871945,3439.400661337655,3439.400661337655,51531364,5702089216,11127.0,66.0,11127.0,76.97619047619048,2.061068821698427,-0.01035445564048132,0.45387064665555954,0.013178630731999874,0.1594645380973816,113.0,39.0,0.5891927480697632,0.3059741258621216,0.23760347068309784,0.306094229221344,7.593750000000004e-05,0.2832529842853546,2051,5.272947755176574,0.7182322507724166,1.7583081722259521,0.30767199397087097,1.625,0.0,3.125,0.34513274336283184,6.784981959499419,79.03
progress,exploration,11a591f7a2129484d555caf115fcdbf1a709a0c9,633,7778304,12288,False,5.477380839176476,0.7278750650584698,6.2325494210235775,1971.584847534499,3445.6332107586786,3445.6332107586786,51531364,5702089216,11127.0,47.0,11127.0,76.96327160493827,1.7082171943038702,-0.01816843054984929,0.4458095245063305,0.01408010721206665,0.1716105192899704,126.0,44.0,0.5933431386947632,0.30606868863105774,0.23729312419891357,0.30355221033096313,7.593750000000004e-05,0.28233984112739563,1980,5.477380839176476,0.7278750650584698,1.8265371322631836,0.34304654598236084,1.8333333730697632,0.0,3.4166667461395264,0.3492063492063492,6.103123862594366,79.57
progress,exploration,11a591f7a2129484d555caf115fcdbf1a709a0c9,634,7790592,12288,False,5.548129749018699,0.7251136200502515,6.294608434196562,1952.1468457423484,3451.927819192875,3451.927819192875,51531364,5702089216,11127.0,86.0,11127.0,76.95101663585952,1.8874229192733765,-0.01418192977871513,0.43808262422680855,0.011917590163648129,0.1533813774585724,120.0,40.0,0.6018338203430176,0.3041203022003174,0.23813670873641968,0.30235445499420166,7.593750000000004e-05,0.2815687954425812,1958,5.548129749018699,0.7251136200502515,1.8747309446334839,0.37088295817375183,1.6666667461395264,0.0,3.3333334922790527,0.3333333333333333,6.273786870464683,79.26
progress,exploration,11a591f7a2129484d555caf115fcdbf1a709a0c9,635,7802880,12288,False,5.317273370921612,0.7286508749239147,6.072212325874716,2023.6446521540047,3458.00003151875,3458.00003151875,51531364,5702089216,11127.0,90.0,11127.0,76.96125461254613,1.7970768176019192,-0.014676488324766979,0.43103017657995224,0.014061609283089638,0.1544799953699112,241.0,50.0,0.5795356631278992,0.30196863412857056,0.23870104551315308,0.30189353227615356,5.0625000000000024e-05,0.28086748719215393,2032,5.317273370921612,0.7286508749239147,2.029802083969116,0.3921571671962738,2.0833334922790527,0.0,8.041666984558105,0.2074688796680498,6.49657787233591,79.61
progress,exploration,11a591f7a2129484d555caf115fcdbf1a709a0c9,636,7815168,12288,False,5.224398679099977,0.7273453460074961,5.970955402124673,2057.9621136723786,3463.9709869208746,3463.9709869208746,51531364,5702089216,11127.0,99.0,11127.0,76.9530242554498,1.7307642847299576,-0.01909688100568019,0.4243329279124737,0.013881102204322815,0.1690470576286316,103.0,37.0,0.583713173866272,0.3002656102180481,0.2371557205915451,0.3017687499523163,0.00011390625000000006,0.2797600328922272,2064,5.224398679099977,0.7273453460074961,1.858033537864685,0.3599378764629364,1.60869562625885,0.0,2.86956524848938,0.3592233009708738,6.569810157716274,79.77
progress,exploration,11a591f7a2129484d555caf115fcdbf1a709a0c9,637,7827456,12288,False,5.533849459141493,0.7284001978114247,6.3167433477938175,1945.3062002735476,3470.2877302686684,3470.2877302686684,51531364,5702089216,11127.0,58.0,11127.0,76.95464296659516,1.7780803628265858,-0.015999951952835545,0.41457662731409073,0.018819116055965424,0.2168986201286316,120.0,42.0,0.594211220741272,0.2996474802494049,0.23715241253376007,0.3016907572746277,1e-05,0.2794986367225647,1962,5.533849459141493,0.7284001978114247,1.7146787643432617,0.3283565044403076,1.75,0.0,3.3333334922790527,0.35,6.5647666862607,79.1
progress,exploration,11a591f7a2129484d555caf115fcdbf1a709a0c9,638,7839744,12288,False,5.57204295694828,0.7206804431043565,6.311537236906588,1946.9107982356763,3476.599267505575,3476.599267505575,51531364,5702089216,11127.0,86.0,11127.0,76.97399816457633,2.1513891108334064,-0.01586029038298875,0.4168706573545933,0.01167434174567461,0.141357421875,251.0,38.0,0.596652626991272,0.2995859384536743,0.23751896619796753,0.3020317554473877,7.593750000000004e-05,0.2797364592552185,1952,5.57204295694828,0.7206804431043565,1.720359206199646,0.31205108761787415,1.5833333730697632,0.0,8.916666984558105,0.15139442231075698,2.743481781743467,87.88
progress,exploration,11a591f7a2129484d555caf115fcdbf1a709a0c9,639,7852032,12288,False,5.223170567303896,0.7282936368137598,5.987127754371613,2052.4031729618073,3482.5863952599466,3482.5863952599466,51531364,5702089216,11127.0,88.0,11127.0,76.96824427480917,1.741004105657339,-0.013195453890745057,0.4160197898745537,0.013398018665611744,0.1523641049861908,118.0,45.0,0.577989399433136,0.30042189359664917,0.23701484501361847,0.3013550937175751,3.3750000000000014e-05,0.2796057164669037,2064,5.223170567303896,0.7282936368137598,1.939219355583191,0.3601025342941284,1.875,0.0,3.125,0.3813559322033898,6.822008227147162,80.34
progress,exploration,11a591f7a2129484d555caf115fcdbf1a709a0c9,640,7864320,12288,False,5.443638395983726,0.72436464112252,6.198259271681309,1982.4920935691705,3488.784654531628,3488.784654531628,51531364,5702089216,11127.0,89.0,11127.0,76.96251142944224,2.1412901990115643,-0.01616711625320022,0.41435420513153076,0.012942920438945293,0.1624756008386612,114.0,48.0,0.5921496152877808,0.30049416422843933,0.2370859682559967,0.3001924455165863,7.593750000000002e-05,0.27927130460739136,1992,5.443638395983726,0.72436464112252,2.214862108230591,0.4431878924369812,2.0,0.0,2.75,0.42105263157894735,7.607124295085669,76.96
progress,exploration,11a591f7a2129484d555caf115fcdbf1a709a0c9,641,7876608,12288,False,5.419334487989545,0.7491260878741741,6.219499407336116,1975.7217092915673,3495.004153938964,3495.004153938964,51531364,5702089216,11127.0,88.0,11127.0,76.96257986005476,2.099222745746374,-0.018391824851278216,0.409646425396204,0.012858470901846886,0.16375732421875,134.0,60.0,0.5917426347732544,0.29962795972824097,0.23677314817905426,0.29985976219177246,7.593750000000004e-05,0.27878040075302124,1992,5.419334487989545,0.7491260878741741,2.209733486175537,0.450897216796875,2.6086957454681396,0.0,3.2173912525177,0.44776119402985076,7.850259371548891,75.67
progress,exploration,11a591f7a2129484d555caf115fcdbf1a709a0c9,642,7888896,12288,False,5.40615099389106,0.7306166999042034,6.158430748619139,1995.3134981269782,3501.162584687583,3501.162584687583,51531364,5702089216,11127.0,47.0,11127.0,76.95291616038882,1.751824527978897,-0.018260077602462843,0.41124508529901505,0.014112390577793121,0.1643880307674408,247.0,54.0,0.5725640654563904,0.3000141680240631,0.23684974014759064,0.3028584420681,7.593750000000004e-05,0.2798953056335449,2002,5.40615099389106,0.7306166999042034,2.1606078147888184,0.4471666216850281,2.25,0.0,8.083333969116211,0.21862348178137653,4.703717372566461,82.35
progress,exploration,11a591f7a2129484d555caf115fcdbf1a709a0c9,643,7901184,12288,False,5.1600658860988915,0.7228724798187613,5.919933406170458,2075.6990251261927,3507.0825180937536,3507.0825180937536,51531364,5702089216,11127.0,61.0,11127.0,76.94238932686477,1.804403267800808,-0.015238745014357846,0.42156052961945534,0.015114665031433105,0.1771443784236908,102.0,47.0,0.5865614414215088,0.3008626103401184,0.23644328117370605,0.3034636378288269,5.0625000000000024e-05,0.28027623891830444,2088,5.1600658860988915,0.7228724798187613,2.1710898876190186,0.44154590368270874,2.04347825050354,0.0,2.3913044929504395,0.46078431372549017,7.77866101861,75.8
progress,exploration,11a591f7a2129484d555caf115fcdbf1a709a0c9,644,7913472,12288,False,5.487213049083948,0.727882887236774,6.238101284019649,1969.8301519211586,3513.3206193777733,3513.3206193777733,51531364,5702089216,11127.0,89.0,11127.0,76.9497578692494,1.8307650089263916,-0.01936663284595852,0.4158565178513527,0.013668166473507881,0.166259765625,120.0,43.0,0.589816689491272,0.3012421429157257,0.23535038530826569,0.30196186900138855,7.593750000000004e-05,0.27953100204467773,1977,5.487213049083948,0.727882887236774,2.0305628776550293,0.42189306020736694,1.7916667461395264,0.0,3.2083334922790527,0.35833333333333334,6.3790112942457196,79.34
progress,exploration,11a591f7a2129484d555caf115fcdbf1a709a0c9,645,7925760,12288,False,5.543696752283722,0.7205807040445507,6.285578563809395,1954.9513024546175,3519.6061979415826,3519.6061979415826,51531364,5702089216,11127.0,90.0,11127.0,76.94501510574018,1.79408023878932,-0.017002866210532375,0.41089826822280884,0.01383868046104908,0.1754557490348816,126.0,45.0,0.5938314199447632,0.3003556728363037,0.23416219651699066,0.30240964889526367,0.00011390625000000006,0.2789960503578186,1961,5.543696752283722,0.7205807040445507,1.9524223804473877,0.39219579100608826,1.875,0.0,3.4166667461395264,0.35714285714285715,6.252587710618973,81.32
progress,exploration,11a591f7a2129484d555caf115fcdbf1a709a0c9,646,7938048,12288,False,5.3214650033041835,0.7324451189488173,6.073579118121415,2023.1892531599608,3525.679777059704,3525.679777059704,51531364,5702089216,11127.0,89.0,11127.0,76.95054282267793,2.052967756986618,-0.01565772996400483,0.40618379414081573,0.01430776808410883,0.1719970703125,236.0,45.0,0.57861328125,0.3005754053592682,0.233987495303154,0.3019929528236389,3.3750000000000014e-05,0.2788538336753845,2029,5.3214650033041835,0.7324451189488173,1.9834918975830078,0.3916667103767395,1.875,0.0,7.958333492279053,0.1906779661016949,5.859668232351542,80.83
progress,exploration,11a591f7a2129484d555caf115fcdbf1a709a0c9,647,7950336,12288,False,5.368599494919181,0.7268981318920851,6.132313867099583,2003.8113290199035,3531.8120909268036,3531.8120909268036,51531364,5702089216,11127.0,75.0,11127.0,76.94339054501656,1.934567578136921,-0.01479977883468564,0.4057569019496441,0.011085190810263157,0.1435953825712204,123.0,56.0,0.5869412422180176,0.29893600940704346,0.23417550325393677,0.30255386233329773,0.00017085937500000006,0.27860891819000244,2015,5.368599494919181,0.7268981318920851,2.3468103408813477,0.48774802684783936,2.3333334922790527,0.0,2.8333334922790527,0.45528455284552843,7.725294612273574,75.83
progress,exploration,11a591f7a2129484d555caf115fcdbf1a709a0c9,648,7962624,12288,False,5.506494550965726,0.7218203130178154,6.250367975793779,1965.964251639034,3538.0624589025974,3538.0624589025974,51531364,5702089216,11127.0,91.0,11127.0,76.94950405770965,1.4445422124117613,-0.011582536845708091,0.40279941633343697,0.019962361082434654,0.2116495817899704,122.0,43.0,0.5945096015930176,0.29800811409950256,0.23414459824562073,0.3039304316043854,1e-05,0.2786940634250641,1972,5.506494550965726,0.7218203130178154,1.8098506927490234,0.3521825671195984,1.7916667461395264,0.0,3.2916667461395264,0.3524590163934426,6.11264788582921,79.87
progress,exploration,11a591f7a2129484d555caf115fcdbf1a709a0c9,649,7974912,12288,False,5.5512589127756655,0.7261042920872569,6.312570779118687,1946.592035157435,3544.375029681716,3544.375029681716,51531364,5702089216,11127.0,50.0,11127.0,76.93789378937893,1.6947215236723423,-0.0143990691867657,0.4056195244193077,0.009234844706952572,0.1224365234375,235.0,37.0,0.5976834297180176,0.2980327606201172,0.23468290269374847,0.30410754680633545,0.00011390625000000003,0.2789447009563446,1957,5.5512589127756655,0.7261042920872569,1.8233819007873535,0.33497023582458496,1.5416667461395264,0.0,8.375,0.1574468085106383,2.5278550635278223,88.0
progress,exploration,11a591f7a2129484d555caf115fcdbf1a709a0c9,650,7987200,12288,False,5.245736876036972,0.7248777928762138,5.990147036965936,2051.368676623334,3550.365176718682,3550.365176718682,51531364,5702089216,11127.0,90.0,11127.0,76.92902066486973,1.811625186353922,-0.015816705214092508,0.4081178307533264,0.013373017311096191,0.1574503630399704,119.0,49.0,0.585557758808136,0.2981416583061218,0.23476378619670868,0.3045259714126587,3.3750000000000014e-05,0.27914920449256897,2058,5.245736876036972,0.7248777928762138,2.093356132507324,0.4150673747062683,2.0416667461395264,0.0,2.9166667461395264,0.4117647058823529,7.076018518358469,78.36
progress,exploration,11a591f7a2129484d555caf115fcdbf1a709a0c9,651,7999488,12288,False,5.438120536040515,0.7385396701283753,6.19451687624678,1983.6898091470248,3556.559693594929,3556.559693594929,51531364,5702089216,11127.0,88.0,11127.0,76.92286995515695,1.9539831839501858,-0.016863912664121017,0.4009709358215332,0.011465231887996197,0.1448567807674408,122.0,42.0,0.5858290195465088,0.29551413655281067,0.23377780616283417,0.30338209867477417,0.00011390625000000003,0.2775821089744568,1989,5.438120536040515,0.7385396701283753,1.8212602138519287,0.353422611951828,1.75,0.0,3.4166667461395264,0.3442622950819672,6.45782678835094,80.75
progress,exploration,11a591f7a2129484d555caf115fcdbf1a709a0c9,652,8011776,12288,False,5.52834584005177,0.727510292083025,6.273495055735111,1958.7167744344583,3562.833188650664,3562.833188650664,51531364,5702089216,11127.0,89.0,11127.0,76.92062071023575,1.5891323275864124,-0.01610003253153991,0.39328521490097046,0.015410711988806725,0.1838175356388092,114.0,40.0,0.60009765625,0.2945011854171753,0.23453021049499512,0.304487407207489,3.3750000000000014e-05,0.27783894538879395,1964,5.52834584005177,0.727510292083025,1.9213451147079468,0.36746034026145935,1.6666667461395264,0.0,3.0833334922790527,0.3508771929824561,6.442668897211552,79.09
progress,exploration,11a591f7a2129484d555caf115fcdbf1a709a0c9,653,8024064,12288,False,5.468151039909571,0.7333050481975079,6.231144607067108,1972.029342099276,3569.064333257731,3569.064333257731,51531364,5702089216,11127.0,88.0,11127.0,76.92135835567471,2.291543811559677,-0.019037885474972427,0.39536523073911667,0.013217060826718807,0.15948486328125,244.0,53.0,0.5928277373313904,0.294036328792572,0.23434968292713165,0.30399391055107117,0.00011390625000000006,0.2775254249572754,1981,5.468151039909571,0.7333050481975079,2.1365232467651367,0.4306025505065918,2.2083334922790527,0.0,8.041666984558105,0.21721311475409835,5.337029602006078,80.88
progress,exploration,11a591f7a2129484d555caf115fcdbf1a709a0c9,654,8036352,12288,False,5.3136710547842085,0.7308530020527542,6.097642538137734,2015.2050441042823,3575.161975795869,3575.161975795869,51531364,5702089216,11127.0,47.0,11127.0,76.90630577037477,1.6696154326200485,-0.01527226556208916,0.3847425803542137,0.013736230321228504,0.17083740234375,124.0,49.0,0.5816515684127808,0.29250138998031616,0.23396912217140198,0.30337220430374146,0.00017085937500000009,0.27662792801856995,2032,5.3136710547842085,0.7308530020527542,2.1634676456451416,0.41830357909202576,2.0416667461395264,0.0,3.1666667461395264,0.3951612903225806,6.735477056950331,78.8
progress,exploration,11a591f7a2129484d555caf115fcdbf1a709a0c9,655,8048640,12288,False,5.472809863742441,0.7272789631970227,6.223204375710338,1974.5454685629547,3581.385180171579,3581.385180171579,51531364,5702089216,11127.0,74.0,11127.0,76.91330166270784,2.0153442695736885,-0.006707541266223416,0.38299356400966644,0.0195468757301569,0.223388671875,108.0,42.0,0.5819770097732544,0.29194989800453186,0.23465025424957275,0.3033006191253662,1e-05,0.27663516998291016,1981,5.472809863742441,0.7272789631970227,1.8744442462921143,0.36398810148239136,1.75,0.0,2.7916667461395264,0.3888888888888889,6.903719372302294,78.29
progress,exploration,11a591f7a2129484d555caf115fcdbf1a709a0c9,656,8060928,12288,False,5.579250134062022,0.7292208611033857,6.32584443828091,1942.5074580776989,3587.71102460986,3587.71102460986,51531364,5702089216,11127.0,71.0,11127.0,76.90397154712507,2.0160701498389244,-0.013895808631787077,0.3803003244102001,0.010439347475767136,0.1315511167049408,126.0,53.0,0.6012098789215088,0.2907235324382782,0.23363186419010162,0.3034825623035431,0.00011390625000000003,0.2759956419467926,1947,5.579250134062022,0.7292208611033857,2.122340679168701,0.4286375641822815,2.2083334922790527,0.0,3.0416667461395264,0.42063492063492064,7.432649352252484,76.91
progress,exploration,11a591f7a2129484d555caf115fcdbf1a709a0c9,657,8073216,12288,False,5.359207124914974,0.7269333922304213,6.1189008969813585,2008.2037945837703,3593.8299255068414,3593.8299255068414,51531364,5702089216,11127.0,86.0,11127.0,76.9008875739645,1.8955255597829819,-0.014948626892874017,0.3720111772418022,0.017222169786691666,0.2023518979549408,248.0,50.0,0.5743815302848816,0.2899572551250458,0.2329164445400238,0.3046117126941681,1e-05,0.2758280336856842,2019,5.359207124914974,0.7269333922304213,2.0948991775512695,0.4122023582458496,2.0833334922790527,0.0,8.291666984558105,0.20161290322580644,6.636181638464332,79.63
progress,exploration,11a591f7a2129484d555caf115fcdbf1a709a0c9,658,8085504,12288,False,5.369423958007246,0.729377007111907,6.116706199012697,2008.9243459140505,3599.946631705854,3599.946631705854,51531364,5702089216,11127.0,89.0,11127.0,76.90047253396338,1.9848093539476395,-0.011504801170303836,0.3764752633869648,0.006997496355324984,0.0864054337143898,116.0,40.0,0.592013955116272,0.29014191031455994,0.2330227494239807,0.305929034948349,0.00011390625000000003,0.27637380361557007,2014,5.369423958007246,0.729377007111907,1.8567637205123901,0.33000993728637695,1.6666667461395264,0.0,3.1666667461395264,0.3448275862068966,6.918668682575226,78.44
progress,exploration,11a591f7a2129484d555caf115fcdbf1a709a0c9,659,8097792,12288,False,5.521634411998093,0.7269466519355774,6.272377490065992,1959.0657640522074,3606.21900919592,3606.21900919592,51531364,5702089216,11127.0,88.0,11127.0,76.89209905660377,1.7524098940193653,-0.015899947597063147,0.37864237651228905,0.013125337660312653,0.1556193083524704,117.0,50.0,0.599717915058136,0.2895391881465912,0.23283274471759796,0.3066350817680359,7.593750000000004e-05,0.27635252475738525,1966,5.521634411998093,0.7269466519355774,2.055079221725464,0.4136905074119568,2.0833334922790527,0.0,2.875,0.42735042735042733,6.859106808751822,78.45
progress,exploration,11a591f7a2129484d555caf115fcdbf1a709a0c9,660,8110080,12288,False,5.6055829944089055,0.7211898528039455,6.354624106083065,1933.709971646807,3612.573633302003,3612.573633302003,51531364,5702089216,11127.0,89.0,11127.0,76.8875809299588,2.0582638941705227,-0.016732012969441712,0.3769109882414341,0.012015425600111485,0.1451212763786316,257.0,58.0,0.6000434160232544,0.2886945307254791,0.23388099670410156,0.30520376563072205,7.593750000000004e-05,0.2759551703929901,1942,5.6055829944089055,0.7211898528039455,2.0654990673065186,0.4006485641002655,2.4166667461395264,0.0,8.375,0.22568093385214008,2.9281768625974656,87.08
progress,exploration,11a591f7a2129484d555caf115fcdbf1a709a0c9,661,8122368,12288,False,5.12580235209316,0.7215924300253391,5.888805232942104,2086.6711521142965,3618.4624385349452,3618.4624385349452,51531364,5702089216,11127.0,83.0,11127.0,76.88980311489861,1.8926465325057507,-0.02007940756448079,0.3746325448155403,0.014295448549091816,0.1756998598575592,118.0,52.0,0.583848774433136,0.28724515438079834,0.2353980988264084,0.3042806088924408,7.593750000000004e-05,0.27566978335380554,2101,5.12580235209316,0.7215924300253391,2.163407802581787,0.437543123960495,2.2608695030212402,0.0,2.95652174949646,0.4406779661016949,7.749442711472511,77.13
progress,exploration,11a591f7a2129484d555caf115fcdbf1a709a0c9,662,8134656,12288,False,5.441316394135356,0.7261747880838811,6.18840146670118,1985.6501014227674,3624.6508400016464,3624.6508400016464,51531364,5702089216,11127.0,89.0,11127.0,76.88090349075975,1.9394192062318325,-0.017172935491544195,0.3656332679092884,0.012619835324585438,0.1589355617761612,115.0,44.0,0.5925835967063904,0.2857760787010193,0.23483380675315857,0.3028455078601837,5.062500000000002e-05,0.27448907494544983,1992,5.441316394135356,0.7261747880838811,1.8667926788330078,0.3819940686225891,1.8333333730697632,0.0,2.9583334922790527,0.3826086956521739,6.064983089491725,78.29
progress,exploration,11a591f7a2129484d555caf115fcdbf1a709a0c9,663,8146944,12288,False,5.541282583959401,0.7275595557875931,6.287645088043064,1954.3087798272115,3630.9384850896895,3630.9384850896895,51531364,5702089216,11127.0,82.0,11127.0,76.88638360175696,2.156901214271784,-0.01478635759849567,0.36277442052960396,0.010890921577811241,0.1369832456111908,125.0,61.0,0.5967068672180176,0.2858668565750122,0.2352410852909088,0.3029920756816864,0.00011390625000000003,0.2747085392475128,1960,5.541282583959401,0.7275595557875931,2.2981767654418945,0.4850694537162781,2.5416667461395264,0.0,2.6666667461395264,0.488,7.995167006999254,77.5
progress,exploration,11a591f7a2129484d555caf115fcdbf1a709a0c9,664,8159232,12288,False,5.449430536944419,0.7289963928051293,6.198089693207294,1982.5463341498357,3637.136574782897,3637.136574782897,51531364,5702089216,11127.0,89.0,11127.0,76.88044431452792,1.873406145721674,-0.017559834519488504,0.36353127658367157,0.013573712669312954,0.1679891049861908,247.0,53.0,0.5950250029563904,0.28619274497032166,0.2344599962234497,0.30347996950149536,5.0625000000000024e-05,0.27470913529396057,1988,5.449430536944419,0.7289963928051293,2.362736701965332,0.480257123708725,2.2083334922790527,0.0,8.083333969116211,0.2145748987854251,4.837491796165705,82.63
progress,exploration,11a591f7a2129484d555caf115fcdbf1a709a0c9,665,8171520,12288,False,5.284461117815226,0.7268985291011631,6.032130941748619,2037.0910576483448,3643.1687057246454,3643.1687057246454,51531364,5702089216,11127.0,99.0,11127.0,76.88207822533568,1.8534649573266506,-0.016097336447273847,0.3624713867902756,0.01113130897283554,0.1414998471736908,111.0,43.0,0.5935330390930176,0.2845010459423065,0.2353423833847046,0.30349400639533997,0.00011390625000000003,0.27446138858795166,2044,5.284461117815226,0.7268985291011631,2.0603256225585938,0.3979993760585785,1.7916667461395264,0.0,2.8333334922790527,0.38738738738738737,7.152131650298834,77.3
progress,exploration,11a591f7a2129484d555caf115fcdbf1a709a0c9,666,8183808,12288,False,5.4792392873205245,0.7238929788582027,6.227682318072766,1973.1256946649576,3649.396388042718,3649.396388042718,51531364,5702089216,11127.0,90.0,11127.0,76.87325174825175,2.0916449055075645,-0.019570747113903053,0.359646525233984,0.01600421406328678,0.1865437924861908,119.0,45.0,0.5968425273895264,0.28346890211105347,0.235484316945076,0.30387312173843384,5.0625000000000024e-05,0.27427318692207336,1980,5.4792392873205245,0.7238929788582027,1.9363739490509033,0.3751157522201538,1.875,0.0,3.0833334922790527,0.37815126050420167,6.992056631669402,77.14
progress,exploration,11a591f7a2129484d555caf115fcdbf1a709a0c9,667,8196096,12288,False,5.4532361649908125,0.7205292070284486,6.204511623829603,1980.4943152665887,3655.600899666548,3655.600899666548,51531364,5702089216,11127.0,71.0,11127.0,76.86416521233275,1.9714345261454582,-0.016194879848626442,0.36037465929985046,0.012332902289927006,0.154296875,128.0,57.0,0.6034071445465088,0.2846416234970093,0.23401027917861938,0.3048926889896393,0.00017085937500000006,0.2745247483253479,1990,5.4532361649908125,0.7205292070284486,2.1475179195404053,0.419461727142334,2.4782609939575195,0.0,3.17391300201416,0.4453125,7.577910766005516,77.08
progress,exploration,11a591f7a2129484d555caf115fcdbf1a709a0c9,668,8208384,12288,False,5.3278304119594395,0.7329732370562851,6.080326683353633,2020.944044608882,3661.6812263499014,3661.6812263499014,51531364,5702089216,11127.0,87.0,11127.0,76.86207897793264,1.6985687874257565,-0.015232257685511286,0.3610890619456768,0.014588176272809505,0.1703287810087204,231.0,36.0,0.594699501991272,0.28448283672332764,0.23394736647605896,0.30563169717788696,5.0625000000000024e-05,0.2746971547603607,2027,5.3278304119594395,0.7329732370562851,1.6947021484375,0.28896576166152954,1.5,0.0,8.125,0.15584415584415584,5.026459251623601,82.67
progress,exploration,11a591f7a2129484d555caf115fcdbf1a709a0c9,669,8220672,12288,False,5.3752296641469,0.7289326288737357,6.12301814975217,2006.8534339551743,3667.8042444996536,3667.8042444996536,51531364,5702089216,11127.0,90.0,11127.0,76.86376811594202,2.3778369203209877,-0.01819868292659521,0.3588229976594448,0.011837453581392765,0.1476237028837204,116.0,43.0,0.5950250029563904,0.28516027331352234,0.23274096846580505,0.3043273389339447,7.593750000000002e-05,0.2741051912307739,2013,5.3752296641469,0.7289326288737357,1.9585552215576172,0.3901289701461792,1.7916667461395264,0.0,3.0416667461395264,0.3706896551724138,6.771248338520527,77.72
progress,exploration,11a591f7a2129484d555caf115fcdbf1a709a0c9,670,8232960,12288,False,5.515598910860717,0.7219133558683097,6.262648893985897,1962.1090385252676,3674.0668933936395,3674.0668933936395,51531364,5702089216,11127.0,90.0,11127.0,76.85590277777777,1.997836634516716,-0.016727375933896838,0.34934626892209053,0.015173496678471565,0.1846313625574112,136.0,60.0,0.598985493183136,0.28577524423599243,0.23016230762004852,0.3044736385345459,5.0625000000000024e-05,0.27347511053085327,1970,5.515598910860717,0.7219133558683097,2.159724712371826,0.45097559690475464,2.5,0.0,3.25,0.4411764705882353,7.347704365178942,77.3
progress,exploration,11a591f7a2129484d555caf115fcdbf1a709a0c9,671,8245248,12288,False,5.567551335785538,0.7258285409770906,6.315183693077415,1945.7866306359185,3680.382077086717,3680.382077086717,51531364,5702089216,11127.0,89.0,11127.0,76.86799537839399,1.6738160327076912,-0.016050439575337805,0.3492776043713093,0.01341790147125721,0.1698404997587204,246.0,49.0,0.6047635078430176,0.28598591685295105,0.230832040309906,0.3046814203262329,0.00017085937500000006,0.2738622725009918,1952,5.567551335785538,0.7258285409770906,2.0146994590759277,0.4011093080043793,2.0416667461395264,0.0,8.25,0.1991869918699187,2.580111663043499,88.0
progress,exploration,11a591f7a2129484d555caf115fcdbf1a709a0c9,672,8257536,12288,False,5.231821944005787,0.7273279381915927,5.978413172997534,2055.394909053916,3686.3604902597144,3686.3604902597144,51531364,5702089216,11127.0,99.0,11127.0,76.8670320161523,2.2616527006030083,-0.00981867995869834,0.34849342703819275,0.009818139486014843,0.1189371719956398,117.0,63.0,0.5980902910232544,0.28526753187179565,0.2307770997285843,0.30385321378707886,0.00011390625000000006,0.27333933115005493,2062,5.231821944005787,0.7273279381915927,2.4720654487609863,0.5503968596458435,2.625,0.0,2.2916667461395264,0.5384615384615384,8.568221282945014,74.87
progress,exploration,11a591f7a2129484d555caf115fcdbf1a709a0c9,673,8269824,12288,False,5.438603750895709,0.742234620731324,6.207710158079863,1979.4738618725817,3692.5682004177943,3692.5682004177943,51531364,5702089216,11127.0,99.0,11127.0,76.86553412035704,2.062094774097204,-0.012274090813662042,0.3415748365223408,0.013307125307619572,0.1553141325712204,122.0,47.0,0.592746376991272,0.2854273319244385,0.23040321469306946,0.30272138118743896,5.0625000000000024e-05,0.27286359667778015,1988,5.438603750895709,0.742234620731324,2.002882719039917,0.3904266357421875,1.9583333730697632,0.0,3.125,0.38524590163934425,6.664739686846733,79.2
progress,exploration,11a591f7a2129484d555caf115fcdbf1a709a0c9,674,8282112,12288,False,5.535035041626543,0.7283818549476564,6.28693460393697,1954.5296355246123,3698.8551350217313,3698.8551350217313,51531364,5702089216,11127.0,57.0,11127.0,76.86289163552745,1.8810119666159153,-0.01928058039629832,0.3408011794090271,0.014725184068083763,0.1741739958524704,128.0,50.0,0.5971137285232544,0.2854771912097931,0.230612650513649,0.3020364046096802,5.0625000000000024e-05,0.27272456884384155,1961,5.535035041626543,0.7283818549476564,1.9045906066894531,0.3664592504501343,2.0833334922790527,0.0,3.2916667461395264,0.390625,7.2213653731346135,77.89
progress,exploration,11a591f7a2129484d555caf115fcdbf1a709a0c9,675,8294400,12288,False,5.466890467796475,0.7321199923753738,6.219751005060971,1975.6417885541293,3705.0748860267922,3705.0748860267922,51531364,5702089216,11127.0,89.0,11127.0,76.85624103299857,1.7588435485959053,-0.019187315010640305,0.33325717598199844,0.013728061690926552,0.16265869140625,232.0,43.0,0.600694477558136,0.2862330675125122,0.22872471809387207,0.3003796935081482,0.00017085937500000009,0.27180805802345276,1982,5.466890467796475,0.7321199923753738,2.072385787963867,0.4003472328186035,1.7916667461395264,0.0,7.875,0.1853448275862069,4.0579405432194475,85.4
progress,exploration,11a591f7a2129484d555caf115fcdbf1a709a0c9,676,8306688,12288,False,5.325145985931158,0.7207926991395652,6.0642921780236065,2026.2875928917958,3711.139178204816,3711.139178204816,51531364,5702089216,11127.0,89.0,11127.0,76.85018619306788,1.9420243464410305,-0.010728429341725132,0.32583731040358543,0.015789460390806198,0.1769612729549408,106.0,42.0,0.6033529043197632,0.2862827479839325,0.2282245010137558,0.3001483976840973,2.2500000000000008e-05,0.2715572714805603,2032,5.325145985931158,0.7207926991395652,2.0440056324005127,0.3943948447704315,1.75,0.0,2.7083334922790527,0.39622641509433965,7.12323432661593,77.8
progress,exploration,11a591f7a2129484d555caf115fcdbf1a709a0c9,677,8318976,12288,False,5.4949325560592115,0.7306869947351515,6.244306033942848,1967.872800148614,3717.3834842387587,3717.3834842387587,51531364,5702089216,11127.0,89.0,11127.0,76.85130111524164,1.8458223305642605,-0.01855633541708812,0.32412461191415787,0.0142232496291399,0.1660359799861908,145.0,57.0,0.603488564491272,0.28480613231658936,0.2299327552318573,0.2988026738166809,5.0625000000000024e-05,0.2711902856826782,1973,5.4949325560592115,0.7306869947351515,2.055755138397217,0.3973214626312256,2.375,0.0,3.6666667461395264,0.3931034482758621,6.8769493548572065,78.69
progress,exploration,11a591f7a2129484d555caf115fcdbf1a709a0c9,678,8331264,12288,False,5.539778623264283,0.72769381897524,6.298694849014282,1950.8803481602251,3723.682179087773,3723.682179087773,51531364,5702089216,11127.0,88.0,11127.0,76.83699685983443,1.5448416005820036,-0.016591678446275182,0.3209303133189678,0.01322338730096817,0.1635131984949112,107.0,31.0,0.6011556386947632,0.28431445360183716,0.23083345592021942,0.2967033088207245,0.00017085937500000006,0.2706332206726074,1960,5.539778623264283,0.72769381897524,1.6694754362106323,0.2998511791229248,1.2916667461395264,0.0,3.2083334922790527,0.2897196261682243,5.470973632112146,80.94
progress,exploration,11a591f7a2129484d555caf115fcdbf1a709a0c9,679,8343552,12288,False,5.357728710863739,0.7256048433482647,6.105140095110983,2012.7302254440112,3729.787319182884,3729.787319182884,51531364,5702089216,11127.0,84.0,11127.0,76.84293044469783,1.8355805650353432,-0.016151475265360205,0.31920692697167397,0.014014520682394505,0.1695963591337204,228.0,39.0,0.59228515625,0.2837872803211212,0.23175589740276337,0.29669809341430664,0.00017085937500000009,0.27073681354522705,2019,5.357728710863739,0.7256048433482647,1.8470032215118408,0.3435876965522766,1.625,0.0,7.9166669845581055,0.17105263157894737,6.46611826479435,79.12
progress,exploration,11a591f7a2129484d555caf115fcdbf1a709a0c9,680,8355840,12288,False,5.370010180864483,0.7209242670796812,6.108255414757878,2011.7036969854803,3735.895574597642,3735.895574597642,51531364,5702089216,11127.0,84.0,11127.0,76.8363688104724,2.184019312262535,-0.011471553822048008,0.32538214325904846,0.011703269556164742,0.1470133513212204,139.0,61.0,0.6023221015930176,0.28337934613227844,0.2328888177871704,0.29815950989723206,0.00011390625000000006,0.27146875858306885,2017,5.370010180864483,0.7209242670796812,2.083171844482422,0.42068904638290405,2.5416667461395264,0.0,3.2916667461395264,0.43884892086330934,7.722537660300731,77.43
progress,exploration,11a591f7a2129484d555caf115fcdbf1a709a0c9,681,8368128,12288,False,5.512724693864584,0.726197836920619,6.25762849394232,1963.6832087260157,3742.153203091584,3742.153203091584,51531364,5702089216,11127.0,76.0,11127.0,76.81988636363636,1.9082856439054012,-0.016129131690831855,0.33434318378567696,0.013983568176627159,0.1650797575712204,114.0,38.0,0.6015625,0.2827821671962738,0.23423533141613007,0.2988702654838562,0.00017085937500000009,0.27197927236557007,1969,5.512724693864584,0.726197836920619,1.821866750717163,0.3221951723098755,1.5833333730697632,0.0,3.1666667461395264,0.3333333333333333,6.639506705105305,77.86
progress,exploration,11a591f7a2129484d555caf115fcdbf1a709a0c9,682,8380416,12288,False,5.599387743975967,0.7258466281928122,6.345561030320823,1936.471801513622,3748.498764121905,3748.498764121905,51531364,5702089216,11127.0,86.0,11127.0,76.82501418037437,1.9392689168453217,-0.01143173885793658,0.3345520608127117,0.01150964293628931,0.1442667543888092,247.0,52.0,0.595079243183136,0.28324422240257263,0.2339954674243927,0.2985536754131317,5.0625000000000024e-05,0.271942138671875,1942,5.599387743975967,0.7258466281928122,2.062669277191162,0.40546005964279175,2.1666667461395264,0.0,8.125,0.21052631578947367,3.2429483188688755,86.75
progress,exploration,11a591f7a2129484d555caf115fcdbf1a709a0c9,683,8392704,12288,False,5.2094779829494655,0.7200406808406115,5.94788364181295,2065.944920915525,3754.446647763718,3754.446647763718,51531364,5702089216,11127.0,89.0,11127.0,76.82389580973953,2.031144294887781,-0.018460202943970216,0.3279639258980751,0.01443857979029417,0.1690267026424408,126.0,64.0,0.598985493183136,0.2817733883857727,0.23344092071056366,0.29771506786346436,3.3750000000000014e-05,0.2709847688674927,2072,5.2094779829494655,0.7200406808406115,2.392582416534424,0.5,2.6666667461395264,0.0,2.5833334922790527,0.5079365079365079,8.767146528065204,74.19
progress,exploration,11a591f7a2129484d555caf115fcdbf1a709a0c9,684,8404992,12288,False,5.447026154957712,0.7269223402254283,6.191644304897636,1984.610128569579,3760.6382920686156,3760.6382920686156,51531364,5702089216,11127.0,68.0,11127.0,76.81679389312977,2.1633830666542053,-0.015871840578256524,0.3226667046546936,0.013942566700279713,0.1706136018037796,132.0,56.0,0.5978462100028992,0.2820863723754883,0.2330276519060135,0.296987920999527,0.00011390625000000003,0.2707147002220154,1990,5.447026154957712,0.7269223402254283,2.260819911956787,0.45336103439331055,2.3333334922790527,0.0,3.1666667461395264,0.42424242424242425,7.6580678504239765,75.11
progress,exploration,11a591f7a2129484d555caf115fcdbf1a709a0c9,685,8417280,12288,False,5.53702739905566,0.7258322569541633,6.283462590072304,1955.609637815732,3766.921754658688,3766.921754658688,51531364,5702089216,11127.0,77.0,11127.0,76.81936212249506,1.6108173727989197,-0.014269299168518046,0.3166080713272095,0.011329105123877525,0.1434326171875,116.0,49.0,0.6024577617645264,0.28118962049484253,0.23313406109809875,0.2951394319534302,0.00011390625000000006,0.26985645294189453,1962,5.53702739905566,0.7258322569541633,2.223142147064209,0.46367400884628296,2.0416667461395264,0.0,2.7916667461395264,0.4224137931034483,7.1474191731214525,76.92
progress,exploration,11a591f7a2129484d555caf115fcdbf1a709a0c9,686,8429568,12288,False,5.452587873209268,0.7237389287911355,6.197374738287181,1982.775048938889,3773.119129396975,3773.119129396975,51531364,5702089216,11127.0,86.0,11127.0,76.82220343758806,1.9736656583845615,-0.02013918067677878,0.3133281283080578,0.014437606558203697,0.1727294921875,236.0,55.0,0.6057400703430176,0.2804724872112274,0.23403671383857727,0.2947904169559479,0.00011390625000000006,0.26979875564575195,1989,5.452587873209268,0.7237389287911355,2.2179644107818604,0.4631628692150116,2.2916667461395264,0.0,7.5416669845581055,0.2330508474576271,4.2160281629487875,84.23
progress,exploration,11a591f7a2129484d555caf115fcdbf1a709a0c9,687,8441856,12288,False,5.275014667771757,0.7249299651011825,6.06529981456697,2025.95096296609,3779.184429211542,3779.184429211542,51531364,5702089216,11127.0,90.0,11127.0,76.82137834036568,2.4981931783258915,-0.01628659675770905,0.31037576869130135,0.012266810052096844,0.15478515625,128.0,59.0,0.612901508808136,0.28030264377593994,0.2337653785943985,0.2942303419113159,0.00011390625000000006,0.2694750428199768,2048,5.275014667771757,0.7249299651011825,2.284426689147949,0.46901458501815796,2.4583334922790527,0.0,2.9583334922790527,0.4609375,8.224490993842483,75.46
progress,exploration,11a591f7a2129484d555caf115fcdbf1a709a0c9,688,8454144,12288,False,5.491016563028097,0.726554345805198,6.236171052325517,1970.4398575497235,3785.4206002638675,3785.4206002638675,51531364,5702089216,11127.0,89.0,11127.0,76.81241224375175,1.5825984813272953,-0.012747802946250886,0.30151160433888435,0.015490234829485416,0.1788126677274704,125.0,43.0,0.6076117753982544,0.27939698100090027,0.23266534507274628,0.2939407527446747,2.2500000000000008e-05,0.2686832845211029,1976,5.491016563028097,0.726554345805198,1.8288081884384155,0.3378472328186035,1.7916667461395264,0.0,3.4166667461395264,0.344,6.40799527913332,79.39
progress,exploration,11a591f7a2129484d555caf115fcdbf1a709a0c9,689,8466432,12288,False,5.561763477046043,0.7233071071095765,6.306487997993827,1948.4695767135318,3791.7270882618614,3791.7270882618614,51531364,5702089216,11127.0,89.0,11127.0,76.81777403980936,1.9529985077679157,-0.019049843001994304,0.2974060997366905,0.013678126037120819,0.1665039211511612,113.0,47.0,0.6095649003982544,0.28002989292144775,0.23224446177482605,0.29330974817276,5.0625000000000024e-05,0.26852893829345703,1955,5.561763477046043,0.7233071071095765,2.081932783126831,0.4027777910232544,1.9583333730697632,0.0,2.75,0.415929203539823,7.29493547115475,75.92
progress,exploration,11a591f7a2129484d555caf115fcdbf1a709a0c9,690,8478720,12288,False,5.367120256647468,0.7354547390714288,6.122564274817705,2007.002205030484,3797.849652536679,3797.849652536679,51531364,5702089216,11127.0,88.0,11127.0,76.81164287713406,1.899744987487793,-0.01956968555646199,0.2981586568057537,0.014562243595719337,0.1743977963924408,248.0,55.0,0.6050347685813904,0.2786957323551178,0.2326873242855072,0.29417121410369873,3.3750000000000014e-05,0.26853030920028687,2013,5.367120256647468,0.7354547390714288,2.163870334625244,0.44657230377197266,2.2916667461395264,0.0,8.208333969116211,0.2217741935483871,6.6659787404537205,79.94
progress,exploration,11a591f7a2129484d555caf115fcdbf1a709a0c9,691,8491008,12288,False,5.384490051306784,0.7274441597983241,6.131109691224992,2004.204886039947,3803.980762227904,3803.980762227904,51531364,5702089216,11127.0,55.0,11127.0,76.80352152040246,2.086356371641159,-0.01586065387527924,0.29230621829628944,0.012651842087507248,0.15771484375,120.0,48.0,0.611545205116272,0.27797481417655945,0.23083500564098358,0.2938000559806824,0.00011390625000000003,0.2675606310367584,2010,5.384490051306784,0.7274441597983241,2.0374867916107178,0.3884093761444092,2.0,0.0,3.0416667461395264,0.4,7.216170452684164,78.98
progress,exploration,11a591f7a2129484d555caf115fcdbf1a709a0c9,692,8503296,12288,False,5.5068467343226075,0.7522119106724858,6.279721529688686,1956.7746661863796,3810.2604837575927,3810.2604837575927,51531364,5702089216,11127.0,99.0,11127.0,76.81389508928571,1.9250431768596172,-0.018369088662439026,0.2759593576192856,0.016389936208724976,0.1940511167049408,119.0,54.0,0.611328125,0.27721884846687317,0.22913360595703125,0.29232388734817505,1.5000000000000005e-05,0.26622793078422546,1963,5.5068467343226075,0.7522119106724858,2.172896146774292,0.4329861104488373,2.25,0.0,2.75,0.453781512605042,7.9075872053205964,75.79
progress,exploration,11a591f7a2129484d555caf115fcdbf1a709a0c9,693,8515584,12288,False,5.424942820332944,0.7271002708002925,6.17291251802817,1990.6324549574515,3816.433396275621,3816.433396275621,51531364,5702089216,11127.0,99.0,11127.0,76.82116991643454,1.6123867072165012,-0.013879849335353356,0.2671556808054447,0.009446806274354458,0.1224975660443306,248.0,43.0,0.6069878935813904,0.2766795754432678,0.22824911773204803,0.2917163372039795,0.00011390625000000005,0.265579491853714,1997,5.424942820332944,0.7271002708002925,1.827405571937561,0.3451254963874817,1.8695652484893799,0.0,8.913043975830078,0.17338709677419356,2.70268425039947,87.43
progress,exploration,11a591f7a2129484d555caf115fcdbf1a709a0c9,694,8527872,12288,False,5.243675561621785,0.7244635582901537,5.992353608366102,2050.6132987286264,3822.425749883987,3822.425749883987,51531364,5702089216,11127.0,88.0,11127.0,76.82174638487209,2.1856631338596344,-0.018162531778216362,0.25815603882074356,0.01431580912321806,0.1608683317899704,114.0,48.0,0.5887044668197632,0.2753637135028839,0.22789320349693298,0.29133835434913635,7.593750000000004e-05,0.2648923099040985,2058,5.243675561621785,0.7244635582901537,2.1377172470092773,0.41701388359069824,2.0,0.0,2.7916667461395264,0.42105263157894735,7.5094133503735065,77.08
progress,exploration,11a591f7a2129484d555caf115fcdbf1a709a0c9,695,8540160,12288,False,5.480581456795335,0.7221174230799079,6.230679471977055,1972.1765587952639,3828.656429355964,3828.656429355964,51531364,5702089216,11127.0,90.0,11127.0,76.82815102720711,2.0378289818763733,-0.019506168871885166,0.24844372272491455,0.014071434736251831,0.1708780974149704,121.0,51.0,0.600694477558136,0.2745363116264343,0.22580483555793762,0.2916403114795685,3.3750000000000014e-05,0.26400455832481384,1981,5.480581456795335,0.7221174230799079,2.0996816158294678,0.3963293731212616,2.125,0.0,2.9166667461395264,0.4214876033057851,7.7808532259613274,75.76
progress,exploration,11a591f7a2129484d555caf115fcdbf1a709a0c9,696,8552448,12288,False,5.532655674032867,0.7244508690200746,6.282578975893557,1955.884684800529,3834.9390083318576,3834.9390083318576,51531364,5702089216,11127.0,89.0,11127.0,76.82843680709534,1.741262186318636,-0.016939660534262657,0.2447364404797554,0.013753872364759445,0.1669718474149704,126.0,46.0,0.6116265654563904,0.27467307448387146,0.2267458140850067,0.29073891043663025,0.00011390625000000006,0.2640668451786041,1963,5.532655674032867,0.7244508690200746,1.945420265197754,0.3723214566707611,1.9166667461395264,0.0,3.3333334922790527,0.36507936507936506,6.486969998516142,79.12
progress,exploration,11a591f7a2129484d555caf115fcdbf1a709a0c9,697,8564736,12288,False,5.475774353835732,0.7307104310020804,6.225369860883802,1973.8586260086881,3841.1643781927414,3841.1643781927414,51531364,5702089216,11127.0,45.0,11127.0,76.81871021311929,1.9361394308507442,-0.01596733706537634,0.2488524131476879,0.013796435669064522,0.169189453125,236.0,48.0,0.5996907949447632,0.2745712995529175,0.22777511179447174,0.29054325819015503,5.0625000000000024e-05,0.26431456208229065,1979,5.475774353835732,0.7307104310020804,1.9423069953918457,0.3804372251033783,2.0,0.0,7.833333492279053,0.2033898305084746,4.53296262845397,83.04
progress,exploration,11a591f7a2129484d555caf115fcdbf1a709a0c9,698,8577024,12288,False,5.284439194947481,0.721501424908638,6.040148315951228,2034.3871304532418,3847.2045265086927,3847.2045265086927,51531364,5702089216,11127.0,88.0,11127.0,76.82508980381321,2.0193914473056793,-0.011691042018355802,0.2473253831267357,0.010371223092079163,0.1286824643611908,111.0,43.0,0.6046007871627808,0.27432486414909363,0.22760269045829773,0.2903622090816498,3.3750000000000014e-05,0.26410573720932007,2045,5.284439194947481,0.721501424908638,2.007505178451538,0.39249342679977417,1.7916667461395264,0.0,2.8333334922790527,0.38738738738738737,7.250119426548481,77.28
progress,exploration,11a591f7a2129484d555caf115fcdbf1a709a0c9,699,8589312,12288,False,5.47103460226208,0.7244137227535248,6.219551593996584,1975.7051315179986,3853.4240781026892,3853.4240781026892,51531364,5702089216,11127.0,96.0,11127.0,76.82620689655172,1.908606044948101,-0.015865123707044404,0.2481585443019867,0.012735413387417793,0.1596883088350296,137.0,57.0,0.6070150136947632,0.2745075821876526,0.22791382670402527,0.29095137119293213,0.00011390625000000003,0.26445141434669495,1983,5.47103460226208,0.7244137227535248,1.9714152812957764,0.3894345164299011,2.375,0.0,3.4583334922790527,0.41605839416058393,6.962867104783654,78.68
progress,exploration,11a591f7a2129484d555caf115fcdbf1a709a0c9,700,8601600,12288,False,5.463684086222202,0.7242308780550957,6.228358505293727,1972.911480537921,3859.652436607983,3859.652436607983,51531364,5702089216,11127.0,76.0,11127.0,76.82759570366291,1.5802826397120953,-0.012181554149719886,0.25385089963674545,0.010032391175627708,0.12725830078125,107.0,43.0,0.6099989414215088,0.2742096483707428,0.22843164205551147,0.29143279790878296,0.00011390625000000006,0.2647009491920471,1985,5.463684086222202,0.7242308780550957,2.1951210498809814,0.4354037344455719,1.8695652484893799,0.0,2.7826087474823,0.40186915887850466,7.006800610125065,78.46
progress,exploration,11a591f7a2129484d555caf115fcdbf1a709a0c9,701,8613888,12288,False,5.266950654331595,0.7337820390239358,6.019767084624618,2041.2749907526127,3865.6722036926076,3865.6722036926076,51531364,5702089216,11127.0,88.0,11127.0,76.82815507286224,1.9260388389229774,-0.014110586969763972,0.25705423578619957,0.013806360773742199,0.16827392578125,251.0,50.0,0.6109755039215088,0.2751316428184509,0.22907209396362305,0.2911561131477356,3.3750000000000014e-05,0.26511436700820923,2047,5.266950654331595,0.7337820390239358,2.0271151065826416,0.3864562213420868,2.17391300201416,0.0,8.82608699798584,0.199203187250996,6.949749619960785,77.29
progress,exploration,11a591f7a2129484d555caf115fcdbf1a709a0c9,702,8626176,12288,False,5.356327668763697,0.7247736863791943,6.1037469282746315,2013.1896266992665,3871.775950620882,3871.775950620882,51531364,5702089216,11127.0,49.0,11127.0,76.81960461285009,1.9303733222186565,-0.014049220699234866,0.26084456965327263,0.010700246319174767,0.1326090544462204,120.0,46.0,0.6129828691482544,0.27436792850494385,0.23013721406459808,0.2907029390335083,0.00011390625000000003,0.2651226222515106,2020,5.356327668763697,0.7247736863791943,1.8524316549301147,0.3586805760860443,1.9166667461395264,0.0,3.1666667461395264,0.38333333333333336,6.71030277453363,78.9
progress,exploration,11a591f7a2129484d555caf115fcdbf1a709a0c9,703,8638464,12288,False,5.5259305709041655,0.7293380228802562,6.325382522772998,1942.649311051158,3878.101333143655,3878.101333143655,51531364,5702089216,11127.0,92.0,11127.0,76.82291666666667,1.7461918629705906,-0.017926158361660782,0.25133227929472923,0.014437620528042316,0.17822265625,118.0,45.0,0.6052789092063904,0.2727137506008148,0.22882665693759918,0.2905164062976837,5.0625000000000024e-05,0.26404863595962524,1964,5.5259305709041655,0.7293380228802562,1.9955109357833862,0.3906745910644531,1.875,0.0,3.0833334922790527,0.3813559322033898,6.959608877301216,76.51
progress,exploration,11a591f7a2129484d555caf115fcdbf1a709a0c9,704,8650752,12288,False,5.565476113930345,0.7273592301644385,6.313645060174167,1946.2608180987966,3884.4149782038294,3884.4149782038294,51531364,5702089216,11127.0,71.0,11127.0,76.8248494800219,1.6957463435828686,-0.016014730383176357,0.24137457832694054,0.012142577208578587,0.15509033203125,238.0,44.0,0.614122211933136,0.2708622217178345,0.2283247709274292,0.29052865505218506,0.00017085937500000006,0.2632444202899933,1952,5.565476113930345,0.7273592301644385,2.169595241546631,0.422461599111557,1.8333333730697632,0.0,8.083333969116211,0.18487394957983194,2.6522530160099267,87.82
progress,exploration,11a591f7a2129484d555caf115fcdbf1a709a0c9,705,8663040,12288,False,5.22982228314504,0.7209453987888992,5.969107385724783,2058.5992521070993,3890.384085589554,3890.384085589554,51531364,5702089216,11127.0,89.0,11127.0,76.8295081967213,2.0790487974882126,-0.019995325899799354,0.23676859959959984,0.01593371108174324,0.1862386167049408,120.0,52.0,0.6110297441482544,0.2691977322101593,0.22916452586650848,0.2898906171321869,7.593750000000004e-05,0.2627747356891632,2064,5.22982228314504,0.7209453987888992,2.125917911529541,0.427926629781723,2.1666667461395264,0.0,2.9583334922790527,0.43333333333333335,7.62263166487217,77.06
progress,exploration,11a591f7a2129484d555caf115fcdbf1a709a0c9,706,8675328,12288,False,5.42900450900197,0.7313197422772646,6.180496338289231,1988.1898358023027,3896.5645819278434,3896.5645819278434,51531364,5702089216,11127.0,88.0,11127.0,76.82433169667212,1.780997272580862,-0.017463328258600086,0.22934306040406227,0.015551191754639149,0.1845092922449112,123.0,40.0,0.6131727695465088,0.26890626549720764,0.22859077155590057,0.289472371339798,2.2500000000000008e-05,0.2623288035392761,1994,5.42900450900197,0.7313197422772646,1.830570936203003,0.33844250440597534,1.6666667461395264,0.0,3.5,0.3252032520325203,6.057908849678934,79.72
progress,exploration,11a591f7a2129484d555caf115fcdbf1a709a0c9,707,8687616,12288,False,5.550487981643528,0.728657198138535,6.302512664813548,1949.698581107655,3902.867094592657,3902.867094592657,51531364,5702089216,11127.0,88.0,11127.0,76.8218954248366,1.9542891811579466,-0.017761313123628497,0.23006809130311012,0.012464158236980438,0.1502075344324112,137.0,48.0,0.6172960996627808,0.2695278823375702,0.22775137424468994,0.29037100076675415,0.00017085937500000006,0.262570858001709,1956,5.550487981643528,0.728657198138535,2.002887487411499,0.3853340148925781,2.0,0.0,3.7083334922790527,0.35036496350364965,6.980582701265812,77.34
progress,exploration,11a591f7a2129484d555caf115fcdbf1a709a0c9,708,8699904,12288,False,5.458441616035998,0.7234939821064472,6.2183270221576095,1976.0942060805867,3909.0854216148145,3909.0854216148145,51531364,5702089216,11127.0,89.0,11127.0,76.82544861337684,1.7651394791901112,-0.015685675709391944,0.22879914939403534,0.014601711183786392,0.1742757260799408,231.0,48.0,0.6162381172180176,0.26962390542030334,0.22735583782196045,0.2901829779148102,0.00011390625000000006,0.26239198446273804,1987,5.458441616035998,0.7234939821064472,2.0459048748016357,0.40898188948631287,2.0,0.0,7.625,0.2077922077922078,4.9007449349761005,83.11
progress,exploration,11a591f7a2129484d555caf115fcdbf1a709a0c9,709,8712192,12288,False,5.278909009881318,0.726057767868042,6.028096545021981,2038.4544123049031,3915.1135181598365,3915.1135181598365,51531364,5702089216,11127.0,78.0,11127.0,76.81591094216671,2.200679425150156,-0.014121173029707279,0.22385923564434052,0.012663336470723152,0.1594441831111908,114.0,55.0,0.6109212636947632,0.2685171961784363,0.2268909215927124,0.28995954990386963,3.3750000000000014e-05,0.26180633902549744,2046,5.278909009881318,0.726057767868042,2.396686553955078,0.5108135342597961,2.2916667461395264,0.0,2.4583334922790527,0.4824561403508772,7.882387863695621,75.87
progress,exploration,11a591f7a2129484d555caf115fcdbf1a709a0c9,710,8724480,12288,False,5.50129501381889,0.7272455291822553,6.253125214017928,1965.0973840174202,3921.3666433738545,3921.3666433738545,51531364,5702089216,11127.0,47.0,11127.0,76.80807806993765,1.792791709303856,-0.018607558915391564,0.21573352813720703,0.015131114982068539,0.1791788786649704,119.0,45.0,0.6146919131278992,0.2676946520805359,0.2257154881954193,0.29045581817626953,3.3750000000000014e-05,0.26128897070884705,1972,5.50129501381889,0.7272455291822553,1.9442037343978882,0.37724870443344116,1.875,0.0,3.125,0.37815126050420167,7.00931318808347,77.63
progress,exploration,11a591f7a2129484d555caf115fcdbf1a709a0c9,711,8736768,12288,False,5.545696157030761,0.7383758910000324,6.30414930311963,1949.1924142594848,3927.670792676974,3927.670792676974,51531364,5702089216,11127.0,96.0,11127.0,76.81326116373478,1.8107640743255615,-0.01728804204321932,0.21043571829795837,0.011308299377560616,0.1463623046875,134.0,57.0,0.611083984375,0.26451626420021057,0.22543595731258392,0.2901217043399811,0.00017085937500000006,0.2601338028907776,1955,5.545696157030761,0.7383758910000324,2.2549803256988525,0.4696098268032074,2.375,0.0,3.25,0.4253731343283582,7.501528352051974,76.85
progress,exploration,11a591f7a2129484d555caf115fcdbf1a709a0c9,712,8749056,12288,False,5.345385390333831,0.7349275960586965,6.122860333882272,2006.905160322128,3933.7936530108564,3933.7936530108564,51531364,5702089216,11127.0,62.0,11127.0,76.8070791677925,1.966552559286356,-0.013982449978357181,0.18947475403547287,0.012373791076242924,0.1422933042049408,242.0,50.0,0.5993110537528992,0.26308444142341614,0.2238883078098297,0.2895384132862091,5.0625000000000024e-05,0.258858323097229,2020,5.345385390333831,0.7349275960586965,2.152249336242676,0.4414682388305664,2.0833334922790527,0.0,8.041666984558105,0.2066115702479339,6.226937099248171,78.72
progress,exploration,11a591f7a2129484d555caf115fcdbf1a709a0c9,713,8761344,12288,False,5.365004773251712,0.7250187480822206,6.115677386056632,2009.262298239584,3939.909330396913,3939.909330396913,51531364,5702089216,11127.0,90.0,11127.0,76.80226598327488,2.2379076555371284,-0.018233163631521165,0.17626118287444115,0.014368906617164612,0.1772664487361908,117.0,47.0,0.6063910722732544,0.26148632168769836,0.22228015959262848,0.2880450487136841,0.00011390625000000006,0.257316529750824,2017,5.365004773251712,0.7250187480822206,2.10398530960083,0.4182043671607971,1.9583333730697632,0.0,2.9166667461395264,0.4017094017094017,7.246082830727101,77.31
progress,exploration,11a591f7a2129484d555caf115fcdbf1a709a0c9,714,8773632,12288,False,5.508465250022709,0.7197905159555376,6.27420510770753,1958.4951064007837,3946.1835355046205,3946.1835355046205,51531364,5702089216,11127.0,89.0,11127.0,76.8125504982494,1.8822401762008667,-0.01694142686028499,0.16614938899874687,0.013902927748858929,0.1724446713924408,132.0,64.0,0.6057671904563904,0.26192763447761536,0.22156789898872375,0.2877693176269531,0.00011390625000000006,0.25709643959999084,1972,5.508465250022709,0.7197905159555376,2.3554296493530273,0.5063657760620117,2.6666667461395264,0.0,2.875,0.48484848484848486,7.419058102406561,77.28
progress,exploration,11a591f7a2129484d555caf115fcdbf1a709a0c9,715,8785920,12288,False,5.440432795789093,0.7215637490153313,6.189617657102644,1985.259943463455,3952.373153161723,3952.373153161723,51531364,5702089216,11127.0,89.0,11127.0,76.80451734337187,1.7864446826279163,-0.014604059848352335,0.1655806601047516,0.01201290637254715,0.1457112729549408,240.0,48.0,0.6001790761947632,0.26146042346954346,0.22190654277801514,0.28778427839279175,5.0625000000000024e-05,0.25706779956817627,1994,5.440432795789093,0.7215637490153313,1.9009206295013428,0.36080464720726013,2.08695650100708,0.0,8.391304969787598,0.2,2.606141854226589,87.69
progress,exploration,11a591f7a2129484d555caf115fcdbf1a709a0c9,716,8798208,12288,False,5.227081063203514,0.7253214037045836,5.992135787848383,2050.687840706009,3958.3652889495715,3958.3652889495715,51531364,5702089216,11127.0,84.0,11127.0,76.79672395273899,1.5500275120139122,-0.01740507698559668,0.1639251969754696,0.012715693563222885,0.1422526091337204,110.0,45.0,0.5980903506278992,0.2602175772190094,0.2223653942346573,0.2880295515060425,0.00011390625000000006,0.2568935453891754,2064,5.227081063203514,0.7253214037045836,1.9311425685882568,0.3774802088737488,1.875,0.0,2.7083334922790527,0.4090909090909091,7.044675954580307,76.41
progress,exploration,11a591f7a2129484d555caf115fcdbf1a709a0c9,717,8810496,12288,False,5.459859894122928,0.7206108327955008,6.201866663061082,1981.3389528653552,3964.5671556126326,3964.5671556126326,51531364,5702089216,11127.0,67.0,11127.0,76.7911528150134,1.8172559812664986,-0.01115948254664545,0.1641794554889202,0.014843541197478771,0.1824747622013092,121.0,43.0,0.611924946308136,0.2601419985294342,0.22276026010513306,0.2884617745876312,2.2500000000000008e-05,0.2571175992488861,1988,5.459859894122928,0.7206108327955008,1.8839139938354492,0.3642691969871521,1.7916667461395264,0.0,3.2916667461395264,0.35537190082644626,6.537724018394947,79.07
progress,exploration,11a591f7a2129484d555caf115fcdbf1a709a0c9,718,8822784,12288,False,5.535800009034574,0.7253141440451145,6.283057744149119,1955.7356466193196,3970.8502133567818,3970.8502133567818,51531364,5702089216,11127.0,90.0,11127.0,76.80139186295503,1.814122959971428,-0.01739755319431424,0.16651475057005882,0.012821879237890244,0.1584269255399704,127.0,37.0,0.6098091006278992,0.2587334215641022,0.22274057567119598,0.28958743810653687,0.00011390625000000003,0.2570590376853943,1962,5.535800009034574,0.7253141440451145,1.7136015892028809,0.31190478801727295,1.5416667461395264,0.0,3.8333334922790527,0.29133858267716534,5.59928840726614,81.52
progress,exploration,11a591f7a2129484d555caf115fcdbf1a709a0c9,719,8835072,12288,False,5.46676531387493,0.7457833532243967,6.263771349098533,1961.7574325679143,3977.1139847058803,3977.1139847058803,51531364,5702089216,11127.0,86.0,11127.0,76.7923570283271,1.6475137695670128,-0.012776807503541932,0.16327036172151566,0.013634058646857738,0.1634725034236908,246.0,50.0,0.597385048866272,0.25814348459243774,0.22313500940799713,0.2897554337978363,3.3750000000000014e-05,0.25701242685317993,1977,5.46676531387493,0.7457833532243967,2.149136543273926,0.4270833432674408,2.0833334922790527,0.0,8.291666984558105,0.2032520325203252,4.652495601773262,84.32
progress,exploration,11a591f7a2129484d555caf115fcdbf1a709a0c9,720,8847360,12288,False,5.193821781780571,0.7387434490956366,6.112193903885782,2010.4074237873892,3983.226178609766,3983.226178609766,51531364,5702089216,11127.0,88.0,11127.0,76.8009605122732,1.737992201000452,-0.016015792381949723,0.1646360084414482,0.01301850751042366,0.1538086086511612,110.0,46.0,0.6121148467063904,0.2569609582424164,0.22338497638702393,0.29045888781547546,7.593750000000004e-05,0.2569517195224762,2071,5.193821781780571,0.7387434490956366,1.9456623792648315,0.39311596751213074,2.0,0.0,2.7826087474823,0.41818181818181815,7.425912774726749,76.55
progress,exploration,11a591f7a2129484d555caf115fcdbf1a709a0c9,721,8859648,12288,False,5.496414341963828,0.7374941962771118,6.2872728491202,1954.4244849687896,3989.5134514588863,3989.5134514588863,51531364,5702089216,11127.0,50.0,11127.0,76.792965627498,1.9642640016973019,-0.006997153133852407,0.16155052185058594,0.00949368067085743,0.11749267578125,127.0,56.0,0.6104058623313904,0.2563011348247528,0.2234165072441101,0.2904464602470398,7.593750000000002e-05,0.25673481822013855,1971,5.496414341963828,0.7374941962771118,2.2434988021850586,0.45602452754974365,2.3333334922790527,0.0,2.9583334922790527,0.4409448818897638,7.506496793031692,78.24
progress,exploration,11a591f7a2129484d555caf115fcdbf1a709a0c9,722,8871936,12288,False,5.5696797859855,0.7251965859904885,6.319677060935646,1944.4031524896823,3995.833128519822,3995.833128519822,51531364,5702089216,11127.0,75.0,11127.0,76.79382814578345,1.8714748732745647,-0.015733341475424822,0.1628606580197811,0.013334734365344048,0.1602986603975296,114.0,48.0,0.6236979365348816,0.2574726641178131,0.22293774783611298,0.2909810543060303,7.593750000000004e-05,0.257141649723053,1952,5.5696797859855,0.7251965859904885,2.043077230453491,0.4047619700431824,2.0,0.0,2.75,0.42105263157894735,7.276230113059282,76.54
progress,exploration,11a591f7a2129484d555caf115fcdbf1a709a0c9,723,8884224,12288,False,5.3735165651887655,0.733702499885112,6.129301315173507,2004.7962023958933,4001.9624298349954,4001.9624298349954,51531364,5702089216,11127.0,92.0,11127.0,76.79814077025232,1.7182232849299908,-0.015854776112973923,0.16452833265066147,0.012998081743717194,0.1575113832950592,258.0,49.0,0.6090495586395264,0.2572387158870697,0.2235318124294281,0.2900565564632416,7.593750000000004e-05,0.2569510042667389,2012,5.3735165651887655,0.733702499885112,1.8976777791976929,0.3627685010433197,2.0416667461395264,0.0,8.708333969116211,0.18992248062015504,5.661674229204655,80.44
progress,exploration,11a591f7a2129484d555caf115fcdbf1a709a0c9,724,8896512,12288,False,5.231361335143447,0.7197123290970922,5.975878628902137,2056.2666618711933,4007.9383084638976,4007.9383084638976,51531364,5702089216,11127.0,88.0,11127.0,76.79766640148502,2.24478217959404,-0.016578798735281453,0.16329404339194298,0.014089458622038364,0.1681721955537796,114.0,56.0,0.6133898496627808,0.2572036683559418,0.22420981526374817,0.2881507873535156,0.00017085937500000009,0.25655752420425415,2064,5.231361335143447,0.7197123290970922,2.356560468673706,0.48997586965560913,2.4347827434539795,0.0,2.6086957454681396,0.49122807017543857,7.973767763227224,76.96
progress,exploration,11a591f7a2129484d555caf115fcdbf1a709a0c9,725,8908800,12288,False,5.4877598150633276,0.7257771422155201,6.300790227949619,1950.2315670646788,4014.239098691847,4014.239098691847,51531364,5702089216,11127.0,88.0,11127.0,76.80116494572412,1.6240569315850735,-0.013138943264493719,0.15551292896270752,0.01231980137526989,0.1529948115348816,107.0,39.0,0.6248644590377808,0.2561243176460266,0.22416207194328308,0.2871752381324768,0.00011390625000000006,0.25584667921066284,1977,5.4877598150633276,0.7257771422155201,1.8852159976959229,0.34662699699401855,1.625,0.0,2.9166667461395264,0.3644859813084112,6.8316136283427475,78.12
progress,exploration,11a591f7a2129484d555caf115fcdbf1a709a0c9,726,8921088,12288,False,5.570831500925124,0.7266555363312364,6.35846918169409,1932.5406239880683,4020.5975678735413,4020.5975678735413,51531364,5702089216,11127.0,89.0,11127.0,76.80121596616442,1.9896995034068823,-0.015809610456926748,0.14654161036014557,0.015642786398530006,0.18731689453125,256.0,49.0,0.6229383945465088,0.2549196481704712,0.22423572838306427,0.2859514057636261,1.5000000000000005e-05,0.2550370991230011,1951,5.570831500925124,0.7266555363312364,1.876295804977417,0.34429866075515747,2.0416667461395264,0.0,8.625,0.19140625,2.8504511192440987,87.78
progress,exploration,11a591f7a2129484d555caf115fcdbf1a709a0c9,727,8933376,12288,False,5.229666921310127,0.7213947847485542,5.9760978003032506,2056.191248974617,4026.5736656738445,4026.5736656738445,51531364,5702089216,11127.0,89.0,11127.0,76.7980464625132,1.7365397065877914,-0.014215891358617228,0.14419807493686676,0.009606728330254555,0.1248779445886612,124.0,47.0,0.6090223789215088,0.2549493908882141,0.22437646985054016,0.2856575548648834,0.00011390625000000005,0.25501495599746704,2064,5.229666921310127,0.7213947847485542,1.8987491130828857,0.3601686656475067,1.9583333730697632,0.0,3.2083334922790527,0.3790322580645161,6.78280468404293,76.93
progress,exploration,11a591f7a2129484d555caf115fcdbf1a709a0c9,728,8945664,12288,False,5.446470377966762,0.7277624551206827,6.207400745712221,1979.5725301750447,4032.7810664195567,4032.7810664195567,51531364,5702089216,11127.0,84.0,11127.0,76.79124934106484,1.803785029798746,-0.016725901824884204,0.14105429872870445,0.013223325833678246,0.1702881008386612,116.0,49.0,0.613742470741272,0.25513628125190735,0.22364619374275208,0.28579914569854736,5.0625000000000024e-05,0.25487199425697327,1990,5.446470377966762,0.7277624551206827,2.067350149154663,0.42189154028892517,2.0416667461395264,0.0,2.875,0.4224137931034483,7.28107379309833,77.22
progress,exploration,11a591f7a2129484d555caf115fcdbf1a709a0c9,729,8957952,12288,False,5.549583208281547,0.7285476378165185,6.310724223032594,1947.1616197633573,4039.0917906425893,4039.0917906425893,51531364,5702089216,11127.0,76.0,11127.0,76.7857894736842,2.062715783715248,-0.015963193827701616,0.1381562501192093,0.015273194760084152,0.18603515625,94.0,36.0,0.619384765625,0.2553696930408478,0.22277025878429413,0.2857915759086609,2.2500000000000008e-05,0.25464537739753723,1957,5.549583208281547,0.7285476378165185,1.857863187789917,0.34836310148239136,1.5,0.0,2.4166667461395264,0.3829787234042553,6.844008528515697,78.58
progress,exploration,11a591f7a2129484d555caf115fcdbf1a709a0c9,730,8970240,12288,False,5.4810179909691215,0.7315109460614622,6.233439902309328,1971.3031957599549,4045.3252305448987,4045.3252305448987,51531364,5702089216,11127.0,92.0,11127.0,76.78297425118234,1.78822485730052,-0.017526754490972962,0.13593338802456856,0.012396188452839851,0.1506958156824112,273.0,52.0,0.6187066435813904,0.2538592219352722,0.2230256348848343,0.28550902009010315,0.00017085937500000006,0.25416135787963867,1977,5.4810179909691215,0.7315109460614622,1.9276117086410522,0.3510790467262268,2.1666667461395264,0.0,9.25,0.19047619047619047,4.54162880204618,83.6
progress,exploration,11a591f7a2129484d555caf115fcdbf1a709a0c9,731,8982528,12288,False,5.262877868954092,0.7262598588131368,6.011143773794174,2044.2033101204527,4051.336374318693,4051.336374318693,51531364,5702089216,11127.0,89.0,11127.0,76.7814795383001,2.173495326191187,-0.01114612473975285,0.1339060589671135,0.013718761503696442,0.1423746794462204,125.0,53.0,0.60009765625,0.2536013722419739,0.22359618544578552,0.28607335686683655,3.3750000000000014e-05,0.25442251563072205,2051,5.262877868954092,0.7262598588131368,1.9487274885177612,0.3859127163887024,2.2083334922790527,0.0,3.0416667461395264,0.424,7.25687343120575,77.57
progress,exploration,11a591f7a2129484d555caf115fcdbf1a709a0c9,732,8994816,12288,False,5.4818104659207165,0.7260852460749447,6.230276022106409,1972.304269730496,4057.5666503407992,4057.5666503407992,51531364,5702089216,11127.0,88.0,11127.0,76.79229963331588,1.9482546299695969,-0.020609461593267042,0.1332225613296032,0.012404818087816238,0.15325927734375,103.0,41.0,0.60888671875,0.2528684139251709,0.22258779406547546,0.2864973843097687,5.062500000000002e-05,0.2539922297000885,1979,5.4818104659207165,0.7260852460749447,2.0759546756744385,0.412301629781723,1.7083333730697632,0.0,2.625,0.39805825242718446,7.1465140104293825,77.96
progress,exploration,11a591f7a2129484d555caf115fcdbf1a709a0c9,733,9007104,12288,False,5.582664004061371,0.7245938507840037,6.350804574787617,1934.8729527566882,4063.917454915587,4063.917454915587,51531364,5702089216,11127.0,55.0,11127.0,76.78393931467434,2.011762872338295,-0.014730164277352742,0.1268545798957348,0.011556565761566162,0.1429443359375,112.0,48.0,0.6227213740348816,0.2523190975189209,0.22223880887031555,0.2863294780254364,3.3750000000000014e-05,0.25363826751708984,1948,5.582664004061371,0.7245938507840037,2.2527379989624023,0.4551256597042084,2.0,0.0,2.75,0.42857142857142855,7.152993288338184,78.61
progress,exploration,11a591f7a2129484d555caf115fcdbf1a709a0c9,734,9019392,12288,False,5.327505703084171,0.7266179621219635,6.115089371334761,2009.4555048698915,4070.0325442869216,4070.0325442869216,51531364,5702089216,11127.0,49.0,11127.0,76.77357012274746,1.763404194265604,-0.017679394528386183,0.11882853135466576,0.013950219377875328,0.1604207307100296,265.0,56.0,0.604709267616272,0.2519915997982025,0.22089920938014984,0.2851548492908478,5.0625000000000024e-05,0.25269827246665955,2029,5.327505703084171,0.7266179621219635,1.9821155071258545,0.3890407085418701,2.3333334922790527,0.0,8.791666984558105,0.21132075471698114,6.327347338907421,79.09
progress,exploration,11a591f7a2129484d555caf115fcdbf1a709a0c9,735,9031680,12288,False,5.335471431259066,0.724269081838429,6.146179467905313,1999.2907893703093,4076.178723754827,4076.178723754827,51531364,5702089216,11127.0,64.0,11127.0,76.7671447196871,2.1914572417736053,-0.01946760935970815,0.11282050982117653,0.015050824731588364,0.1793009489774704,102.0,40.0,0.607394814491272,0.2511943280696869,0.22121965885162354,0.2852983772754669,3.3750000000000014e-05,0.2525733411312103,2027,5.335471431259066,0.724269081838429,2.1359550952911377,0.4097222685813904,1.6666667461395264,0.0,2.5833334922790527,0.39215686274509803,7.140010644197464,79.25
progress,exploration,11a591f7a2129484d555caf115fcdbf1a709a0c9,736,9043968,12288,False,5.525376980192959,0.7272809119895101,6.279884725809097,1956.7238152475513,4082.458608480636,4082.458608480636,51531364,5702089216,11127.0,87.0,11127.0,76.77297578755532,2.1789336651563644,-0.01618086841335753,0.11046953499317169,0.009731982834637165,0.1280720978975296,117.0,55.0,0.6207411289215088,0.24980904161930084,0.22139045596122742,0.28474339842796326,0.00011390625000000005,0.25200414657592773,1965,5.525376980192959,0.7272809119895101,2.330197811126709,0.48993057012557983,2.2916667461395264,0.0,2.5833334922790527,0.4700854700854701,8.202198500931264,77.0
progress,exploration,11a591f7a2129484d555caf115fcdbf1a709a0c9,737,9056256,12288,False,5.561670362018049,0.7205842570401728,6.329482444096357,1941.390960245301,4088.7880909247324,4088.7880909247324,51531364,5702089216,11127.0,90.0,11127.0,76.77099038211594,2.039682123810053,-0.011307522363495082,0.10715017095208168,0.0157229695469141,0.1904907375574112,258.0,52.0,0.623643696308136,0.24972222745418549,0.2219148427248001,0.28484848141670227,1e-05,0.25215932726860046,1955,5.561670362018049,0.7205842570401728,2.0208542346954346,0.40163692831993103,2.1666667461395264,0.0,8.625,0.20155038759689922,2.6275347808003424,88.0
progress,exploration,11a591f7a2129484d555caf115fcdbf1a709a0c9,738,9068544,12288,False,5.216921389102936,0.7266134959645569,6.054323837161064,2029.6238408287675,4094.8424147618935,4094.8424147618935,51531364,5702089216,11127.0,88.0,11127.0,76.77498053464832,2.311710774898529,-0.014284196047810838,0.108729999512434,0.007960274815559387,0.0983683317899704,130.0,57.0,0.5912001132965088,0.24960005283355713,0.2214851975440979,0.28435593843460083,0.00011390625000000003,0.2518504858016968,2067,5.216921389102936,0.7266134959645569,2.123567819595337,0.43039020895957947,2.375,0.0,3.0833334922790527,0.43846153846153846,7.477176861912012,75.44
progress,exploration,11a591f7a2129484d555caf115fcdbf1a709a0c9,739,9080832,12288,False,5.4471420426853,0.727229995187372,6.216033271048218,1976.8233959159388,4101.058448032942,4101.058448032942,51531364,5702089216,11127.0,96.0,11127.0,76.77527216174184,1.952598087489605,-0.011296382392174564,0.09962643310427666,0.011524707078933716,0.1427815854549408,102.0,48.0,0.613010048866272,0.24964240193367004,0.22045187652111053,0.2841692864894867,7.593750000000004e-05,0.2514253258705139,1990,5.4471420426853,0.727229995187372,2.334686040878296,0.4882275462150574,2.0,0.0,2.25,0.47058823529411764,7.854122694432736,76.05
progress,exploration,11a591f7a2129484d555caf115fcdbf1a709a0c9,740,9093120,12288,False,5.574807595927268,0.721443422138691,6.325784569606185,1942.5258424134092,4107.384232602548,4107.384232602548,51531364,5702089216,11127.0,60.0,11127.0,76.77510351966873,1.8777449317276478,-0.01855643093585968,0.08984691649675369,0.016216078773140907,0.1932373195886612,121.0,54.0,0.6233724355697632,0.24891312420368195,0.21863572299480438,0.2830929756164551,3.3750000000000014e-05,0.2502288818359375,1951,5.574807595927268,0.721443422138691,2.0419905185699463,0.41929563879966736,2.25,0.0,2.7916667461395264,0.4462809917355372,7.538215823769569,77.14
progress,exploration,11a591f7a2129484d555caf115fcdbf1a709a0c9,741,9105408,12288,False,5.476587721146643,0.736384165007621,6.242407750338316,1968.471219992644,4113.626640352886,4113.626640352886,51531364,5702089216,11127.0,92.0,11127.0,76.77545219638243,1.6824995540082455,-0.015561274733045138,0.08443744108080864,0.013550996780395508,0.1663208156824112,250.0,46.0,0.6116265654563904,0.24938295781612396,0.21889913082122803,0.2829093039035797,7.593750000000002e-05,0.2503916323184967,1977,5.476587721146643,0.736384165007621,1.9049829244613647,0.356768935918808,1.9166667461395264,0.0,8.583333969116211,0.184,4.720645741857588,83.47
progress,exploration,11a591f7a2129484d555caf115fcdbf1a709a0c9,742,9117696,12288,False,5.293204335030168,0.7336172237992287,6.090232969727367,2017.6568057543584,4119.7168733226135,4119.7168733226135,51531364,5702089216,11127.0,87.0,11127.0,76.77554179566563,1.735829971730709,-0.016384276286771637,0.08672777563333511,0.01525486446917057,0.1765747219324112,124.0,53.0,0.606662392616272,0.24891507625579834,0.22023631632328033,0.28100165724754333,7.593750000000004e-05,0.25006648898124695,2038,5.293204335030168,0.7336172237992287,2.1942896842956543,0.4215172529220581,2.2083334922790527,0.0,3.0,0.4274193548387097,7.351024156175554,77.54
progress,exploration,11a591f7a2129484d555caf115fcdbf1a709a0c9,743,9129984,12288,False,5.486765092704445,0.7477001040242612,6.259766088332981,1963.0126472141676,4125.9766394109465,4125.9766394109465,51531364,5702089216,11127.0,85.0,11127.0,76.76661514683153,2.010067991912365,-0.019852379569783807,0.08577128499746323,0.01424768753349781,0.1744995266199112,101.0,40.0,0.6122504472732544,0.2483968883752823,0.22182361781597137,0.28052404522895813,7.593750000000004e-05,0.25024116039276123,1970,5.486765092704445,0.7477001040242612,1.9123544692993164,0.36200398206710815,1.6666667461395264,0.0,2.5833334922790527,0.39603960396039606,7.0736503085494045,79.03
progress,exploration,11a591f7a2129484d555caf115fcdbf1a709a0c9,744,9142272,12288,False,5.552757084835321,0.7334185540676117,6.316274652723223,1945.4505504604845,4132.29291406367,4132.29291406367,51531364,5702089216,11127.0,87.0,11127.0,76.76774691358025,1.6498018614947796,-0.015819328817997302,0.0900142453610897,0.015357748605310917,0.1821085810661316,134.0,57.0,0.6227214336395264,0.24813060462474823,0.2226887196302414,0.2804073095321655,2.2500000000000008e-05,0.2504192590713501,1954,5.552757084835321,0.7334185540676117,2.161198854446411,0.4350860118865967,2.375,0.0,3.2916667461395264,0.4253731343283582,7.2017500462383035,77.47
progress,exploration,11a591f7a2129484d555caf115fcdbf1a709a0c9,745,9154560,12288,False,5.359233541879803,0.7353289341554046,6.118612251244485,2008.2985316647091,4138.411526314914,4138.411526314914,51531364,5702089216,11127.0,67.0,11127.0,76.75622912920626,1.97890292853117,-0.015926645159197506,0.08464576676487923,0.012589309364557266,0.14801025390625,259.0,54.0,0.6197103261947632,0.2464534193277359,0.2228347510099411,0.2795361280441284,7.593750000000002e-05,0.24961835145950317,2016,5.359233541879803,0.7353289341554046,2.054164409637451,0.40366852283477783,2.25,0.0,8.583333969116211,0.2084942084942085,7.566735719051212,76.51
progress,exploration,11a591f7a2129484d555caf115fcdbf1a709a0c9,746,9166848,12288,False,5.226220277138054,0.7245297147892416,5.974897033069283,2056.6044790378087,4144.3864233479835,4144.3864233479835,51531364,5702089216,11127.0,74.0,11127.0,76.75865606565786,1.7635363042354584,-0.017565713922522264,0.08227484300732613,0.014780297875404358,0.1746826171875,100.0,43.0,0.6140408515930176,0.24645774066448212,0.22293058037757874,0.27965694665908813,0.00011390625000000006,0.24969656765460968,2064,5.226220277138054,0.7245297147892416,2.10300874710083,0.4138026237487793,1.8695652484893799,0.0,2.5217392444610596,0.43,7.546816050009802,76.45
progress,exploration,11a591f7a2129484d555caf115fcdbf1a709a0c9,747,9179136,12288,False,5.51626059692353,0.7302687759511173,6.268380072899163,1960.3150825404127,4150.654803420883,4150.654803420883,51531364,5702089216,11127.0,77.0,11127.0,76.74443021766966,1.9673916511237621,-0.019034901808481663,0.07386394590139389,0.014182353392243385,0.1724446564912796,123.0,54.0,0.6228299140930176,0.24541577696800232,0.22165901958942413,0.27902740240097046,7.593750000000004e-05,0.24871869385242462,1967,5.51626059692353,0.7302687759511173,2.0029306411743164,0.40716713666915894,2.25,0.0,2.9583334922790527,0.43902439024390244,7.435032176822424,76.1
progress,exploration,11a591f7a2129484d555caf115fcdbf1a709a0c9,748,9191424,12288,False,5.571522964164615,0.7271041958592832,6.3208555788733065,1944.0406202399483,4156.975658999756,4156.975658999756,51531364,5702089216,11127.0,87.0,11127.0,76.75044745589364,1.8767732977867126,-0.015048907866002992,0.0659002885222435,0.0142820468172431,0.1781005859375,260.0,57.0,0.6157227158546448,0.24462448060512543,0.2218453735113144,0.27807918190956116,5.0625000000000024e-05,0.24818870425224304,1950,5.571522964164615,0.7271041958592832,2.0750977993011475,0.40728864073753357,2.375,0.0,8.541666984558105,0.21923076923076923,2.9430077124387024,87.5
progress,exploration,11a591f7a2129484d555caf115fcdbf1a709a0c9,749,9203712,12288,False,5.2385400789789855,0.7210986129939556,5.983004045207053,2053.8177656496555,4162.958663044963,4162.958663044963,51531364,5702089216,11127.0,89.0,11127.0,76.74648966045443,1.707656741142273,-0.011802431079559028,0.06874760240316391,0.012571895495057106,0.1466471403837204,115.0,41.0,0.60009765625,0.24516093730926514,0.22267168760299683,0.2789129614830017,7.593750000000002e-05,0.24891985952854156,2061,5.2385400789789855,0.7210986129939556,1.9935829639434814,0.3985479772090912,1.7083333730697632,0.0,3.125,0.3565217391304348,6.435157162845135,79.28
progress,exploration,11a591f7a2129484d555caf115fcdbf1a709a0c9,750,9216000,12288,False,5.3335236348211765,0.7207667622715235,6.074296595994383,2022.9502800543464,4169.032959640957,4169.032959640957,51531364,5702089216,11127.0,88.0,11127.0,76.74400815910249,2.2266896963119507,-0.01664194284239784,0.07259197160601616,0.012055848725140095,0.1530354917049408,104.0,56.0,0.6129286289215088,0.2453981190919876,0.22216951847076416,0.2789912521839142,7.593750000000004e-05,0.24887414276599884,2029,5.3335236348211765,0.7207667622715235,2.486032724380493,0.5386646389961243,2.4347827434539795,0.0,2.08695650100708,0.5384615384615384,8.78123424552381,73.44
progress,exploration,11a591f7a2129484d555caf115fcdbf1a709a0c9,751,9228288,12288,False,5.571448551956564,0.727228804025799,6.32247361773625,1943.5431040042356,4175.355433258694,4175.355433258694,51531364,5702089216,11127.0,49.0,11127.0,76.73803462321793,1.8199257738888264,-0.019011969736311585,0.0710059218108654,0.012509830296039581,0.1556600034236908,130.0,44.0,0.6215006709098816,0.2443164885044098,0.22301369905471802,0.2784276306629181,5.062500000000002e-05,0.24859853088855743,1950,5.571448551956564,0.727228804025799,1.9168390035629272,0.3524019718170166,1.8333333730697632,0.0,3.625,0.3384615384615385,6.4613043640274554,78.85
