profile,plotted_stage,training_source_revision,iteration,transitions,iteration_transitions,warmup,rollout_seconds,ppo_seconds,iteration_seconds,transitions_per_second,wall_seconds,segment_wall_seconds,slurm_job_id,torch_peak_bytes,gpu_memory_mib,gpu_utilization_pct,gpu_peak_memory_mib,gpu_mean_utilization_pct,train/Loss/value,train/Loss/surrogate,train/Loss/entropy,train/Loss/diagnostic_kl,train/Loss/diagnostic_clip_fraction,train/Loss/diagnostic_completed_episodes,train/Loss/diagnostic_successes,train/Loss/diagnostic_action_saturation,train/Loss/diagnostic_action_std_0,train/Loss/diagnostic_action_std_1,train/Loss/diagnostic_action_std_2,train/Loss/learning_rate,train/Policy/mean_std,train/Perf/total_fps,train/Perf/collection_time,train/Perf/learning_time,train/Episode_Reward/task,train/Episode_Metrics/success_rate,train/Episode_Termination/success,train/Episode_Termination/failure,train/Episode_Termination/timeout,train/Loss/diagnostic_episode_weighted_success,train/Train/mean_reward,train/Train/mean_episode_length
progress,screen,434c37af8a3e1fc82611d6bb13d3fb55f28a2987,1,12288,12288,True,7.2164316480048,1.0904135140008293,8.306900765994214,1479.2520515356496,96.69582725800137,96.69582725800137,51505177,5500434432,9091.0,87.0,9091.0,3.375,0.0004806743299923255,0.0035788274849437585,1.5013587698340416,0.0076372623443603516,0.0987955778837204,0,0,0.012641060166060925,0.39541003108024597,0.40295326709747314,0.40522199869155884,0.01,0.401217520236969,1479,7.2164316480048,1.0904135140008293,,,,,,,,
progress,screen,434c37af8a3e1fc82611d6bb13d3fb55f28a2987,2,24576,12288,True,2.6852847160043893,0.7209177909971913,3.4350670679996256,3577.222731536297,100.130894326001,100.130894326001,51505177,5500434432,9093.0,90.0,9093.0,6.43956043956044,0.4108415609225631,-0.0026201908476650715,1.4812785349786282,0.011006752029061317,0.146240234375,0,0,0.0134548619389534,0.39426618814468384,0.3933178186416626,0.40377381443977356,0.006666666666666667,0.397506445646286,3607,2.6852847160043893,0.7209177909971913,,,,,,,,
progress,screen,434c37af8a3e1fc82611d6bb13d3fb55f28a2987,3,36864,12288,True,2.7869653169982485,0.7282057159973192,3.525678655001684,3485.2864377097153,103.65657298100268,103.65657298100268,51505177,5500434432,9093.0,99.0,9093.0,9.393617021276595,0.23291085613891482,-0.003455845537246205,1.4749644733965397,0.010194367729127407,0.13592529296875,0,0,0.0128309465944767,0.3917793929576874,0.4004548490047455,0.3949221968650818,0.006666666666666667,0.39484283328056335,3495,2.7869653169982485,0.7282057159973192,,,,,,,,
progress,screen,434c37af8a3e1fc82611d6bb13d3fb55f28a2987,4,49152,12288,False,2.708124377997592,0.7411721509997733,3.458694243003265,3552.785859824962,107.11526722400595,107.11526722400595,51505177,5702088704,9093.0,99.0,9093.0,12.175257731958762,0.17203990928828716,-0.0029916736893937923,1.478209227323532,0.010969748720526695,0.14349365234375,512.0,0.0,0.013102213852107525,0.38835039734840393,0.39786988496780396,0.39920544624328613,0.01,0.39580032229423523,3562,2.708124377997592,0.7411721509997733,-0.12267397344112396,0.0,0.0,0.0,512.0,0.0,-0.3740722254663706,88.0
progress,screen,434c37af8a3e1fc82611d6bb13d3fb55f28a2987,5,61440,12288,False,2.1184550039979513,0.7153095190005843,2.8503674079984194,4311.023191437927,109.96563463200437,109.96563463200437,51505177,5702088704,10825.0,100.0,10825.0,14.69,0.10615953686647117,-0.0008533599102520384,1.433921866118908,0.011074956506490707,0.1412353664636612,0,0,0.011664497666060925,0.3860279619693756,0.39282292127609253,0.39687466621398926,0.006666666666666667,0.3924163281917572,4336,2.1184550039979513,0.7153095190005843,-0.12267397344112396,0.0,0.0,0.0,512.0,0.0,-0.3740722254663706,88.0
progress,screen,434c37af8a3e1fc82611d6bb13d3fb55f28a2987,6,73728,12288,False,2.7802021999959834,0.7201456420007162,3.512544949000585,3498.318221805609,113.47817958100495,113.47817958100495,51505177,5702088704,10825.0,99.0,10825.0,17.155339805825243,0.12166354479268193,-0.009436464970349334,1.4533166252076626,0.01439280528575182,0.18548583984375,0,0,0.01095920242369175,0.3819032311439514,0.3897712826728821,0.3998516798019409,0.002962962962962963,0.3906840682029724,3510,2.7802021999959834,0.7201456420007162,-0.12267397344112396,0.0,0.0,0.0,512.0,0.0,-0.3740722254663706,88.0
progress,screen,434c37af8a3e1fc82611d6bb13d3fb55f28a2987,7,86016,12288,False,2.775531264000165,0.7293588489992544,3.5383845469987136,3472.7712143166523,117.01656412800367,117.01656412800367,51505177,5702088704,10825.0,86.0,10825.0,19.990654205607477,0.07946941279806197,-0.007989256504515652,1.4102240428328514,0.012484252452850342,0.16351318359375,0,0,0.0134548619389534,0.3756730854511261,0.3887503445148468,0.39823392033576965,0.0013168724279835392,0.38757064938545227,3505,2.775531264000165,0.7293588489992544,-0.12267397344112396,0.0,0.0,0.0,512.0,0.0,-0.3740722254663706,88.0
progress,screen,434c37af8a3e1fc82611d6bb13d3fb55f28a2987,8,98304,12288,False,2.3262705550005194,0.7435488800038002,3.083591308997711,3984.9638842036056,120.10015543700138,120.10015543700138,51505177,5702088704,10825.0,89.0,10825.0,22.054545454545455,0.11933960800524801,-0.01216227542681736,1.3880788572132587,0.013745629228651524,0.1693115234375,512.0,0.0,0.01193576492369175,0.3719162940979004,0.38295966386795044,0.39458122849464417,0.0013168724279835394,0.38324594497680664,4002,2.3262705550005194,0.7435488800038002,-0.08477688580751419,0.0,0.0,0.0,512.0,0.0,-0.3121266885101795,88.0
progress,screen,434c37af8a3e1fc82611d6bb13d3fb55f28a2987,9,110592,12288,False,2.4005015099974116,0.7196035180022591,3.1356108250038233,3918.8536734258205,123.2357662620052,123.2357662620052,51505177,5702088704,10825.0,88.0,10825.0,24.0,0.06636259844526649,-0.008789962135779206,1.3648872189223766,0.011559349484741688,0.1501464992761612,0,0,0.010416666977107525,0.36932483315467834,0.3784795105457306,0.39162173867225647,0.001975308641975309,0.379845529794693,3938,2.4005015099974116,0.7196035180022591,-0.08477688580751419,0.0,0.0,0.0,512.0,0.0,-0.3121266885101795,88.0
progress,screen,434c37af8a3e1fc82611d6bb13d3fb55f28a2987,10,122880,12288,False,2.7570480950016645,0.7191665909995208,3.4902600009954767,3520.6546207145802,126.72602626300068,126.72602626300068,51505177,5702088704,10825.0,93.0,10825.0,25.887931034482758,0.06922335736453533,-0.015843707835301757,1.3522446677088737,0.014473389834165573,0.1887614130973816,0,0,0.011881510727107525,0.3678784668445587,0.37269318103790283,0.39521467685699463,0.0013168724279835394,0.37866464257240295,3534,2.7570480950016645,0.7191665909995208,-0.08477688580751419,0.0,0.0,0.0,512.0,0.0,-0.3121266885101795,88.0
progress,screen,434c37af8a3e1fc82611d6bb13d3fb55f28a2987,11,135168,12288,False,2.861260047000542,0.721377071000461,3.594519484002376,3418.5375972194556,130.32054574700305,130.32054574700305,51505177,5702088704,10825.0,100.0,10825.0,27.73949579831933,0.1606652899645269,-0.012380198526443564,1.3316866531968117,0.013450422324240208,0.1758015900850296,512.0,0.0,0.013237847946584225,0.36416420340538025,0.36777228116989136,0.39490172266960144,0.0013168724279835394,0.3756735026836395,3429,2.861260047000542,0.721377071000461,-0.07975988835096359,0.0,0.0,0.0,512.0,0.0,-0.1424655683338642,88.0
progress,screen,434c37af8a3e1fc82611d6bb13d3fb55f28a2987,12,147456,12288,False,1.933385795004142,0.7205146059932304,2.6798415110024507,4585.345793603823,133.0003872580055,133.0003872580055,51505177,5702088704,10825.0,99.0,10825.0,29.401639344262296,0.01948625239310786,0.0012042349117109552,1.3714514002203941,0.011751110665500164,0.14013671875,0,0,0.008897569961845875,0.37357768416404724,0.3690343499183655,0.40477266907691956,0.006666666666666668,0.38197413086891174,4630,1.933385795004142,0.7205146059932304,-0.07975988835096359,0.0,0.0,0.0,512.0,0.0,-0.1424655683338642,88.0
progress,screen,434c37af8a3e1fc82611d6bb13d3fb55f28a2987,13,159744,12288,False,2.6724274160005734,0.7170778139989125,3.405411728999752,3608.3742518879703,136.40579898700526,136.40579898700526,51505177,5702088704,10825.0,100.0,10825.0,31.08,0.09772070520557463,-0.009149118243840348,1.3270603343844414,0.018704764544963837,0.2178955078125,0,0,0.013129341416060925,0.36841198801994324,0.35939979553222656,0.40057963132858276,0.00026012294873748923,0.376104474067688,3625,2.6724274160005734,0.7170778139989125,-0.07975988835096359,0.0,0.0,0.0,512.0,0.0,-0.1424655683338642,88.0
progress,screen,434c37af8a3e1fc82611d6bb13d3fb55f28a2987,14,172032,12288,False,2.7591326059991843,0.718263194001338,3.503106003998255,3507.7442663668025,139.9089049910035,139.9089049910035,51505177,5702088704,10825.0,90.0,10825.0,32.883720930232556,0.07783975871279836,-0.016363954830012517,1.319919791072607,0.010706296190619469,0.14129638671875,0,0,0.01171875,0.3651638627052307,0.35864928364753723,0.3987579643726349,0.0013168724279835394,0.37434032559394836,3533,2.7591326059991843,0.718263194001338,-0.07975988835096359,0.0,0.0,0.0,512.0,0.0,-0.1424655683338642,88.0
progress,screen,434c37af8a3e1fc82611d6bb13d3fb55f28a2987,15,184320,12288,False,2.583957396003825,0.7335455969950999,3.3288807999997516,3691.3307319387695,143.23778579100326,143.23778579100326,51505177,5702088704,10825.0,89.0,10825.0,34.31060606060606,0.1575614472385496,-0.015833997080335394,1.276927899569273,0.01598384417593479,0.1877238005399704,512.0,0.0,0.012369791977107525,0.35785892605781555,0.35542452335357666,0.39600974321365356,0.0008779149519890263,0.3698600232601166,3703,2.583957396003825,0.7335455969950999,-0.04731176421046257,0.0,0.0,0.0,512.0,0.0,-0.18181631173938512,88.0
progress,screen,434c37af8a3e1fc82611d6bb13d3fb55f28a2987,16,196608,12288,False,2.0806252289985423,0.7176878099999158,2.8154237780036055,4364.529452370159,146.05320956900687,146.05320956900687,51505177,5702088704,10825.0,99.0,10825.0,35.276119402985074,0.03257780510466546,-0.003604109544539824,1.2564576044678688,0.011790172196924686,0.1461588591337204,0,0,0.00984700582921505,0.35760730504989624,0.3517332077026367,0.39421677589416504,0.0029629629629629637,0.3680764436721802,4391,2.0806252289985423,0.7176878099999158,-0.04731176421046257,0.0,0.0,0.0,512.0,0.0,-0.18181631173938512,88.0
progress,screen,434c37af8a3e1fc82611d6bb13d3fb55f28a2987,17,208896,12288,False,2.742457161002676,0.7178526379939285,3.472307206997357,3538.8573842882774,149.52551677600422,149.52551677600422,51505177,5702088704,10825.0,89.0,10825.0,36.971014492753625,0.06031772610731423,-0.015631332600605674,1.2168144285678864,0.015560591593384743,0.19171142578125,0,0,0.012396919541060925,0.35378435254096985,0.3444669246673584,0.39062854647636414,0.0003901844231062339,0.36298221349716187,3551,2.742457161002676,0.7178526379939285,-0.04731176421046257,0.0,0.0,0.0,512.0,0.0,-0.18181631173938512,88.0
progress,screen,434c37af8a3e1fc82611d6bb13d3fb55f28a2987,18,221184,12288,False,2.719383667994407,0.7095120010053506,3.4415127789980033,3570.5228453568757,152.96702955500223,152.96702955500223,51505177,5702088704,10825.0,100.0,10825.0,38.297872340425535,0.05151362542528659,-0.02153802031534724,1.2177388072013855,0.013137675821781158,0.1677449643611908,0,0,0.012993707321584225,0.35010749101638794,0.3444751501083374,0.39340096712112427,0.0013168724279835394,0.36276236176490784,3583,2.719383667994407,0.7095120010053506,-0.04731176421046257,0.0,0.0,0.0,512.0,0.0,-0.18181631173938512,88.0
progress,screen,434c37af8a3e1fc82611d6bb13d3fb55f28a2987,19,233472,12288,False,2.2956722199960495,0.7348636660026386,3.0415555670042522,4040.037977048348,156.00858512200648,156.00858512200648,51505177,5702088704,10825.0,89.0,10825.0,39.49305555555556,0.11962699773721397,-0.018667426542378962,1.1849398277699947,0.016064342111349106,0.1579793393611908,512.0,0.0,0.010308160446584225,0.34473562240600586,0.34038519859313965,0.3890523910522461,0.0003901844231062339,0.358086496591568,4054,2.2956722199960495,0.7348636660026386,-0.0011788320261985064,0.0,0.0,0.0,512.0,0.0,-0.0699312848597765,88.0
progress,screen,434c37af8a3e1fc82611d6bb13d3fb55f28a2987,20,245760,12288,False,2.3741016010026215,0.7189295849966584,3.150343260997033,3900.5273336820587,159.1589283830035,159.1589283830035,51505177,5702088704,10825.0,97.0,10825.0,40.69387755102041,0.039051132393069565,-0.01675546041224152,1.1543277986347675,0.012453236617147923,0.1496175229549408,0,0,0.009819879196584225,0.34228450059890747,0.3355448544025421,0.3843716084957123,0.0008779149519890263,0.35424160957336426,3972,2.3741016010026215,0.7189295849966584,-0.0011788320261985064,0.0,0.0,0.0,512.0,0.0,-0.0699312848597765,88.0
progress,screen,434c37af8a3e1fc82611d6bb13d3fb55f28a2987,21,258048,12288,False,2.7050061850022757,0.717972999002086,3.44547779399727,3566.413929994911,162.60440617700078,162.60440617700078,51505177,5702088704,10825.0,100.0,10825.0,41.86666666666667,0.047545759472995996,-0.015008008413133211,1.1079358719289303,0.013960687443614006,0.17340087890625,0,0,0.013590495102107525,0.3373819887638092,0.3320295214653015,0.38082846999168396,0.00017341529915832616,0.3500998318195343,3589,2.7050061850022757,0.717972999002086,-0.0011788320261985064,0.0,0.0,0.0,512.0,0.0,-0.0699312848597765,88.0
progress,screen,434c37af8a3e1fc82611d6bb13d3fb55f28a2987,22,270336,12288,False,2.8079100429968094,0.7196452800053521,3.5383699250014615,3472.7855652330995,166.14277610200224,166.14277610200224,51505177,5702088704,10825.0,88.0,10825.0,43.285714285714285,0.20953169465065002,-0.02206328535976354,1.0801412351429462,0.014287039637565613,0.1782430112361908,512.0,0.0,0.0144314244389534,0.3318856358528137,0.32678940892219543,0.37790197134017944,0.0003901844231062339,0.34558162093162537,3483,2.8079100429968094,0.7196452800053521,0.0177172739058733,0.0,0.0,0.0,512.0,0.0,0.19888645354658366,88.0
progress,screen,434c37af8a3e1fc82611d6bb13d3fb55f28a2987,23,282624,12288,False,1.892242914000235,0.7277783140016254,2.6390793210011907,4656.169256533861,168.78185542300344,168.78185542300344,51505177,5702088704,10825.0,99.0,10825.0,44.0,0.004106444459466729,-0.0011105690500698984,1.080309171229601,0.00825923029333353,0.1065266951918602,0,0,0.006456163711845875,0.3324253261089325,0.3273000419139862,0.3836706876754761,0.001975308641975309,0.3481826186180115,4690,1.892242914000235,0.7277783140016254,0.0177172739058733,0.0,0.0,0.0,512.0,0.0,0.19888645354658366,88.0
progress,screen,434c37af8a3e1fc82611d6bb13d3fb55f28a2987,24,294912,12288,False,2.602325251995353,0.719104146999598,3.334943055997428,3684.620634796673,172.11679847900086,172.11679847900086,51505177,5702088704,10825.0,99.0,10825.0,45.0440251572327,0.03681757068261504,-0.014114898658590391,1.0511904917657375,0.02141992747783661,0.2369791865348816,0,0,0.010687935166060925,0.32701370120048523,0.3217602074146271,0.3836038410663605,1e-05,0.344124436378479,3699,2.602325251995353,0.719104146999598,0.0177172739058733,0.0,0.0,0.0,512.0,0.0,0.19888645354658366,88.0
progress,screen,434c37af8a3e1fc82611d6bb13d3fb55f28a2987,25,307200,12288,False,2.7006111039954703,0.7196525810068124,3.448316637004609,3563.477862831648,175.56511511600547,175.56511511600547,51505177,5702088704,10825.0,88.0,10825.0,46.31288343558282,0.04397267219610512,-0.0140983860619599,1.0293999314308167,0.006553574465215206,0.0844319611787796,0,0,0.01057942770421505,0.3223453462123871,0.3165495991706848,0.37849482893943787,0.0005766503906250003,0.3392553925514221,3592,2.7006111039954703,0.7196525810068124,0.0177172739058733,0.0,0.0,0.0,512.0,0.0,0.19888645354658366,88.0
progress,screen,434c37af8a3e1fc82611d6bb13d3fb55f28a2987,26,319488,12288,False,2.537710099000833,0.7392777759960154,3.313867011995171,3708.0546550363215,178.87898212800064,178.87898212800064,51505177,5702088704,10825.0,89.0,10825.0,46.963855421686745,0.13979671825654805,-0.02017637938115513,0.9586724042892456,0.01208855863660574,0.1514078825712204,512.0,0.0,0.01011827401816845,0.3156028091907501,0.30611324310302734,0.37527528405189514,0.0005766503906250003,0.3322780430316925,3749,2.537710099000833,0.7392777759960154,0.002541804453358054,0.0,0.0,0.0,512.0,0.0,-0.012683009430766105,88.0
progress,screen,434c37af8a3e1fc82611d6bb13d3fb55f28a2987,27,331776,12288,False,2.0807317990038428,0.7185515369928908,2.8362294340040535,4332.51268486146,181.7152115620047,181.7152115620047,51505177,5702088704,10825.0,100.0,10825.0,47.589285714285715,0.01589949053595774,-0.0032285470151691698,0.9292659182101488,0.011946744285523891,0.14678955078125,0,0,0.007080078125,0.3152667284011841,0.30288034677505493,0.37353748083114624,0.0008649755859375004,0.3305753767490387,4389,2.0807317990038428,0.7185515369928908,0.002541804453358054,0.0,0.0,0.0,512.0,0.0,-0.012683009430766105,88.0
progress,screen,434c37af8a3e1fc82611d6bb13d3fb55f28a2987,28,344064,12288,False,2.697782515999279,0.7192878930000006,3.4381548460005433,3574.0100578349748,185.15336640800524,185.15336640800524,51505177,5702088704,10825.0,90.0,10825.0,48.68023255813954,0.033734413678757846,-0.01810745245893486,0.9028355330228806,0.014812013134360313,0.2007242888212204,0,0,0.009819879196584225,0.3120178282260895,0.3002091646194458,0.3724607527256012,0.00017085937500000009,0.32820791006088257,3596,2.697782515999279,0.7192878930000006,0.002541804453358054,0.0,0.0,0.0,512.0,0.0,-0.012683009430766105,88.0
progress,screen,434c37af8a3e1fc82611d6bb13d3fb55f28a2987,29,356352,12288,False,2.667882620000455,0.717941440998402,3.397315180001897,3616.9738010569686,188.55068158800714,188.55068158800714,51505177,5702088704,10825.0,90.0,10825.0,49.49142857142857,0.030945448379497975,-0.019005632902008074,0.9033275730907917,0.010680905543267727,0.14111328125,0,0,0.01047092117369175,0.31059443950653076,0.29818427562713623,0.37315064668655396,0.0008649755859375004,0.32741478085517883,3629,2.667882620000455,0.717941440998402,0.002541804453358054,0.0,0.0,0.0,512.0,0.0,-0.012683009430766105,88.0
progress,screen,434c37af8a3e1fc82611d6bb13d3fb55f28a2987,30,368640,12288,False,2.2688201519995346,0.7453977670011227,3.025486312995781,4061.495815471942,191.57616790100292,191.57616790100292,51505177,5702088704,10825.0,87.0,10825.0,50.258426966292134,0.10717944661155343,-0.016433013885034597,0.84357625618577,0.01083541288971901,0.1327514797449112,512.0,0.0,0.0081922747194767,0.30051907896995544,0.2917385697364807,0.3657699227333069,0.0008649755859375004,0.31940698623657227,4076,2.2688201519995346,0.7453977670011227,-0.0069660525768995285,0.0,0.0,0.0,512.0,0.0,-0.0793620004877448,88.0
progress,screen,434c37af8a3e1fc82611d6bb13d3fb55f28a2987,31,380928,12288,False,2.327386271004798,0.7258210749932914,3.0698253640002804,4002.8335631403943,194.6459932650032,194.6459932650032,51505177,5702088704,10825.0,89.0,10825.0,51.01657458563536,0.024215752840973437,-0.01206616910349112,0.8147766124457121,0.01241232268512249,0.1451822966337204,0,0,0.00775824673473835,0.29836103320121765,0.29260754585266113,0.36467620730400085,0.00038443359375000017,0.3185761272907257,4024,2.327386271004798,0.7258210749932914,-0.0069660525768995285,0.0,0.0,0.0,512.0,0.0,-0.0793620004877448,88.0
progress,screen,434c37af8a3e1fc82611d6bb13d3fb55f28a2987,32,393216,12288,False,2.6668185320013436,0.7288778060028562,3.420198266998341,3592.7741729383083,198.06619153200154,198.06619153200154,51505177,5702088704,10825.0,87.0,10825.0,51.73913043478261,0.02956893516238779,-0.020470718562137336,0.7714350298047066,0.014619821682572365,0.1791178435087204,0,0,0.008897569961845875,0.2911478281021118,0.289255827665329,0.3583262860774994,0.00011390625000000006,0.3129335641860962,3618,2.6668185320013436,0.7288778060028562,-0.0069660525768995285,0.0,0.0,0.0,512.0,0.0,-0.0793620004877448,88.0
progress,screen,434c37af8a3e1fc82611d6bb13d3fb55f28a2987,33,405504,12288,False,2.769181067000318,0.7276282189995982,3.512184006998723,3498.677738841053,201.57837553900026,201.57837553900026,51505177,5702088704,10825.0,99.0,10825.0,52.49732620320856,0.19783676136285067,-0.01909998495830223,0.7330564875155687,0.009607824496924877,0.1255289763212204,512.0,0.0,0.0096571184694767,0.28628814220428467,0.28301918506622314,0.3552228510379791,0.0005766503906250003,0.30824828147888184,3514,2.769181067000318,0.7276282189995982,0.05226166173815727,0.0,0.0,0.0,512.0,0.0,0.22554728981107475,88.0
progress,screen,434c37af8a3e1fc82611d6bb13d3fb55f28a2987,34,417792,12288,False,1.8950025380036095,0.7260079600018798,2.644736231006391,4646.210028787671,204.22311177000665,204.22311177000665,51505177,5702088704,10825.0,88.0,10825.0,53.036842105263155,0.003149005864543142,-0.0009117046720348299,0.7450211718678474,0.01193237118422985,0.1443074643611908,0,0,0.0039876303635537624,0.28793370723724365,0.2891468107700348,0.3593449890613556,0.0005766503906250003,0.31221696734428406,4688,1.8950025380036095,0.7260079600018798,0.05226166173815727,0.0,0.0,0.0,512.0,0.0,0.22554728981107475,88.0
progress,screen,434c37af8a3e1fc82611d6bb13d3fb55f28a2987,35,430080,12288,False,2.604554213998199,0.7257129959980375,3.357166125999356,3660.2299495507173,207.580277896006,207.580277896006,51505177,5702088704,10825.0,100.0,10825.0,53.75647668393783,0.03410029213409871,-0.020597627695678966,0.7303692903369665,0.013779220171272755,0.1722005307674408,0,0,0.0078125,0.2843254804611206,0.2866823077201843,0.3592889904975891,0.0005766503906250003,0.3100983202457428,3689,2.604554213998199,0.7257129959980375,0.05226166173815727,0.0,0.0,0.0,512.0,0.0,0.22554728981107475,88.0
progress,screen,434c37af8a3e1fc82611d6bb13d3fb55f28a2987,36,442368,12288,False,2.6638810299991746,0.7248433179993299,3.400148688997433,3613.959601167688,210.98042658500344,210.98042658500344,51505177,5702088704,10825.0,99.0,10825.0,54.44897959183673,0.02610858081607148,-0.02231794848012214,0.7030123807489872,0.014698058366775513,0.1874186098575592,0,0,0.00984700582921505,0.2789839506149292,0.284461110830307,0.35700803995132446,0.00038443359375000017,0.3068564832210541,3626,2.6638810299991746,0.7248433179993299,0.05226166173815727,0.0,0.0,0.0,512.0,0.0,0.22554728981107475,88.0
progress,screen,434c37af8a3e1fc82611d6bb13d3fb55f28a2987,37,454656,12288,False,2.5220757299975958,0.7371290049995878,3.271123421000084,3756.5076025909098,214.25155000600353,214.25155000600353,51505177,5702088704,10825.0,99.0,10825.0,55.04522613065327,0.1626264345832169,-0.02000823825073894,0.6731555052101612,0.014469402842223644,0.1736653596162796,512.0,0.0,0.00849066860973835,0.2745230793952942,0.2804391384124756,0.3564375042915344,0.00017085937500000009,0.3038046061992645,3770,2.5220757299975958,0.7371290049995878,-0.009411830455064774,0.0,0.0,0.0,512.0,0.0,0.0801593504846096,88.0
progress,screen,434c37af8a3e1fc82611d6bb13d3fb55f28a2987,38,466944,12288,False,2.0637413719960023,0.7163795880042017,2.7958727099976386,4395.049873357925,217.04742271600117,217.04742271600117,51505177,5702088704,10825.0,90.0,10825.0,55.56930693069307,0.014824132231296971,-0.00701718770574189,0.651466965675354,0.009465059265494347,0.1171061247587204,0,0,0.005289713852107525,0.27209216356277466,0.27602916955947876,0.3560751974582672,0.0012974633789062506,0.3016189932823181,4419,2.0637413719960023,0.7163795880042017,-0.009411830455064774,0.0,0.0,0.0,512.0,0.0,0.0801593504846096,88.0
progress,screen,434c37af8a3e1fc82611d6bb13d3fb55f28a2987,39,479232,12288,False,2.6803506090000155,0.716046178000397,3.411051116003364,3602.4086365488174,220.45847383200453,220.45847383200453,51505177,5702088704,10825.0,99.0,10825.0,56.204878048780486,0.025051675795111805,-0.0176095408933179,0.6068238951265812,0.014336694031953812,0.1775716245174408,0,0,0.010118273086845875,0.2683311700820923,0.2730153203010559,0.34988561272621155,0.0002562890625000001,0.29716143012046814,3617,2.6803506090000155,0.716046178000397,-0.009411830455064774,0.0,0.0,0.0,512.0,0.0,0.0801593504846096,88.0
progress,screen,434c37af8a3e1fc82611d6bb13d3fb55f28a2987,40,491520,12288,False,2.646179196999583,0.7180524240029627,3.382396921995678,3632.9266740078065,223.8408707540002,223.8408707540002,51505177,5702088704,10825.0,99.0,10825.0,56.82211538461539,0.023231854487676173,-0.021511517741600983,0.5654100030660629,0.012799669057130814,0.1703287959098816,0,0,0.010118273086845875,0.26512184739112854,0.2684926986694336,0.34761857986450195,0.0002562890625000001,0.29374948143959045,3652,2.646179196999583,0.7180524240029627,-0.009411830455064774,0.0,0.0,0.0,512.0,0.0,0.0801593504846096,88.0
progress,screen,434c37af8a3e1fc82611d6bb13d3fb55f28a2987,41,503808,12288,False,2.2559997610005667,0.7355143770037103,3.002234731000499,4092.951118417382,226.8431054850007,226.8431054850007,51505177,5702088704,10825.0,99.0,10825.0,57.3696682464455,0.12297738925553858,-0.017311548417637823,0.5136285461485386,0.012885547243058681,0.1509806215763092,512.0,0.0,0.007568359375,0.2601904571056366,0.26118215918540955,0.33810338377952576,0.0002562890625000001,0.2864774167537689,4107,2.2559997610005667,0.7355143770037103,0.04908457025885582,0.0,0.0,0.0,512.0,0.0,0.10609275283291936,88.0
progress,screen,434c37af8a3e1fc82611d6bb13d3fb55f28a2987,42,516096,12288,False,2.3251461850013584,0.7157132560023456,3.062946149002528,4011.823715543181,229.90605163400323,229.90605163400323,51505177,5702088704,10825.0,99.0,10825.0,57.87850467289719,0.022569312539417297,-0.01348000992584275,0.46307743713259697,0.010483174584805965,0.1349080502986908,0,0,0.005533854477107525,0.2590630054473877,0.25843334197998047,0.33261069655418396,0.00038443359375000017,0.2833741009235382,4040,2.3251461850013584,0.7157132560023456,0.04908457025885582,0.0,0.0,0.0,512.0,0.0,0.10609275283291936,88.0
progress,screen,434c37af8a3e1fc82611d6bb13d3fb55f28a2987,43,528384,12288,False,2.6623313590025646,0.7183474490011577,3.3940611549987807,3620.4415415150097,233.30011278900201,233.30011278900201,51505177,5702088704,10825.0,99.0,10825.0,58.44700460829493,0.023714278009720147,-0.020838712531258352,0.43214789777994156,0.015493948012590408,0.1954752653837204,0,0,0.007975260727107525,0.2544017732143402,0.2560392916202545,0.33224132657051086,7.593750000000004e-05,0.2809107303619385,3634,2.6623313590025646,0.7183474490011577,0.04908457025885582,0.0,0.0,0.0,512.0,0.0,0.10609275283291936,88.0
progress,screen,434c37af8a3e1fc82611d6bb13d3fb55f28a2987,44,540672,12288,False,2.756199082999956,0.72736152500147,3.4957738560042344,3515.1015214827203,236.79588664500625,236.79588664500625,51505177,5702088704,10825.0,89.0,10825.0,59.05429864253394,0.18454929487779737,-0.014912837053998373,0.4026407301425934,0.011906151659786701,0.1519978940486908,512.0,0.0,0.010308160446584225,0.25015145540237427,0.2530629634857178,0.33093056082725525,0.00011390625000000006,0.2780667841434479,3527,2.756199082999956,0.72736152500147,0.018519900739192963,0.0,0.0,0.0,512.0,0.0,0.16418660163879395,88.0
progress,screen,434c37af8a3e1fc82611d6bb13d3fb55f28a2987,45,552960,12288,False,1.8949776669978746,0.7257296910029254,2.665485051998985,4610.042735292998,239.46137169700523,239.46137169700523,51505177,5702088704,10825.0,99.0,10825.0,59.412556053811656,0.0024128791155817453,-0.0016800672747194767,0.3836708292365074,0.010842563584446907,0.1394856870174408,0,0,0.004448784980922937,0.24956625699996948,0.25150972604751587,0.33631184697151184,0.0008649755859375004,0.2790006101131439,4688,1.8949776669978746,0.7257296910029254,0.018519900739192963,0.0,0.0,0.0,512.0,0.0,0.16418660163879395,88.0
progress,screen,434c37af8a3e1fc82611d6bb13d3fb55f28a2987,46,565248,12288,False,2.597286434000125,0.7256867570031318,3.344570531997306,3674.014311386601,242.80594222900254,242.80594222900254,51505177,5702088704,10825.0,99.0,10825.0,59.84070796460177,0.02894237620057538,-0.015643751561583485,0.40282781794667244,0.014904799871146679,0.1775919646024704,0,0,0.007052951958030462,0.24840211868286133,0.2519526779651642,0.3375374376773834,0.00017085937500000009,0.2793225646018982,3697,2.597286434000125,0.7256867570031318,0.018519900739192963,0.0,0.0,0.0,512.0,0.0,0.16418660163879395,88.0
progress,screen,434c37af8a3e1fc82611d6bb13d3fb55f28a2987,47,577536,12288,False,2.647325621001073,0.7136419919988839,3.372758174999035,3643.308936610469,246.17870040400157,246.17870040400157,51505177,5702088704,10825.0,89.0,10825.0,60.42173913043478,0.02682547614676878,-0.017561975757416803,0.3872823938727379,0.011753221973776817,0.1461385190486908,0,0,0.00813802145421505,0.24554972350597382,0.24970181286334991,0.3362068831920624,0.00017085937500000009,0.27720907330513,3656,2.647325621001073,0.7136419919988839,0.018519900739192963,0.0,0.0,0.0,512.0,0.0,0.16418660163879395,88.0
progress,screen,434c37af8a3e1fc82611d6bb13d3fb55f28a2987,48,589824,12288,False,2.509645485006331,0.7390756929962663,3.2612853739992715,3767.8395450967196,249.43998577800085,249.43998577800085,51505177,5702088704,10825.0,90.0,10825.0,60.84549356223176,0.1850050233770162,-0.01998299115075497,0.32814789935946465,0.012329118326306343,0.1502685546875,512.0,0.0,0.0085720494389534,0.23867329955101013,0.2455199956893921,0.32808881998062134,0.0002562890625000001,0.2707411050796509,3782,2.509645485006331,0.7390756929962663,0.08812924474477768,0.0,0.0,0.0,512.0,0.0,0.3680503245443106,88.0
progress,screen,434c37af8a3e1fc82611d6bb13d3fb55f28a2987,49,602112,12288,False,2.077648318001593,0.7211331170037738,2.8419971100011026,4323.720089917767,252.28198288800195,252.28198288800195,51505177,5702088704,10825.0,99.0,10825.0,61.170212765957444,0.013612206268589944,-0.007109598882379942,0.2950018309056759,0.01127687469124794,0.1426188200712204,0,0,0.0064290366135537624,0.23739512264728546,0.24362577497959137,0.328169584274292,0.0012974633789062506,0.2696949541568756,4390,2.077648318001593,0.7211331170037738,0.08812924474477768,0.0,0.0,0.0,512.0,0.0,0.3680503245443106,88.0
progress,screen,434c37af8a3e1fc82611d6bb13d3fb55f28a2987,50,614400,12288,False,2.6743799899995793,0.721434049999516,3.4161829849981586,3596.9970150784015,255.6981658730001,255.6981658730001,51505177,5702088704,10825.0,90.0,10825.0,61.72384937238494,0.0320136928348802,-0.011854882803163491,0.3028855100274086,0.01793380081653595,0.1897989958524704,0,0,0.008843316696584225,0.23694229125976562,0.2463093250989914,0.328421026468277,1.5000000000000005e-05,0.2705618143081665,3618,2.6743799899995793,0.721434049999516,0.08812924474477768,0.0,0.0,0.0,512.0,0.0,0.3680503245443106,88.0
progress,screen,434c37af8a3e1fc82611d6bb13d3fb55f28a2987,51,626688,12288,False,2.6600694680018933,0.7166961039984017,3.3897106510048616,3625.0881756993886,259.08787652400497,259.08787652400497,51505177,5702088704,10825.0,88.0,10825.0,62.14049586776859,0.030836133169941604,-0.017140695303169196,0.2932000607252121,0.008139843121170998,0.1017049252986908,0,0,0.008463541977107525,0.2362416386604309,0.24302910268306732,0.327276349067688,0.00038443359375000017,0.2689198851585388,3638,2.6600694680018933,0.7166961039984017,0.08812924474477768,0.0,0.0,0.0,512.0,0.0,0.3680503245443106,88.0
progress,screen,434c37af8a3e1fc82611d6bb13d3fb55f28a2987,52,638976,12288,False,2.256240783004614,0.7392985989936278,3.025072888995055,4062.050883039098,262.112949413,262.112949413,51505177,5702088704,10825.0,88.0,10825.0,62.55102040816327,0.14035828947089612,-0.01933503875261522,0.2744137607514858,0.014786163344979286,0.16009521484375,512.0,0.0,0.00678168423473835,0.2351970076560974,0.24520844221115112,0.32360637187957764,0.00038443359375000017,0.2680114209651947,4102,2.256240783004614,0.7392985989936278,0.08245232701301575,0.0,0.0,0.0,512.0,0.0,0.20427450038492678,88.0
progress,screen,434c37af8a3e1fc82611d6bb13d3fb55f28a2987,53,651264,12288,False,2.3406837529983022,0.7192186289976235,3.079682400006277,3990.021828216752,265.1926318130063,265.1926318130063,51505177,5702088704,10825.0,90.0,10825.0,62.95564516129032,0.02314249871415086,-0.01678490742415306,0.2336660847067833,0.01451616920530796,0.1725260466337204,0,0,0.007975260727107525,0.23011505603790283,0.24043413996696472,0.3205324113368988,0.00038443359375000017,0.2636652886867523,4015,2.3406837529983022,0.7192186289976235,0.08245232701301575,0.0,0.0,0.0,512.0,0.0,0.20427450038492678,88.0
progress,screen,434c37af8a3e1fc82611d6bb13d3fb55f28a2987,54,663552,12288,False,2.66865779300133,0.7264104049972957,3.410043620999204,3603.472965662356,268.6026754340055,268.6026754340055,51505177,5702088704,10825.0,87.0,10825.0,63.33864541832669,0.026141738111618906,-0.020218755656969734,0.22294281050562859,0.013402942568063736,0.1712646484375,0,0,0.008355035446584225,0.22765560448169708,0.24038565158843994,0.3205949068069458,0.0002562890625000001,0.2629593312740326,3619,2.66865779300133,0.7264104049972957,0.08245232701301575,0.0,0.0,0.0,512.0,0.0,0.20427450038492678,88.0
progress,screen,434c37af8a3e1fc82611d6bb13d3fb55f28a2987,55,675840,12288,False,2.7471930680039804,0.7167402719933307,3.4822607329988386,3528.742085150491,272.08493616700434,272.08493616700434,51505177,5702088704,10825.0,100.0,10825.0,63.76377952755905,0.21034276857972145,-0.02321752363423002,0.19994231313467026,0.01593596301972866,0.1932169795036316,512.0,0.0,0.007921007461845875,0.22804316878318787,0.23825357854366302,0.31612470746040344,0.0002562890625000001,0.2608408033847809,3547,2.7471930680039804,0.7167402719933307,0.10016784071922302,0.0,0.0,0.0,512.0,0.0,0.3337117610871792,88.0
progress,screen,434c37af8a3e1fc82611d6bb13d3fb55f28a2987,56,688128,12288,False,1.892132788998424,0.7242524690009304,2.6400523019983666,4654.4532434826,274.7249884690027,274.7249884690027,51505177,5702088704,10825.0,89.0,10825.0,64.13618677042801,0.0029695174271182623,-0.0018354574567638338,0.16610806435346603,0.01147549506276846,0.1400553435087204,0,0,0.005154080223292112,0.22522133588790894,0.23617999255657196,0.31170180439949036,0.0005766503906250003,0.25765812397003174,4696,1.892132788998424,0.7242524690009304,0.10016784071922302,0.0,0.0,0.0,512.0,0.0,0.3337117610871792,88.0
progress,screen,434c37af8a3e1fc82611d6bb13d3fb55f28a2987,57,700416,12288,False,2.5927708630042616,0.717391960999521,3.3749854850029806,3640.904547472194,278.0999739540057,278.0999739540057,51505177,5702088704,10825.0,89.0,10825.0,64.5,0.03128656547050923,-0.016838244337122887,0.14555740356445312,0.01669028028845787,0.1908772885799408,0,0,0.007866754196584225,0.22210535407066345,0.23624680936336517,0.31064724922180176,3.3750000000000014e-05,0.2563420832157135,3712,2.5927708630042616,0.717391960999521,0.10016784071922302,0.0,0.0,0.0,512.0,0.0,0.3337117610871792,88.0
progress,screen,434c37af8a3e1fc82611d6bb13d3fb55f28a2987,58,712704,12288,False,2.6275153270034934,0.7191058179960237,3.3602330979992985,3656.8891626346826,281.460207052005,281.460207052005,51505177,5702088704,10825.0,97.0,10825.0,64.88973384030419,0.029438322584610432,-0.016886614183022175,0.1266939640045166,0.008595127612352371,0.1183675229549408,0,0,0.0101453997194767,0.22011001408100128,0.23491865396499634,0.3055661916732788,0.00038443359375000017,0.2535991370677948,3671,2.6275153270034934,0.7191058179960237,0.10016784071922302,0.0,0.0,0.0,512.0,0.0,0.3337117610871792,88.0
progress,screen,434c37af8a3e1fc82611d6bb13d3fb55f28a2987,59,724992,12288,False,2.4878915879962733,0.7447702870049397,3.2449107579959673,3786.8529880892556,284.70511781000096,284.70511781000096,51505177,5702088704,10825.0,99.0,10825.0,65.27443609022556,0.18642703210934997,-0.013614105899250717,0.08455947786569595,0.0120787238702178,0.1510213315486908,512.0,0.0,0.008409288711845875,0.21801432967185974,0.23112067580223083,0.3036773204803467,0.0002562890625000001,0.250943660736084,3801,2.4878915879962733,0.7447702870049397,0.09573695808649063,0.0,0.0,0.0,512.0,0.0,0.34134061269462107,88.0
progress,screen,434c37af8a3e1fc82611d6bb13d3fb55f28a2987,60,737280,12288,False,2.079606742998294,0.7275704490020871,2.8353902130038477,4333.795025335134,287.5405080230048,287.5405080230048,51505177,5702088704,10825.0,87.0,10825.0,65.60594795539033,0.011897319680429064,-0.005686477641575038,0.0897711031138897,0.012956548482179642,0.1436360776424408,0,0,0.006564670708030462,0.21787387132644653,0.22956900298595428,0.30727583169937134,0.0005766503906250003,0.2517456114292145,4377,2.079606742998294,0.7275704490020871,0.09573695808649063,0.0,0.0,0.0,512.0,0.0,0.34134061269462107,88.0
progress,screen,434c37af8a3e1fc82611d6bb13d3fb55f28a2987,61,749568,12288,False,2.6507202660068288,0.7271792920000735,3.3942828180006472,3620.2051092601846,290.93479084100545,290.93479084100545,51505177,5702088704,10825.0,99.0,10825.0,65.97426470588235,0.02855754183838144,-0.01966452154374565,0.05349760875105858,0.015552124939858913,0.1855061948299408,0,0,0.0079481340944767,0.21606993675231934,0.22687184810638428,0.3029860854148865,0.00011390625000000006,0.24864795804023743,3637,2.6507202660068288,0.7271792920000735,0.09573695808649063,0.0,0.0,0.0,512.0,0.0,0.34134061269462107,88.0
progress,screen,434c37af8a3e1fc82611d6bb13d3fb55f28a2987,62,761856,12288,False,2.62193788899458,0.7240683720010566,3.3611186889975215,3655.9256417288216,294.295909530003,294.295909530003,51505177,5702088704,10825.0,100.0,10825.0,66.33818181818182,0.028031428228132427,-0.020539881639706437,0.03573738783597946,0.013207478448748589,0.1610514521598816,0,0,0.01033528707921505,0.21560567617416382,0.2231820672750473,0.30078253149986267,0.00038443359375000017,0.24656030535697937,3672,2.62193788899458,0.7240683720010566,0.09573695808649063,0.0,0.0,0.0,512.0,0.0,0.34134061269462107,88.0
progress,screen,434c37af8a3e1fc82611d6bb13d3fb55f28a2987,63,774144,12288,False,2.243291238002712,0.7448762569983955,3.136349936001352,3917.930157904007,297.4322594660043,297.4322594660043,51505177,5702088704,10825.0,99.0,10825.0,66.69424460431655,0.12468339153565466,-0.013269253162434325,-0.0005687102675437927,0.012160152196884155,0.1433512568473816,512.0,0.0,0.006374783348292112,0.2128392606973648,0.22195486724376678,0.29828768968582153,0.0005766503906250003,0.24437035620212555,4112,2.243291238002712,0.7448762569983955,0.13040956854820251,0.0,0.0,0.0,512.0,0.0,0.546926294490695,88.0
progress,screen,434c37af8a3e1fc82611d6bb13d3fb55f28a2987,64,786432,12288,False,2.32656980700267,0.7178523229958955,3.097737144002167,3966.7665230382777,300.5299966100065,300.5299966100065,51505177,5702088704,10825.0,99.0,10825.0,66.91459074733096,0.01841679817880504,-0.02024551187059842,-0.024087239056825638,0.01556105725467205,0.1773274838924408,0,0,0.0059407553635537624,0.21043172478675842,0.22038307785987854,0.29562830924987793,0.0005766503906250003,0.24220116436481476,4036,2.32656980700267,0.7178523229958955,0.13040956854820251,0.0,0.0,0.0,512.0,0.0,0.546926294490695,88.0
progress,screen,434c37af8a3e1fc82611d6bb13d3fb55f28a2987,65,798720,12288,False,2.6408933579950826,0.7187799280000036,3.3851110830000835,3630.0138160044235,303.9151076930066,303.9151076930066,51505177,5702088704,10825.0,99.0,10825.0,67.25352112676056,0.027210614294745028,-0.014852399777737446,-0.049440138041973114,0.02029118500649929,0.2214762419462204,0,0,0.009033203125,0.20890803635120392,0.21889324486255646,0.2939783036708832,1e-05,0.24059434235095978,3657,2.6408933579950826,0.7187799280000036,0.13040956854820251,0.0,0.0,0.0,512.0,0.0,0.546926294490695,88.0
progress,screen,434c37af8a3e1fc82611d6bb13d3fb55f28a2987,66,811008,12288,False,2.738068104001286,0.7266940310000791,3.478714859993488,3532.338951178943,307.39382255300006,307.39382255300006,51505177,5702088704,10825.0,89.0,10825.0,67.58680555555556,0.25088924588635564,-0.016710639998564147,-0.07292680069804192,0.010073669254779816,0.1265462189912796,512.0,0.0,0.0110134556889534,0.20613515377044678,0.21650700271129608,0.2881484627723694,0.0002562890625000001,0.236929789185524,3546,2.738068104001286,0.7266940310000791,0.15752725303173065,0.0,0.0,0.0,512.0,0.0,0.48188224926590917,88.0
progress,screen,434c37af8a3e1fc82611d6bb13d3fb55f28a2987,67,823296,12288,False,1.887808674997359,0.7281041219976032,2.633739458004129,4665.609562349024,310.0275620110042,310.0275620110042,51505177,5702088704,10825.0,99.0,10825.0,67.80344827586207,0.0025015134997374844,-0.003674753228551708,-0.10164792090654373,0.009396310895681381,0.1211141049861908,0,0,0.003634982742369175,0.20556169748306274,0.21584437787532806,0.28762388229370117,0.0008649755859375004,0.23631323873996735,4697,1.887808674997359,0.7281041219976032,0.15752725303173065,0.0,0.0,0.0,512.0,0.0,0.48188224926590917,88.0
progress,screen,434c37af8a3e1fc82611d6bb13d3fb55f28a2987,68,835584,12288,False,2.5901668360020267,0.7174751769998693,3.3269845739996526,3693.4346182517897,313.35454658500385,313.35454658500385,51505177,5702088704,10825.0,99.0,10825.0,68.12286689419795,0.027174611925147474,-0.017572917584402603,-0.1244582086801529,0.014617864042520523,0.17449951171875,0,0,0.007866754196584225,0.20364202558994293,0.21259430050849915,0.28759849071502686,0.00017085937500000009,0.23462097346782684,3715,2.5901668360020267,0.7174751769998693,0.15752725303173065,0.0,0.0,0.0,512.0,0.0,0.48188224926590917,88.0
progress,screen,434c37af8a3e1fc82611d6bb13d3fb55f28a2987,69,847872,12288,False,2.6280570509989047,0.7262690330026089,3.3831835640012287,3632.0819629033695,316.7377301490051,316.7377301490051,51505177,5702088704,10825.0,99.0,10825.0,68.4358108108108,0.02544297487474978,-0.0217151074357389,-0.15452458709478378,0.015658048912882805,0.1932779848575592,0,0,0.011149088852107525,0.20081470906734467,0.20970584452152252,0.2855340540409088,7.593750000000004e-05,0.2320096790790558,3663,2.6280570509989047,0.7262690330026089,0.15752725303173065,0.0,0.0,0.0,512.0,0.0,0.48188224926590917,88.0
progress,screen,434c37af8a3e1fc82611d6bb13d3fb55f28a2987,70,860160,12288,False,2.4966104609993636,0.7431347070014453,3.2606866040005116,3768.5314451637105,319.9984167530056,319.9984167530056,51505177,5702088704,10825.0,89.0,10825.0,68.77,0.18920348933897913,-0.01427130797674181,-0.18140965327620506,0.010301255621016026,0.1335856318473816,512.0,0.0,0.0101725272834301,0.1988534927368164,0.20567162334918976,0.2830907106399536,0.0005766503906250003,0.22918261587619781,3792,2.4966104609993636,0.7431347070014453,0.12197593599557877,0.0,0.0,0.0,512.0,0.0,0.4770012539625168,88.0
progress,screen,434c37af8a3e1fc82611d6bb13d3fb55f28a2987,71,872448,12288,False,2.076075992998085,0.7183823310042499,2.8515064519961015,4309.301138490568,322.8499232050017,322.8499232050017,51505177,5702088704,10825.0,99.0,10825.0,68.97019867549669,0.015805265516974032,-0.006000155641231686,-0.18279333412647247,0.013350402936339378,0.159912109375,0,0,0.0042860247194767,0.19895312190055847,0.2068505585193634,0.2853948771953583,0.0002562890625000001,0.23046976327896118,4397,2.076075992998085,0.7183823310042499,0.12197593599557877,0.0,0.0,0.0,512.0,0.0,0.4770012539625168,88.0
progress,screen,434c37af8a3e1fc82611d6bb13d3fb55f28a2987,72,884736,12288,False,2.653394978995493,0.7185518559999764,3.396680452999135,3617.6496935854475,326.2466036580008,326.2466036580008,51505177,5702088704,10825.0,99.0,10825.0,69.18688524590164,0.03289993753423914,-0.021596166659321625,-0.22235245630145073,0.014314277097582817,0.1782430112361908,0,0,0.010253907181322575,0.19520306587219238,0.20362485945224762,0.28206607699394226,0.00038443359375000017,0.2269650101661682,3644,2.653394978995493,0.7185518559999764,0.12197593599557877,0.0,0.0,0.0,512.0,0.0,0.4770012539625168,88.0
progress,screen,434c37af8a3e1fc82611d6bb13d3fb55f28a2987,73,897024,12288,False,2.628202631000022,0.716988884996681,3.373295823999797,3642.7282518702514,329.6198994820006,329.6198994820006,51505177,5702088704,10825.0,89.0,10825.0,69.50809061488673,0.02796678291633725,-0.01026809704490006,-0.235862597823143,0.010456386022269726,0.1312459409236908,0,0,0.01217990554869175,0.19477488100528717,0.2023984044790268,0.282270222902298,0.0002562890625000001,0.22650422155857086,3673,2.628202631000022,0.716988884996681,0.12197593599557877,0.0,0.0,0.0,512.0,0.0,0.4770012539625168,88.0
progress,screen,434c37af8a3e1fc82611d6bb13d3fb55f28a2987,74,909312,12288,False,2.2537711689947173,0.747694195000804,3.0570952800044324,4019.5018062970494,332.67699476200505,332.67699476200505,51505177,5702088704,10825.0,88.0,10825.0,69.75641025641026,0.11993201053701341,-0.01758049870841205,-0.2665417306125164,0.013177965767681599,0.1528727263212204,512.0,0.0,0.00678168423473835,0.19357576966285706,0.19783151149749756,0.27966952323913574,0.0005766503906250003,0.22374947369098663,4094,2.2537711689947173,0.747694195000804,0.13984394073486328,0.0,0.0,0.0,512.0,0.0,0.34264265760779383,88.0
progress,screen,434c37af8a3e1fc82611d6bb13d3fb55f28a2987,75,921600,12288,False,2.3262874520005425,0.7255219579965342,3.0916818659970886,3974.535716350956,335.76867662800214,335.76867662800214,51505177,5702088704,10825.0,99.0,10825.0,69.94267515923566,0.020864418358542025,-0.017305411252891645,-0.2966355234384537,0.015007530339062214,0.1754557341337204,0,0,0.006130642723292112,0.19260019063949585,0.19529952108860016,0.2805077135562897,0.00017085937500000009,0.22278816998004913,4026,2.3262874520005425,0.7255219579965342,0.13984394073486328,0.0,0.0,0.0,512.0,0.0,0.34264265760779383,88.0
progress,screen,434c37af8a3e1fc82611d6bb13d3fb55f28a2987,76,933888,12288,False,2.6375371790054487,0.7265074709939654,3.4042575390049024,3609.5976462438566,339.17293416700704,339.17293416700704,51505177,5702088704,10825.0,87.0,10825.0,70.23270440251572,0.02942762611201033,-0.018083670755004277,-0.29202748090028763,0.013585635460913181,0.1595662534236908,0,0,0.0127495676279068,0.191140815615654,0.19584299623966217,0.27850696444511414,0.0002562890625000001,0.22195832431316376,3652,2.6375371790054487,0.7265074709939654,0.13984394073486328,0.0,0.0,0.0,512.0,0.0,0.34264265760779383,88.0
progress,screen,434c37af8a3e1fc82611d6bb13d3fb55f28a2987,77,946176,12288,False,2.7221514560005744,0.7259915250033373,3.4731004259956535,3538.049147103867,342.6460345930027,342.6460345930027,51505177,5702088704,10825.0,89.0,10825.0,70.47352024922118,0.25422925129532814,-0.009453679176658625,-0.33438364416360855,0.014861713163554668,0.1698201596736908,512.0,0.0,0.01416015625,0.19002807140350342,0.19249793887138367,0.2753645181655884,5.0625000000000024e-05,0.21931025385856628,3563,2.7221514560005744,0.7259915250033373,0.17627769708633423,0.0,0.0,0.0,512.0,0.0,0.5828699651360512,88.0
progress,screen,434c37af8a3e1fc82611d6bb13d3fb55f28a2987,78,958464,12288,False,1.8914003769968986,0.7281700210005511,2.641045987002144,4652.702020515792,345.28708058000484,345.28708058000484,51505177,5702088704,10825.0,89.0,10825.0,70.70679012345678,0.0031462937949982006,-0.0027579448760661762,-0.3566924147307873,0.005495849531143904,0.0676879957318306,0,0,0.0030110678635537624,0.18834230303764343,0.19071581959724426,0.2726726233959198,0.0005766503906250003,0.21727211773395538,4690,1.8914003769968986,0.7281700210005511,0.17627769708633423,0.0,0.0,0.0,512.0,0.0,0.5828699651360512,88.0
progress,screen,434c37af8a3e1fc82611d6bb13d3fb55f28a2987,79,970752,12288,False,2.577026423001371,0.7285305539990077,3.3177234050017432,3703.7445561238833,348.6048039850066,348.6048039850066,51505177,5702088704,10825.0,89.0,10825.0,70.93577981651376,0.021341540850698948,-0.01774831772854668,-0.3837396204471588,0.013768901117146015,0.1711222231388092,0,0,0.0072157122194767,0.18677297234535217,0.1893271803855896,0.2719104290008545,0.00017085937500000009,0.21601803600788116,3717,2.577026423001371,0.7285305539990077,0.17627769708633423,0.0,0.0,0.0,512.0,0.0,0.5828699651360512,88.0
progress,screen,434c37af8a3e1fc82611d6bb13d3fb55f28a2987,80,983040,12288,False,2.633938847000536,0.7280333359958604,3.372958486994321,3643.0925691439406,351.9777624720009,351.9777624720009,51505177,5702088704,10825.0,88.0,10825.0,71.15757575757576,0.026589535118546337,-0.01641982364890282,-0.401292372494936,0.012982675805687904,0.1572469174861908,0,0,0.0100368931889534,0.18447645008563995,0.18691135942935944,0.2716285288333893,0.0002562890625000001,0.2143736481666565,3654,2.633938847000536,0.7280333359958604,0.17627769708633423,0.0,0.0,0.0,512.0,0.0,0.5828699651360512,88.0
progress,screen,434c37af8a3e1fc82611d6bb13d3fb55f28a2987,81,995328,12288,False,2.50194018700131,0.7469669409983908,3.2970049450013903,3727.018977824074,355.2747674170023,355.2747674170023,51505177,5702088704,10825.0,86.0,10825.0,71.36936936936937,0.19972503534518182,-0.011563228221348254,-0.45820022001862526,0.014648323878645897,0.1722615510225296,512.0,0.0,0.00802951492369175,0.18233634531497955,0.18183647096157074,0.2653564214706421,7.593750000000004e-05,0.20985941588878632,3782,2.50194018700131,0.7469669409983908,0.16399213671684265,0.0,0.0,0.0,512.0,0.0,0.5714884198457003,88.0
progress,screen,434c37af8a3e1fc82611d6bb13d3fb55f28a2987,82,1007616,12288,False,2.0683599980038707,0.7265785069976118,2.8163294660043903,4363.125887197192,358.0910968830067,358.0910968830067,51505177,5702088704,10825.0,89.0,10825.0,71.58630952380952,0.011006540764356032,-0.00636770088931371,-0.4770071320235729,0.01199488528072834,0.1471964567899704,0,0,0.0034993491135537624,0.1813950538635254,0.1810828298330307,0.2674545645713806,0.0005766503906250003,0.21005302667617798,4396,2.0683599980038707,0.7265785069976118,0.16399213671684265,0.0,0.0,0.0,512.0,0.0,0.5714884198457003,88.0
progress,screen,434c37af8a3e1fc82611d6bb13d3fb55f28a2987,83,1019904,12288,False,2.6466479520022403,0.726079606996791,3.3940872739985934,3620.4136806191896,361.4851841570053,361.4851841570053,51505177,5702088704,10825.0,87.0,10825.0,71.79351032448378,0.02681896509602666,-0.020406271229148842,-0.5022062994539738,0.015847446396946907,0.1973673403263092,0,0,0.0081922747194767,0.17899300158023834,0.17983701825141907,0.26378071308135986,0.0002562890625000001,0.20752575993537903,3643,2.6466479520022403,0.726079606996791,0.16399213671684265,0.0,0.0,0.0,512.0,0.0,0.5714884198457003,88.0
progress,screen,434c37af8a3e1fc82611d6bb13d3fb55f28a2987,84,1032192,12288,False,2.6239492739987327,0.7239214110013563,3.3806845450017136,3634.7668161371653,364.865868702007,364.865868702007,51505177,5702088704,10825.0,99.0,10825.0,72.03216374269006,0.02291976031847298,-0.01579142440459691,-0.5273164547979832,0.012602169997990131,0.1604817658662796,0,0,0.01106770895421505,0.17646822333335876,0.18007026612758636,0.2611055076122284,7.593750000000004e-05,0.20589439570903778,3670,2.6239492739987327,0.7239214110013563,0.16399213671684265,0.0,0.0,0.0,512.0,0.0,0.5714884198457003,88.0
progress,screen,434c37af8a3e1fc82611d6bb13d3fb55f28a2987,85,1044480,12288,False,2.457318047003355,0.7490028329993947,3.23454115200002,3798.993248981216,368.100409854007,368.100409854007,51505177,5702090240,10889.0,99.0,10889.0,72.26376811594203,0.20390351745299995,-0.014286671808804385,-0.5546228066086769,0.007206224836409092,0.0901082381606102,512.0,1.0,0.006157769821584225,0.1745399534702301,0.1761527955532074,0.25767937302589417,0.0005766503906250003,0.20290644466876984,3832,2.457318047003355,0.7490028329993947,1.9698495864868164,0.5,0.5,0.0,255.5,0.001953125,0.6941393313929438,88.0
progress,screen,434c37af8a3e1fc82611d6bb13d3fb55f28a2987,86,1056768,12288,False,2.3355113139987225,0.7259939479990862,3.0958497049941798,3969.184931741737,371.1962595590012,371.1962595590012,51505177,5702090240,10889.0,99.0,10889.0,72.49137931034483,0.01987255091080442,-0.015663004291127436,-0.5984508469700813,0.014461596496403217,0.1779378354549408,0,0,0.0042317709885537624,0.17374207079410553,0.17583730816841125,0.25675222277641296,0.0002562890625000001,0.20208020508289337,4013,2.3355113139987225,0.7259939479990862,1.9698495864868164,0.5,0.5,0.0,255.5,0.001953125,0.6941393313929438,88.0
progress,screen,434c37af8a3e1fc82611d6bb13d3fb55f28a2987,87,1069056,12288,False,2.6310654469998553,0.7245131410018075,3.3709875630011084,3645.2225854729327,374.5672471220023,374.5672471220023,51505177,5702090240,10889.0,99.0,10889.0,72.72079772079772,0.0244621685706079,-0.020966999320080504,-0.5817311443388462,0.015216918662190437,0.1742553561925888,0,0,0.0086805559694767,0.1740061640739441,0.1770554780960083,0.2554692029953003,0.00011390625000000006,0.20221011340618134,3661,2.6310654469998553,0.7245131410018075,1.9698495864868164,0.5,0.5,0.0,255.5,0.001953125,0.6941393313929438,88.0
progress,screen,434c37af8a3e1fc82611d6bb13d3fb55f28a2987,88,1081344,12288,False,3.024197021004511,0.7278809470008127,3.7814843540036236,3249.517609927476,378.3487314760059,378.3487314760059,51505177,5702090240,10889.0,87.0,10889.0,72.89295774647887,0.23759640660136938,-0.018154699413571507,-0.60414694622159,0.013303092680871487,0.1735025942325592,512.0,0.0,0.011284722946584225,0.17357322573661804,0.17353886365890503,0.2553355395793915,0.00017085937500000009,0.2008310705423355,3274,3.024197021004511,0.7278809470008127,0.5338445901870728,0.0,0.0,0.0,256.0,0.0,0.7938726563751698,88.0
progress,screen,434c37af8a3e1fc82611d6bb13d3fb55f28a2987,89,1093632,12288,False,1.8905796719991486,0.7268368469958659,2.638439656999253,4657.298099428725,380.9871711330052,380.9871711330052,51505177,5702090240,10889.0,99.0,10889.0,73.03921568627452,0.002306224447238492,-0.00048715767479734495,-0.6250261440873146,0.01150299422442913,0.1510416716337204,0,0,0.002170138992369175,0.17225095629692078,0.17082040011882782,0.25484171509742737,0.0005766503906250003,0.19938094913959503,4694,1.8905796719991486,0.7268368469958659,0.5338445901870728,0.0,0.0,0.0,256.0,0.0,0.7938726563751698,88.0
progress,screen,434c37af8a3e1fc82611d6bb13d3fb55f28a2987,90,1105920,12288,False,2.581499930995051,0.7256944680048036,3.3245217289950233,3696.170758286656,384.3116928620002,384.3116928620002,51505177,5702090240,10889.0,100.0,10889.0,73.19722222222222,0.03595526597928256,-0.013630525361804757,-0.6501174569129944,0.014071951620280743,0.1681111752986908,0,0,0.0040418840944767,0.17107190191745758,0.16946187615394592,0.2531532347202301,0.00011390625000000006,0.19792301952838898,3715,2.581499930995051,0.7256944680048036,0.5338445901870728,0.0,0.0,0.0,256.0,0.0,0.7938726563751698,88.0
progress,screen,434c37af8a3e1fc82611d6bb13d3fb55f28a2987,91,1118208,12288,False,2.628585156002373,0.7276822279964108,3.382534188000136,3632.7792468714306,387.69422705000034,387.69422705000034,51505177,5702090240,10889.0,89.0,10889.0,73.42582417582418,0.033452902047429234,-0.018006742851866875,-0.6717531699687243,0.01339015644043684,0.1691080778837204,0,0,0.006754557602107525,0.17003199458122253,0.16657347977161407,0.2526121437549591,0.00038443359375000017,0.19648602604866028,3661,2.628585156002373,0.7276822279964108,0.5338445901870728,0.0,0.0,0.0,256.0,0.0,0.7938726563751698,88.0
progress,screen,434c37af8a3e1fc82611d6bb13d3fb55f28a2987,92,1130496,12288,False,2.618648701994971,0.7444447570014745,3.3748459850030486,3641.055045061234,391.0690730350034,391.0690730350034,51505177,5702090240,10889.0,86.0,10889.0,73.60217983651226,0.21761907916516066,-0.014854646957246587,-0.6934270262718201,0.012855373322963715,0.1539713740348816,512.0,0.0,0.00496419332921505,0.16991639137268066,0.1671951711177826,0.24989432096481323,0.00038443359375000017,0.1956622302532196,3653,2.618648701994971,0.7444447570014745,0.2375825047492981,0.0,0.0,0.0,256.0,0.0,0.8589513374492526,88.0
progress,screen,434c37af8a3e1fc82611d6bb13d3fb55f28a2987,93,1142784,12288,False,2.073946139003965,0.7281608769990271,2.818737959001737,4359.397779689966,393.8878109940051,393.8878109940051,51505177,5702090240,10889.0,89.0,10889.0,73.78108108108108,0.014843447192106396,-0.006375562283210456,-0.6810809150338173,0.011459827423095703,0.13629150390625,0,0,0.0032280818559229374,0.17019441723823547,0.1675247997045517,0.2466115951538086,0.0005766503906250003,0.19494196772575378,4385,2.073946139003965,0.7281608769990271,0.2375825047492981,0.0,0.0,0.0,256.0,0.0,0.8589513374492526,88.0
progress,screen,434c37af8a3e1fc82611d6bb13d3fb55f28a2987,94,1155072,12288,False,2.6482879989998764,0.7280340559955221,3.387782410994987,3627.1514841447656,397.2755934050001,397.2755934050001,51505177,5702090240,10889.0,88.0,10889.0,73.9544235924933,0.03021491353865713,-0.013486212163115852,-0.7260184604674578,0.014699989929795265,0.1706339567899704,0,0,0.004801432602107525,0.16823124885559082,0.1654488891363144,0.24559608101844788,5.0625000000000024e-05,0.19310130178928375,3639,2.6482879989998764,0.7280340559955221,0.2375825047492981,0.0,0.0,0.0,256.0,0.0,0.8589513374492526,88.0
progress,screen,434c37af8a3e1fc82611d6bb13d3fb55f28a2987,95,1167360,12288,False,2.6285354380015633,0.7241936099962913,3.3638486420022673,3652.9586517560433,400.6394420470024,400.6394420470024,51505177,5702090240,10889.0,87.0,10889.0,74.12234042553192,0.03649815055541694,-0.021244812902295962,-0.7535827215760946,0.013593945652246475,0.1691691130399704,0,0,0.0057508684694767,0.1664426624774933,0.16265952587127686,0.24337910115718842,0.00017085937500000009,0.19082580506801605,3665,2.6285354380015633,0.7241936099962913,0.2375825047492981,0.0,0.0,0.0,256.0,0.0,0.8589513374492526,88.0
progress,screen,434c37af8a3e1fc82611d6bb13d3fb55f28a2987,96,1179648,12288,False,2.368734311996377,0.7394604569999501,3.135666713998944,3918.7838251881694,403.7751087610013,403.7751087610013,51505177,5702090240,10889.0,88.0,10889.0,74.29023746701847,0.1408731851261109,-0.017055804855772294,-0.7703519370406866,0.010904357768595219,0.13104248046875,512.0,0.0,0.003173828125,0.16645680367946625,0.16189201176166534,0.24172337353229523,0.0008649755859375004,0.1899890899658203,3953,2.368734311996377,0.7394604569999501,0.006751619279384613,0.0,0.0,0.0,256.0,0.0,0.4819819938391447,88.0
progress,screen,434c37af8a3e1fc82611d6bb13d3fb55f28a2987,97,1191936,12288,False,2.3235497459972976,0.7296205189995817,3.075785077002365,3995.077579339771,406.8508938380037,406.8508938380037,51505177,5702090240,10889.0,89.0,10889.0,74.45811518324608,0.0243369719828479,-0.014495194380288012,-0.7944851107895374,0.014343204908072948,0.1617228239774704,0,0,0.003634982742369175,0.16470161080360413,0.16087856888771057,0.23969657719135284,0.00017085937500000009,0.188454270362854,4024,2.3235497459972976,0.7296205189995817,0.006751619279384613,0.0,0.0,0.0,256.0,0.0,0.4819819938391447,88.0
progress,screen,434c37af8a3e1fc82611d6bb13d3fb55f28a2987,98,1204224,12288,False,2.641384164999181,0.727805383001396,3.383089431998087,3632.1830229426073,410.2339832700018,410.2339832700018,51505177,5702090240,10889.0,99.0,10889.0,74.64935064935065,0.039490417984779924,-0.01934429984248709,-0.8254204019904137,0.013234307058155537,0.1630452573299408,0,0,0.006890191696584225,0.1618320643901825,0.15908901393413544,0.23596420884132385,0.0002562890625000001,0.18569551408290863,3647,2.641384164999181,0.727805383001396,0.006751619279384613,0.0,0.0,0.0,256.0,0.0,0.4819819938391447,88.0
progress,screen,434c37af8a3e1fc82611d6bb13d3fb55f28a2987,99,1216512,12288,False,2.8480971760000102,0.7302477919947705,3.5916672849998577,3421.2523112369768,413.82565055500163,413.82565055500163,51505177,5702090240,10889.0,92.0,10889.0,74.81958762886597,0.26509855361655354,-0.017264635767787695,-0.8609802238643169,0.01464708149433136,0.1736246943473816,512.0,0.0,0.0079481340944767,0.16138921678066254,0.156830832362175,0.2351059466600418,0.00011390625000000006,0.18448644876480103,3433,2.8480971760000102,0.7302477919947705,0.29904377460479736,0.0,0.0,0.0,256.0,0.0,0.7649889650195837,88.0
progress,screen,434c37af8a3e1fc82611d6bb13d3fb55f28a2987,100,1228800,12288,False,1.894173028995283,0.7276463240050361,2.6437580490019172,4647.929111606494,416.46940860400355,416.46940860400355,51505177,5702090240,10889.0,88.0,10889.0,74.95140664961637,0.0030460268790193368,-0.0016506128667970188,-0.8829706534743309,0.009408945217728615,0.119873046875,0,0,0.002061632229015231,0.16012300550937653,0.1567506045103073,0.2323513925075531,0.0005766503906250003,0.18309564888477325,4686,1.894173028995283,0.7276463240050361,0.29904377460479736,0.0,0.0,0.0,256.0,0.0,0.7649889650195837,88.0
legacy_log_hold,screen,434c37af8a3e1fc82611d6bb13d3fb55f28a2987,1,12288,12288,True,7.380379460999393,1.082840468006907,8.463273749999644,1451.9204226379322,22.49381061999884,22.49381061999884,51505177,5500434432,9091.0,90.0,9091.0,27.6,265.75573921203613,0.0035611656649052748,1.5034365989267826,0.006556718610227108,0.0814412459731102,0,0,0.012641060166060925,0.39562171697616577,0.39938753843307495,0.4008789360523224,0.01,0.3992024064064026,1451,7.380379460999393,1.082840468006907,,,,,,,,
legacy_log_hold,screen,434c37af8a3e1fc82611d6bb13d3fb55f28a2987,2,24576,12288,True,2.6744265359957353,0.7322208040059195,3.4352218319982057,3577.0615700972926,25.929032451997045,25.929032451997045,51505177,5500434432,9093.0,87.0,9093.0,38.888888888888886,233.7960753440857,-0.0008399439393542707,1.442589521408081,0.008522172458469868,0.1014404296875,0,0,0.0132107213139534,0.3888903856277466,0.3960435390472412,0.3951070010662079,0.01,0.391876757144928,3607,2.6744265359957353,0.7322208040059195,,,,,,,,
legacy_log_hold,screen,434c37af8a3e1fc82611d6bb13d3fb55f28a2987,3,36864,12288,True,2.7743249679988367,0.7307277319996501,3.5172815850019106,3493.607123295852,29.446314036998956,29.446314036998956,51505177,5500434432,9093.0,100.0,9093.0,47.57142857142857,242.1670422554016,-0.000718372713890858,1.4535300061106682,0.006843014620244503,0.0855306014418602,0,0,0.01217990554869175,0.38527339696884155,0.3983081579208374,0.391379177570343,0.01,0.39281436800956726,3505,2.7743249679988367,0.7307277319996501,,,,,,,,
legacy_log_hold,screen,434c37af8a3e1fc82611d6bb13d3fb55f28a2987,4,49152,12288,False,2.7024311819986906,0.7409800690002157,3.4849440730031347,3526.025021518027,32.93125811000209,32.93125811000209,51505177,5702088704,10825.0,88.0,10825.0,53.96,83.61535429954529,-0.003964900959545048,1.4269942119717598,0.007667092140763998,0.0989786833524704,512.0,0.0,0.011773004196584225,0.38037097454071045,0.3996792137622833,0.39080989360809326,0.01,0.3903496563434601,3568,2.7024311819986906,0.7409800690002157,-43.82374572753906,0.0,0.0,0.0,512.0,0.0,-152.7970400238037,88.0
legacy_log_hold,screen,434c37af8a3e1fc82611d6bb13d3fb55f28a2987,5,61440,12288,False,2.117925218997698,0.718641181003477,2.8786511910002446,4268.665838506919,35.809909301002335,35.809909301002335,51505177,5702088704,10825.0,99.0,10825.0,57.2962962962963,214.29237365722656,-0.0002810556397889741,1.4244305193424225,0.007054721470922232,0.0917154923081398,0,0,0.011284722946584225,0.3732947111129761,0.39712998270988464,0.3880096673965454,0.01,0.3854779303073883,4331,2.117925218997698,0.718641181003477,-43.82374572753906,0.0,0.0,0.0,512.0,0.0,-152.7970400238037,88.0
legacy_log_hold,screen,434c37af8a3e1fc82611d6bb13d3fb55f28a2987,6,73728,12288,False,2.773965970001882,0.7103505999984918,3.526213157994789,3484.758138384259,39.336122458997124,39.336122458997124,51505177,5702088704,10825.0,90.0,10825.0,60.935483870967744,203.67448377609253,-0.008266702004522841,1.3724722974002361,0.014726046472787857,0.1922810971736908,0,0,0.01106770895421505,0.36985620856285095,0.39269036054611206,0.3814641237258911,0.0044444444444444444,0.3806246817111969,3526,2.773965970001882,0.7103505999984918,-43.82374572753906,0.0,0.0,0.0,512.0,0.0,-152.7970400238037,88.0
legacy_log_hold,screen,434c37af8a3e1fc82611d6bb13d3fb55f28a2987,7,86016,12288,False,2.7660933360020863,0.7129759140007081,3.5072653440001886,3503.5843584007253,42.84338780299731,42.84338780299731,51505177,5702088704,10825.0,99.0,10825.0,64.29411764705883,209.87686443328857,-0.012962840119143948,1.356501515954733,0.015414130873978138,0.2029825896024704,0,0,0.01171875,0.36943480372428894,0.38936111330986023,0.3797564208507538,0.0013168724279835388,0.37956666946411133,3531,2.7660933360020863,0.7129759140007081,-43.82374572753906,0.0,0.0,0.0,512.0,0.0,-152.7970400238037,88.0
legacy_log_hold,screen,434c37af8a3e1fc82611d6bb13d3fb55f28a2987,8,98304,12288,False,2.318202766000468,0.7409913950032205,3.145466291003686,3906.5750077006946,45.988854094001,45.988854094001,51505177,5702088704,10825.0,95.0,10825.0,67.02702702702703,99.34785485267639,-0.008463683057925664,1.3202429115772247,0.009716516360640526,0.1265055388212204,512.0,0.0,0.0115017369389534,0.36554402112960815,0.38089776039123535,0.3682659864425659,0.004444444444444444,0.37242892384529114,4016,2.318202766000468,0.7409913950032205,-42.33708953857422,0.0,0.0,0.0,512.0,0.0,-147.55690002441406,88.0
legacy_log_hold,screen,434c37af8a3e1fc82611d6bb13d3fb55f28a2987,9,110592,12288,False,2.395354939995741,0.7183920469979057,3.159028447997116,3889.8035273442456,49.147882541998115,49.147882541998115,51505177,5702088704,10825.0,92.0,10825.0,69.275,147.54021883010864,-0.015003667926066555,1.217791698873043,0.01539590209722519,0.1918741911649704,0,0,0.00960286520421505,0.3544124662876129,0.37036415934562683,0.35565200448036194,0.0019753086419753083,0.3605867624282837,3946,2.395354939995741,0.7183920469979057,-42.33708953857422,0.0,0.0,0.0,512.0,0.0,-147.55690002441406,88.0
legacy_log_hold,screen,434c37af8a3e1fc82611d6bb13d3fb55f28a2987,10,122880,12288,False,2.7632177580017014,0.7187850170012098,3.501282679004362,3509.570956291442,52.64916522100248,52.64916522100248,51505177,5702088704,10825.0,99.0,10825.0,71.34883720930233,180.69555044174194,-0.022718603009707294,1.13453746214509,0.015032332390546799,0.1977742612361908,0,0,0.008463541977107525,0.34734123945236206,0.3639719784259796,0.34618741273880005,0.0008779149519890258,0.3526495397090912,3529,2.7632177580017014,0.7187850170012098,-42.33708953857422,0.0,0.0,0.0,512.0,0.0,-147.55690002441406,88.0
legacy_log_hold,screen,434c37af8a3e1fc82611d6bb13d3fb55f28a2987,11,135168,12288,False,2.8591167249978753,0.7188505359954434,3.6675670170006924,3350.450023964124,56.31673223800317,56.31673223800317,51505177,5702088704,10825.0,89.0,10825.0,72.80851063829788,120.25816583633423,-0.023946746965521015,1.093010876327753,0.01470409519970417,0.1912027895450592,512.0,0.0,0.007052951958030462,0.34135767817497253,0.3590568006038666,0.34024158120155334,0.0005852766346593506,0.3470649719238281,3434,2.8591167249978753,0.7188505359954434,-41.124908447265625,0.0,0.0,0.0,512.0,0.0,-144.08738288879394,88.0
legacy_log_hold,screen,434c37af8a3e1fc82611d6bb13d3fb55f28a2987,12,147456,12288,False,1.9373969899970689,0.718785368000681,2.7381377939964295,4487.721555482837,59.0548700319996,59.0548700319996,51505177,5702088704,10825.0,99.0,10825.0,73.87755102040816,218.70973920822144,0.000766104923968669,1.0934878624975681,0.00937549490481615,0.1145833283662796,0,0,0.006212023086845875,0.34719064831733704,0.3629593551158905,0.34237945079803467,0.0029629629629629624,0.3509710431098938,4626,1.9373969899970689,0.718785368000681,-41.124908447265625,0.0,0.0,0.0,512.0,0.0,-144.08738288879394,88.0
legacy_log_hold,screen,434c37af8a3e1fc82611d6bb13d3fb55f28a2987,13,159744,12288,False,2.6627230399972177,0.7184247960030916,3.4451765609992435,3566.725763522544,62.50004659299884,62.50004659299884,51505177,5702088704,10825.0,88.0,10825.0,75.35849056603773,134.04683780670166,-0.02491011651000008,1.0764979794621468,0.01625935360789299,0.21697998046875,0,0,0.0074598528444767,0.3428381681442261,0.35794568061828613,0.33409154415130615,0.0003901844231062337,0.3450046181678772,3634,2.6627230399972177,0.7184247960030916,-41.124908447265625,0.0,0.0,0.0,512.0,0.0,-144.08738288879394,88.0
legacy_log_hold,screen,434c37af8a3e1fc82611d6bb13d3fb55f28a2987,14,172032,12288,False,2.736065282006166,0.7151927419981803,3.4760402820029412,3535.056847189207,65.97608687500178,65.97608687500178,51505177,5702088704,10825.0,97.0,10825.0,76.58928571428571,143.98524856567383,-0.02517017881234551,1.0213335994631052,0.010783901438117027,0.1468912661075592,0,0,0.00653754360973835,0.3368573784828186,0.3509630560874939,0.32828447222709656,0.0013168724279835388,0.33875301480293274,3560,2.736065282006166,0.7151927419981803,-41.124908447265625,0.0,0.0,0.0,512.0,0.0,-144.08738288879394,88.0
legacy_log_hold,screen,434c37af8a3e1fc82611d6bb13d3fb55f28a2987,15,184320,12288,False,2.575575395996566,0.737444199003221,3.372179777994461,3643.9338377469458,69.34826665299624,69.34826665299624,51505177,5702088704,10825.0,99.0,10825.0,77.7457627118644,60.02600598335266,-0.024254993149952497,0.9763085097074509,0.01287416648119688,0.1754150688648224,512.0,0.0,0.006320530083030462,0.331809937953949,0.34498584270477295,0.32528361678123474,0.0013168724279835388,0.33404186367988586,3709,2.575575395996566,0.737444199003221,-40.6241455078125,0.0,0.0,0.0,512.0,0.0,-140.93272392272948,88.0
legacy_log_hold,screen,434c37af8a3e1fc82611d6bb13d3fb55f28a2987,16,196608,12288,False,2.083245948997501,0.7154175899995607,2.8735795650063665,4276.199674315535,72.22184621800261,72.22184621800261,51505177,5702088704,10825.0,99.0,10825.0,78.0,143.98480129241943,-0.004713778387667844,0.9436077550053596,0.011851108632981777,0.1493530422449112,0,0,0.006320530083030462,0.3236258029937744,0.34092170000076294,0.32103627920150757,0.0019753086419753083,0.32874059677124023,4390,2.083245948997501,0.7154175899995607,-40.6241455078125,0.0,0.0,0.0,512.0,0.0,-140.93272392272948,88.0
legacy_log_hold,screen,434c37af8a3e1fc82611d6bb13d3fb55f28a2987,17,208896,12288,False,2.729194462997839,0.716475489003642,3.4921933589939727,3518.7055059115955,75.71403957699658,75.71403957699658,51505177,5702088704,10825.0,99.0,10825.0,78.96923076923076,127.91669535636902,-0.026234936551190913,0.8775316998362541,0.01667041890323162,0.2161865234375,0,0,0.0069715715944767,0.320895254611969,0.3375888764858246,0.3140585124492645,0.0002601229487374891,0.32415592670440674,3566,2.729194462997839,0.716475489003642,-40.6241455078125,0.0,0.0,0.0,512.0,0.0,-140.93272392272948,88.0
legacy_log_hold,screen,434c37af8a3e1fc82611d6bb13d3fb55f28a2987,18,221184,12288,False,2.733031485993706,0.7182470690022456,3.465945020005165,3545.3534112845473,79.17998459700175,79.17998459700175,51505177,5702088704,10825.0,90.0,10825.0,79.8695652173913,124.56999850273132,-0.02963895138236694,0.8378667067736387,0.015149187296628952,0.1954142451286316,0,0,0.006564670708030462,0.31473997235298157,0.3315480351448059,0.3067990243434906,0.00039018442310623366,0.31773605942726135,3560,2.733031485993706,0.7182470690022456,-40.6241455078125,0.0,0.0,0.0,512.0,0.0,-140.93272392272948,88.0
legacy_log_hold,screen,434c37af8a3e1fc82611d6bb13d3fb55f28a2987,19,233472,12288,False,2.2843410840068827,0.7368752939946717,3.03571878799994,4047.8057613814267,82.21570338500169,82.21570338500169,51505177,5702088704,10825.0,99.0,10825.0,80.40845070422536,84.3337140083313,-0.01770712239522254,0.7793039251118898,0.009545475244522095,0.1230672299861908,512.0,0.0,0.004747179336845875,0.3103381097316742,0.3237215578556061,0.29829761385917664,0.001975308641975308,0.31093931198120117,4067,2.2843410840068827,0.7368752939946717,-40.07585906982422,0.0,0.0,0.0,512.0,0.0,-140.81817924499512,88.0
legacy_log_hold,screen,434c37af8a3e1fc82611d6bb13d3fb55f28a2987,20,245760,12288,False,2.3495302419978543,0.7153405049975845,3.088656235995586,3978.4291488298736,85.30435962099727,85.30435962099727,51505177,5702088704,10825.0,99.0,10825.0,81.01351351351352,85.82949733734131,-0.018498153207474388,0.7028586249798536,0.015614045783877373,0.1877644956111908,0,0,0.0047200522385537624,0.3043611943721771,0.31497105956077576,0.29186907410621643,0.0005852766346593504,0.3038663864135742,4009,2.3495302419978543,0.7153405049975845,-40.07585906982422,0.0,0.0,0.0,512.0,0.0,-140.81817924499512,88.0
legacy_log_hold,screen,434c37af8a3e1fc82611d6bb13d3fb55f28a2987,21,258048,12288,False,2.706057878000138,0.7165347980044317,3.434517595000216,3577.7950352876933,88.73887721599749,88.73887721599749,51505177,5702088704,10825.0,90.0,10825.0,81.6923076923077,64.81222772598267,-0.031095062528038397,0.6505987234413624,0.016136737540364265,0.2081705629825592,0,0,0.005398220848292112,0.299498975276947,0.31049150228500366,0.28861844539642334,0.0002601229487374891,0.29956188797950745,3590,2.706057878000138,0.7165347980044317,-40.07585906982422,0.0,0.0,0.0,512.0,0.0,-140.81817924499512,88.0
legacy_log_hold,screen,434c37af8a3e1fc82611d6bb13d3fb55f28a2987,22,270336,12288,False,2.8111198949991376,0.7180601590007427,3.5512894860003144,3460.1516008314825,92.2901667019978,92.2901667019978,51505177,5702088704,10825.0,83.0,10825.0,82.1358024691358,156.66895008087158,-0.03031625058792997,0.5834742076694965,0.015626536682248116,0.1943156123161316,512.0,0.0,0.004123264458030462,0.2926596999168396,0.3021191656589508,0.2803938388824463,5.138231086172624e-05,0.2917163074016571,3481,2.8111198949991376,0.7180601590007427,-39.609031677246094,0.0,0.0,0.0,512.0,0.0,-138.27547805786133,88.0
legacy_log_hold,screen,434c37af8a3e1fc82611d6bb13d3fb55f28a2987,23,282624,12288,False,1.893122299996321,0.7166880080039846,2.6340245730025345,4665.104542283318,94.92419127500034,94.92419127500034,51505177,5702088704,10825.0,89.0,10825.0,82.61904761904762,168.19613885879517,0.0011955425070482306,0.5714266933500767,0.009085310623049736,0.0969034805893898,0,0,0.002794054104015231,0.2912936806678772,0.30412548780441284,0.28505828976631165,0.0008779149519890257,0.2933611273765564,4708,1.893122299996321,0.7166880080039846,-39.609031677246094,0.0,0.0,0.0,512.0,0.0,-138.27547805786133,88.0
legacy_log_hold,screen,434c37af8a3e1fc82611d6bb13d3fb55f28a2987,24,294912,12288,False,2.6130154919956112,0.7200742630011518,3.352190799996606,3665.662467665158,98.27638207499695,98.27638207499695,51505177,5702088704,10825.0,89.0,10825.0,83.08045977011494,65.8859738111496,-0.01889577045221813,0.5622094869613647,0.013021181337535381,0.1667073667049408,0,0,0.00439453125,0.2868211567401886,0.30038517713546753,0.28110867738723755,0.0002601229487374891,0.28960832953453064,3686,2.6130154919956112,0.7200742630011518,-39.609031677246094,0.0,0.0,0.0,512.0,0.0,-138.27547805786133,88.0
legacy_log_hold,screen,434c37af8a3e1fc82611d6bb13d3fb55f28a2987,25,307200,12288,False,2.699452738997934,0.7182087219989626,3.5453749540029094,3465.9239599259367,101.82175702899985,101.82175702899985,51505177,5702088704,10825.0,99.0,10825.0,83.61111111111111,48.493464946746826,-0.028949285246198997,0.47770965844392776,0.01651407778263092,0.2115682065486908,0,0,0.003662109375,0.2773551642894745,0.29242080450057983,0.27715733647346497,1e-05,0.2823079526424408,3595,2.699452738997934,0.7182087219989626,-39.609031677246094,0.0,0.0,0.0,512.0,0.0,-138.27547805786133,88.0
legacy_log_hold,screen,434c37af8a3e1fc82611d6bb13d3fb55f28a2987,26,319488,12288,False,2.542135617994063,0.737855176004814,3.311648946000787,3710.53822442117,105.13340597500064,105.13340597500064,51505177,5702088704,10825.0,99.0,10825.0,84.11827956989248,80.6680166721344,-0.016075761064712424,0.4657565765082836,0.009578500874340534,0.12054443359375,512.0,0.0,0.002658420242369175,0.279825359582901,0.29141589999198914,0.2779429256916046,0.0012974633789062506,0.28316742181777954,3746,2.542135617994063,0.737855176004814,-38.988216400146484,0.0,0.0,0.0,512.0,0.0,-137.60991455078124,88.0
legacy_log_hold,screen,434c37af8a3e1fc82611d6bb13d3fb55f28a2987,27,331776,12288,False,2.0702652859981754,0.7265176189976046,2.820302535998053,4356.979381877379,107.9537085109987,107.9537085109987,51505177,5702088704,10825.0,91.0,10825.0,84.5,80.23315596580505,-0.004631037099898094,0.42988070100545883,0.01572835072875023,0.1791788935661316,0,0,0.00244140625,0.2778189778327942,0.28356972336769104,0.2764039933681488,0.0012974633789062506,0.27930593490600586,4393,2.0702652859981754,0.7265176189976046,-38.988216400146484,0.0,0.0,0.0,512.0,0.0,-137.60991455078124,88.0
legacy_log_hold,screen,434c37af8a3e1fc82611d6bb13d3fb55f28a2987,28,344064,12288,False,2.677918330002285,0.7185269999972661,3.4112388260036823,3602.2104070607033,111.36494733700238,111.36494733700238,51505177,5702088704,10825.0,99.0,10825.0,84.93939393939394,51.37093496322632,-0.022260702777202823,0.40321147069334984,0.017397992312908173,0.2108968198299408,0,0,0.00385199673473835,0.2758534848690033,0.27963533997535706,0.27437514066696167,3.3750000000000014e-05,0.27661314606666565,3617,2.677918330002285,0.7185269999972661,-38.988216400146484,0.0,0.0,0.0,512.0,0.0,-137.60991455078124,88.0
legacy_log_hold,screen,434c37af8a3e1fc82611d6bb13d3fb55f28a2987,29,356352,12288,False,2.6793421279944596,0.7171640630040201,3.41222803099663,3601.166126172104,114.777175367999,114.777175367999,51505177,5702088704,10825.0,99.0,10825.0,85.30392156862744,65.33511817455292,-0.0270815638541535,0.3885471634566784,0.010602962225675583,0.1466064453125,0,0,0.0034450958482921124,0.27312996983528137,0.2756897807121277,0.2730773687362671,0.0008649755859375004,0.27391886711120605,3617,2.6793421279944596,0.7171640630040201,-38.988216400146484,0.0,0.0,0.0,512.0,0.0,-137.60991455078124,88.0
legacy_log_hold,screen,434c37af8a3e1fc82611d6bb13d3fb55f28a2987,30,368640,12288,False,2.2758283199946163,0.7356972950001364,3.023567158001242,4064.0737770558067,117.80074252600025,117.80074252600025,51505177,5702088704,10825.0,99.0,10825.0,85.4952380952381,80.84284281730652,-0.006179983407491818,0.3765692003071308,0.01244941633194685,0.1551920622587204,512.0,0.0,0.00263129360973835,0.27350783348083496,0.2764623761177063,0.2765488922595978,0.0012974633789062506,0.2753794491291046,4080,2.2758283199946163,0.7356972950001364,-38.4744987487793,0.0,0.0,0.0,512.0,0.0,-134.7603960418701,88.0
legacy_log_hold,screen,434c37af8a3e1fc82611d6bb13d3fb55f28a2987,31,380928,12288,False,2.3262625699935597,0.7209030880039791,3.063336191997223,4011.312905224586,120.86407871799747,120.86407871799747,51505177,5702088704,10825.0,99.0,10825.0,85.70370370370371,31.780496776103973,-0.0147568615235798,0.34073996916413307,0.012532863765954971,0.1631266474723816,0,0,0.004692925605922937,0.26404839754104614,0.2673429250717163,0.27178630232810974,0.0008649755859375004,0.26772716641426086,4032,2.3262625699935597,0.7209030880039791,-38.4744987487793,0.0,0.0,0.0,512.0,0.0,-134.7603960418701,88.0
legacy_log_hold,screen,434c37af8a3e1fc82611d6bb13d3fb55f28a2987,32,393216,12288,False,2.676832800003467,0.7181234730014694,3.4080722900034743,3605.5573222560583,124.27215100800095,124.27215100800095,51505177,5702088704,10825.0,99.0,10825.0,86.06306306306307,31.586775481700897,-0.0247183263709303,0.29951492697000504,0.015485930256545544,0.1905110627412796,0,0,0.00434027798473835,0.2626788914203644,0.26640045642852783,0.2710492014884949,0.0002562890625000001,0.26676422357559204,3619,2.676832800003467,0.7181234730014694,-38.4744987487793,0.0,0.0,0.0,512.0,0.0,-134.7603960418701,88.0
legacy_log_hold,screen,434c37af8a3e1fc82611d6bb13d3fb55f28a2987,33,405504,12288,False,2.7692504879960325,0.7184547210054006,3.5096658889960963,3501.1879730565624,127.78181689699704,127.78181689699704,51505177,5702088704,10825.0,88.0,10825.0,86.25217391304348,87.0852518081665,-0.03022005458478816,0.26180075109004974,0.014985604211688042,0.1887613981962204,512.0,0.0,0.0040418840944767,0.2596764862537384,0.26299718022346497,0.2668904662132263,7.593750000000004e-05,0.26319393515586853,3523,2.7692504879960325,0.7184547210054006,-37.60126876831055,0.0,0.0,0.0,512.0,0.0,-130.90486061096192,88.0
legacy_log_hold,screen,434c37af8a3e1fc82611d6bb13d3fb55f28a2987,34,417792,12288,False,1.894022122003662,0.7189350319968071,2.6329505989997415,4667.007426826851,130.41476749599678,130.41476749599678,51505177,5702088704,10825.0,99.0,10825.0,86.47008547008546,89.91993284225464,-0.001229891822731588,0.25580764189362526,0.007716724649071693,0.0914713591337204,0,0,0.0019802518654614687,0.26077860593795776,0.262793630361557,0.2677763104438782,0.0008649755859375004,0.263748437166214,4702,1.894022122003662,0.7189350319968071,-37.60126876831055,0.0,0.0,0.0,512.0,0.0,-130.90486061096192,88.0
legacy_log_hold,screen,434c37af8a3e1fc82611d6bb13d3fb55f28a2987,35,430080,12288,False,2.606810372999462,0.7113747589974082,3.329338652001752,3690.823098639091,133.74410614799854,133.74410614799854,51505177,5702088704,10825.0,100.0,10825.0,86.79166666666667,30.364274382591248,-0.021901335392612964,0.23130971565842628,0.016686981543898582,0.2005818635225296,0,0,0.003390842117369175,0.2569308578968048,0.2578160762786865,0.2676642835140228,7.593750000000004e-05,0.26081594824790955,3703,2.606810372999462,0.7113747589974082,-37.60126876831055,0.0,0.0,0.0,512.0,0.0,-130.90486061096192,88.0
legacy_log_hold,screen,434c37af8a3e1fc82611d6bb13d3fb55f28a2987,36,442368,12288,False,2.665355142999033,0.7093131020010333,3.399138093001966,3615.034065635089,137.1432442410005,137.1432442410005,51505177,5702088704,10825.0,90.0,10825.0,86.87096774193549,26.87108474969864,-0.025700841164507437,0.1862708516418934,0.013823913410305977,0.1775716245174408,0,0,0.002902560867369175,0.2525370419025421,0.2510550916194916,0.2640018165111542,0.00017085937500000009,0.2558416724205017,3641,2.665355142999033,0.7093131020010333,-37.60126876831055,0.0,0.0,0.0,512.0,0.0,-130.90486061096192,88.0
legacy_log_hold,screen,434c37af8a3e1fc82611d6bb13d3fb55f28a2987,37,454656,12288,False,2.5099790770036634,0.7411794180006837,3.2657085850005387,3762.7362271205143,140.40895282600104,140.40895282600104,51505177,5702088704,10825.0,88.0,10825.0,86.78740157480316,35.4189190864563,-0.024107878300128505,0.16019832342863083,0.014353194274008274,0.1690063625574112,512.0,0.0,0.002414279617369175,0.24992476403713226,0.25164130330085754,0.2634233236312866,0.0005766503906250003,0.2550257742404938,3779,2.5099790770036634,0.7411794180006837,-37.43145751953125,0.0,0.0,0.0,512.0,0.0,-131.8947138977051,88.0
legacy_log_hold,screen,434c37af8a3e1fc82611d6bb13d3fb55f28a2987,38,466944,12288,False,2.076771355998062,0.7185165340051753,2.820180162001634,4357.168441068156,143.22913298800268,143.22913298800268,51505177,5702088704,10825.0,99.0,10825.0,86.97674418604652,47.17727482318878,-0.004811909637282952,0.11197879537940025,0.012479971162974834,0.1582845151424408,0,0,0.002332899486646056,0.24581454694271088,0.24637006223201752,0.2592613697052002,0.0005766503906250003,0.25048792362213135,4395,2.076771355998062,0.7185165340051753,-37.43145751953125,0.0,0.0,0.0,512.0,0.0,-131.8947138977051,88.0
legacy_log_hold,screen,434c37af8a3e1fc82611d6bb13d3fb55f28a2987,39,479232,12288,False,2.6782341139987693,0.7170345179983997,3.4301601810002467,3582.3399933517903,146.65929316900292,146.65929316900292,51505177,5702088704,10825.0,90.0,10825.0,87.203007518797,30.668634235858917,-0.02245832054177299,0.07835552841424942,0.020077291876077652,0.2284342646598816,0,0,0.004177517723292112,0.23984646797180176,0.24452681839466095,0.2594612240791321,1e-05,0.24794401228427887,3619,2.6782341139987693,0.7170345179983997,-37.43145751953125,0.0,0.0,0.0,512.0,0.0,-131.8947138977051,88.0
legacy_log_hold,screen,434c37af8a3e1fc82611d6bb13d3fb55f28a2987,40,491520,12288,False,2.660063146002358,0.7181783560008625,3.4513180239955545,3560.378937717919,150.11061119299848,150.11061119299848,51505177,5702088704,10825.0,88.0,10825.0,87.38235294117646,28.086104810237885,-0.022924713528482243,0.04665394499897957,0.010565783828496933,0.1359660029411316,0,0,0.0029568145982921124,0.23567451536655426,0.24057616293430328,0.25523799657821655,0.0005766503906250003,0.24389433860778809,3637,2.660063146002358,0.7181783560008625,-37.43145751953125,0.0,0.0,0.0,512.0,0.0,-131.8947138977051,88.0
legacy_log_hold,screen,434c37af8a3e1fc82611d6bb13d3fb55f28a2987,41,503808,12288,False,2.2602224739966914,0.7346992200036766,3.0246259330015164,4062.6511417251145,153.135237126,153.135237126,51505177,5702088704,10825.0,89.0,10825.0,87.56115107913669,36.27008628845215,-0.01223106870020274,0.020490232855081558,0.011646919883787632,0.1554158478975296,512.0,0.0,0.0022786459885537624,0.23602494597434998,0.23650136590003967,0.2540574371814728,0.0008649755859375004,0.24217680096626282,4102,2.2602224739966914,0.7346992200036766,-37.34123992919922,0.0,0.0,0.0,512.0,0.0,-131.07283340454103,88.0
legacy_log_hold,screen,434c37af8a3e1fc82611d6bb13d3fb55f28a2987,42,516096,12288,False,2.3305316980040516,0.7172605099985958,3.078338731000258,3991.763439238932,156.21357585700025,156.21357585700025,51505177,5702088704,10825.0,90.0,10825.0,87.7394366197183,18.963545352220535,-0.014477675431407988,-0.04092833772301674,0.014673816040158272,0.1849772185087204,0,0,0.002332899486646056,0.23128661513328552,0.2319783717393875,0.24887260794639587,0.0005766503906250003,0.23742671310901642,4031,2.3305316980040516,0.7172605099985958,-37.34123992919922,0.0,0.0,0.0,512.0,0.0,-131.07283340454103,88.0
legacy_log_hold,screen,434c37af8a3e1fc82611d6bb13d3fb55f28a2987,43,528384,12288,False,2.665637471000082,0.7178379470060463,3.4333669319967157,3578.9941021112377,159.64694278899697,159.64694278899697,51505177,5702088704,10825.0,88.0,10825.0,87.89655172413794,34.90157729387283,-0.021797861523737083,-0.10488694533705711,0.019830983132123947,0.2221272885799408,0,0,0.00341796875,0.227081298828125,0.22777381539344788,0.2442121058702469,1e-05,0.23301897943019867,3631,2.665637471000082,0.7178379470060463,-37.34123992919922,0.0,0.0,0.0,512.0,0.0,-131.07283340454103,88.0
legacy_log_hold,screen,434c37af8a3e1fc82611d6bb13d3fb55f28a2987,44,540672,12288,False,2.7756636110061663,0.7170906649989774,3.65042798200011,3366.1806398019303,163.29737077099708,163.29737077099708,51505177,5702088704,10825.0,99.0,10825.0,88.12162162162163,26.95010495185852,-0.024637535765577923,-0.13800455629825592,0.011455584317445755,0.1443888396024704,512.0,0.0,0.0023600261192768812,0.22403310239315033,0.22310754656791687,0.24067285656929016,0.0002562890625000001,0.22930553555488586,3518,2.7756636110061663,0.7170906649989774,-36.83415603637695,0.0,0.0,0.0,512.0,0.0,-128.40349044799805,88.0
legacy_log_hold,screen,434c37af8a3e1fc82611d6bb13d3fb55f28a2987,45,552960,12288,False,1.8976805769998464,0.7167383060004795,2.7121752080056467,4530.680747957938,166.00954597900272,166.00954597900272,51505177,5702088704,10825.0,91.0,10825.0,87.76158940397352,57.28267025947571,0.0005966110620647669,-0.1866116300225258,0.011770430952310562,0.13226318359375,0,0,0.0012207032414153218,0.22039467096328735,0.22129936516284943,0.23974324762821198,0.0005766503906250003,0.2271251678466797,4700,1.8976805769998464,0.7167383060004795,-36.83415603637695,0.0,0.0,0.0,512.0,0.0,-128.40349044799805,88.0
legacy_log_hold,screen,434c37af8a3e1fc82611d6bb13d3fb55f28a2987,46,565248,12288,False,2.6046990670001833,0.7188487049934338,3.3380195749996346,3681.22466747408,169.34756555400236,169.34756555400236,51505177,5702088704,10825.0,99.0,10825.0,87.98051948051948,16.769046753644943,-0.022571351306396537,-0.21784821525216103,0.014740588143467903,0.1887410581111908,0,0,0.0024685331154614687,0.21573667228221893,0.21885496377944946,0.2394963502883911,0.0005766503906250003,0.22463297843933105,3697,2.6046990670001833,0.7188487049934338,-36.83415603637695,0.0,0.0,0.0,512.0,0.0,-128.40349044799805,88.0
legacy_log_hold,screen,434c37af8a3e1fc82611d6bb13d3fb55f28a2987,47,577536,12288,False,2.6769536639985745,0.7164514260002761,3.4042036259997985,3609.654812112208,172.75176918000216,172.75176918000216,51505177,5702088704,10825.0,99.0,10825.0,88.19108280254777,31.06301724910736,-0.028874511757749133,-0.25293972715735435,0.01738150604069233,0.2172648161649704,0,0,0.0018446182366460562,0.21194978058338165,0.21567177772521973,0.23644842207431793,2.2500000000000008e-05,0.22136208415031433,3621,2.6769536639985745,0.7164514260002761,-36.83415603637695,0.0,0.0,0.0,512.0,0.0,-128.40349044799805,88.0
legacy_log_hold,screen,434c37af8a3e1fc82611d6bb13d3fb55f28a2987,48,589824,12288,False,2.510156057003769,0.7359123209971585,3.260704647997045,3768.5105909693957,176.0124738279992,176.0124738279992,51505177,5702088704,10825.0,98.0,10825.0,88.25625,18.2183700799942,-0.019542336691756645,-0.3017757348716259,0.008260312490165234,0.1112264096736908,512.0,0.0,0.001193576492369175,0.20809000730514526,0.20996125042438507,0.22961759567260742,0.0005766503906250003,0.2159871608018875,3785,2.510156057003769,0.7359123209971585,-36.984832763671875,0.0,0.0,0.0,512.0,0.0,-128.12155220031738,88.0
legacy_log_hold,screen,434c37af8a3e1fc82611d6bb13d3fb55f28a2987,49,602112,12288,False,2.069121498003369,0.7164871690038126,2.8885023960028775,4254.107601573808,178.90097622400208,178.90097622400208,51505177,5702088704,10825.0,100.0,10825.0,88.40490797546012,21.60699564218521,-0.0018669405471882783,-0.3331413269042969,0.011968830600380898,0.1517130583524704,0,0,0.0008680556202307343,0.20860755443572998,0.2097494900226593,0.23058727383613586,0.0005766503906250003,0.21644075214862823,4411,2.069121498003369,0.7164871690038126,-36.984832763671875,0.0,0.0,0.0,512.0,0.0,-128.12155220031738,88.0
legacy_log_hold,screen,434c37af8a3e1fc82611d6bb13d3fb55f28a2987,50,614400,12288,False,2.669392700001481,0.7171860879971064,3.4752399349963525,3535.870970017757,182.37621615899843,182.37621615899843,51505177,5702088704,10825.0,99.0,10825.0,88.59638554216868,24.93727207183838,-0.028712415187328588,-0.38459787517786026,0.015229841694235802,0.1940714418888092,0,0,0.0017632379895076156,0.2036772519350052,0.20707862079143524,0.22703875601291656,0.0002562890625000001,0.21257898211479187,3628,2.669392700001481,0.7171860879971064,-36.984832763671875,0.0,0.0,0.0,512.0,0.0,-128.12155220031738,88.0
legacy_log_hold,screen,434c37af8a3e1fc82611d6bb13d3fb55f28a2987,51,626688,12288,False,2.664307233004365,0.7202276959942537,3.4022041440039175,3611.7762132694206,185.77842030300235,185.77842030300235,51505177,5702088704,10825.0,88.0,10825.0,88.71764705882353,28.221912562847137,-0.029258789043524303,-0.43147484958171844,0.017153801396489143,0.2142944484949112,0,0,0.0008409288711845875,0.19961635768413544,0.20270243287086487,0.22329913079738617,1e-05,0.2085360437631607,3630,2.664307233004365,0.7202276959942537,-36.984832763671875,0.0,0.0,0.0,512.0,0.0,-128.12155220031738,88.0
legacy_log_hold,screen,434c37af8a3e1fc82611d6bb13d3fb55f28a2987,52,638976,12288,False,2.257120353002392,0.7375033190037357,3.0256932609991054,4061.218021797231,188.80411356400145,188.80411356400145,51505177,5702088704,10825.0,88.0,10825.0,88.83815028901734,32.80923253297806,-0.014548079652740853,-0.4624955803155899,0.00804453156888485,0.1076049879193306,512.0,0.0,0.0005967882461845875,0.1982530951499939,0.19620934128761292,0.21770955622196198,0.0008649755859375004,0.2042379379272461,4103,2.257120353002392,0.7375033190037357,-36.45426940917969,0.0,0.0,0.0,512.0,0.0,-126.85507995605468,88.0
legacy_log_hold,screen,434c37af8a3e1fc82611d6bb13d3fb55f28a2987,53,651264,12288,False,2.3320299279948813,0.7188850190068479,3.080723772996862,3988.673086404789,191.88483733699832,191.88483733699832,51505177,5702088704,10825.0,99.0,10825.0,88.95428571428572,11.32638868689537,-0.009983213909436017,-0.5345728062093258,0.016706958413124084,0.1991780698299408,0,0,0.0009223091183230281,0.19519588351249695,0.19554634392261505,0.2175600230693817,7.593750000000004e-05,0.20276281237602234,4027,2.3320299279948813,0.7188850190068479,-36.45426940917969,0.0,0.0,0.0,512.0,0.0,-126.85507995605468,88.0
legacy_log_hold,screen,434c37af8a3e1fc82611d6bb13d3fb55f28a2987,54,663552,12288,False,2.6843918450031197,0.7175081719979062,3.448202902000048,3563.5954000481343,195.33304023899836,195.33304023899836,51505177,5702088704,10825.0,88.0,10825.0,89.06703910614524,26.232420027256012,-0.026632414796040393,-0.5683530941605568,0.013535788282752037,0.1758016049861908,0,0,0.0010579428635537624,0.1918148249387741,0.1910824179649353,0.2138734608888626,0.00017085937500000009,0.1989019215106964,3612,2.6843918450031197,0.7175081719979062,-36.45426940917969,0.0,0.0,0.0,512.0,0.0,-126.85507995605468,88.0
legacy_log_hold,screen,434c37af8a3e1fc82611d6bb13d3fb55f28a2987,55,675840,12288,False,2.751146392998635,0.7173343210015446,3.553275604004739,3458.217534871413,198.8863158430031,198.8863158430031,51505177,5702088704,10825.0,99.0,10825.0,89.23076923076923,31.079671561717987,-0.02490316884359345,-0.6015033423900604,0.014313660562038422,0.1841227412223816,512.0,0.0,0.0004340278101153672,0.18973320722579956,0.18949058651924133,0.21050706505775452,5.0625000000000024e-05,0.19658438861370087,3542,2.751146392998635,0.7173343210015446,-35.95947265625,0.0,0.0,0.0,512.0,0.0,-127.74356086730957,88.0
legacy_log_hold,screen,434c37af8a3e1fc82611d6bb13d3fb55f28a2987,56,688128,12288,False,1.8907195939973462,0.7189979590039002,2.72910574299749,4502.573794192225,201.6154215860006,201.6154215860006,51505177,5702088704,10825.0,90.0,10825.0,89.33513513513513,30.684412360191345,-0.003038731578271836,-0.6418142281472683,0.00949658639729023,0.123148612678051,0,0,0.00048828125,0.18950526416301727,0.1879679560661316,0.21150623261928558,0.0008649755859375004,0.19616924226284027,4708,1.8907195939973462,0.7189979590039002,-35.95947265625,0.0,0.0,0.0,512.0,0.0,-127.74356086730957,88.0
legacy_log_hold,screen,434c37af8a3e1fc82611d6bb13d3fb55f28a2987,57,700416,12288,False,2.5918704210052965,0.7189539940009126,3.3450327070022468,3673.5066817963243,204.96045429300284,204.96045429300284,51505177,5702088704,10825.0,88.0,10825.0,89.43085106382979,14.659540206193924,-0.020002887526061386,-0.6472686752676964,0.015983793884515762,0.2047526091337204,0,0,0.0009765626164153218,0.18619906902313232,0.18795038759708405,0.20970472693443298,0.0002562890625000001,0.19461344182491302,3711,2.5918704210052965,0.7189539940009126,-35.95947265625,0.0,0.0,0.0,512.0,0.0,-127.74356086730957,88.0
legacy_log_hold,screen,434c37af8a3e1fc82611d6bb13d3fb55f28a2987,58,712704,12288,False,2.6538167879989487,0.7188991719958722,3.435155147999467,3577.131008815182,208.3956094410023,208.3956094410023,51505177,5702088704,10825.0,99.0,10825.0,89.58115183246073,26.23590362071991,-0.030554955956176855,-0.6819024868309498,0.014968590810894966,0.1938476711511612,0,0,0.0008951823110692203,0.18448896706104279,0.18543389439582825,0.20691722631454468,0.00011390625000000006,0.192292720079422,3643,2.6538167879989487,0.7188991719958722,-35.95947265625,0.0,0.0,0.0,512.0,0.0,-127.74356086730957,88.0
legacy_log_hold,screen,434c37af8a3e1fc82611d6bb13d3fb55f28a2987,59,724992,12288,False,2.5049259129955317,0.7381759700001567,3.291220193998015,3733.5697023276743,211.68682963500032,211.68682963500032,51505177,5702088704,10825.0,99.0,10825.0,89.72680412371135,37.3500360250473,-0.02223974971639109,-0.7277394775301218,0.012551207095384598,0.1642863005399704,512.0,0.0,0.0006239149370230734,0.18000534176826477,0.18045321106910706,0.20239916443824768,0.0005766503906250003,0.1876574009656906,3788,2.5049259129955317,0.7381759700001567,-36.77550506591797,0.0,0.0,0.0,512.0,0.0,-129.63845306396485,88.0
legacy_log_hold,screen,434c37af8a3e1fc82611d6bb13d3fb55f28a2987,60,737280,12288,False,2.071650015001069,0.716297423998185,2.872637931999634,4277.601386209631,214.55946756699996,214.55946756699996,51505177,5702088704,10825.0,89.0,10825.0,89.38578680203045,10.808846473693848,-0.0003244567633373663,-0.7770722564309835,0.012669061310589314,0.1606852263212204,0,0,0.000352647592080757,0.1789260059595108,0.17801271378993988,0.2012982815504074,0.0005766503906250003,0.18609055876731873,4407,2.071650015001069,0.716297423998185,-36.77550506591797,0.0,0.0,0.0,512.0,0.0,-129.63845306396485,88.0
legacy_log_hold,screen,434c37af8a3e1fc82611d6bb13d3fb55f28a2987,61,749568,12288,False,2.674272809003014,0.7182764960016357,3.4418283790000714,3570.1954446578015,218.00129594600003,218.00129594600003,51505177,5702088704,10825.0,99.0,10825.0,89.53,15.195995092391968,-0.023921414438518696,-0.8208000212907791,0.015592975541949272,0.1925252377986908,0,0,0.0008138021221384406,0.17548158764839172,0.17622923851013184,0.19914701581001282,0.00011390625000000006,0.1836468130350113,3622,2.674272809003014,0.7182764960016357,-36.77550506591797,0.0,0.0,0.0,512.0,0.0,-129.63845306396485,88.0
legacy_log_hold,screen,434c37af8a3e1fc82611d6bb13d3fb55f28a2987,62,761856,12288,False,2.643831563000276,0.7188628769945353,3.4511092160028056,3560.594357031792,221.45240516200283,221.45240516200283,51505177,5702088704,10825.0,89.0,10825.0,89.59803921568627,13.227387428283691,-0.02361471344192978,-0.8709844425320625,0.012111134827136993,0.1621297299861908,0,0,0.000732421875,0.17221470177173615,0.17309033870697021,0.19543427228927612,0.00017085937500000009,0.18023061752319336,3654,2.643831563000276,0.7188628769945353,-36.77550506591797,0.0,0.0,0.0,512.0,0.0,-129.63845306396485,88.0
legacy_log_hold,screen,434c37af8a3e1fc82611d6bb13d3fb55f28a2987,63,774144,12288,False,2.244295714001055,0.7343538799977978,2.9915932919975603,4107.510212992555,224.4439984540004,224.4439984540004,51505177,5702088704,10825.0,99.0,10825.0,89.54368932038835,27.54218018054962,-0.018697120482102036,-0.9175795130431652,0.013109465129673481,0.1632487177848816,512.0,0.0,0.0004340278101153672,0.16839222609996796,0.16854986548423767,0.19122163951396942,0.0008649755859375004,0.17601948976516724,4125,2.244295714001055,0.7343538799977978,-36.297645568847656,0.0,0.0,0.0,512.0,0.0,-125.23193176269531,88.0
legacy_log_hold,screen,434c37af8a3e1fc82611d6bb13d3fb55f28a2987,64,786432,12288,False,2.324540690999129,0.7176362649988732,3.0885942530003376,3978.508989344628,227.53259270700073,227.53259270700073,51505177,5702088704,10825.0,99.0,10825.0,89.63636363636364,6.375002428889275,-0.008757922303630039,-0.9807709567248821,0.014522714540362358,0.1655476987361908,0,0,0.0006781684933230281,0.16678638756275177,0.16629283130168915,0.18925370275974274,7.593750000000004e-05,0.17414003610610962,4039,2.324540690999129,0.7176362649988732,-36.297645568847656,0.0,0.0,0.0,512.0,0.0,-125.23193176269531,88.0
legacy_log_hold,screen,434c37af8a3e1fc82611d6bb13d3fb55f28a2987,65,798720,12288,False,2.665664961998118,0.7168010199966375,3.4009428989957087,3613.1156461429036,230.93353560599644,230.93353560599644,51505177,5702088704,10825.0,90.0,10825.0,89.7699530516432,10.297493994235992,-0.021839762310264632,-1.0262564606964588,0.013913050293922424,0.1730550080537796,0,0,0.0008409288711845875,0.16388407349586487,0.16362065076828003,0.1870168298482895,0.00011390625000000006,0.17151162028312683,3632,2.665664961998118,0.7168010199966375,-36.297645568847656,0.0,0.0,0.0,512.0,0.0,-125.23193176269531,88.0
legacy_log_hold,screen,434c37af8a3e1fc82611d6bb13d3fb55f28a2987,66,811008,12288,False,2.746106063001207,0.7179337220004527,3.48660586400365,3524.344442503105,234.4201414700001,234.4201414700001,51505177,5702088704,10825.0,90.0,10825.0,89.85648148148148,7.505306586623192,-0.0285827186453389,-1.0748462714254856,0.014729492366313934,0.1851806640625,512.0,0.0,0.0003797743411269039,0.16181668639183044,0.16058962047100067,0.18179218471050262,3.3750000000000014e-05,0.16806690394878387,3547,2.746106063001207,0.7179337220004527,-35.225135803222656,0.0,0.0,0.0,512.0,0.0,-121.0015404510498,88.0
legacy_log_hold,screen,434c37af8a3e1fc82611d6bb13d3fb55f28a2987,67,823296,12288,False,1.8896632969990605,0.717771798998001,2.681959661997098,4581.724391354137,237.1021011319972,237.1021011319972,51505177,5702088704,10825.0,99.0,10825.0,89.94036697247707,14.656859993934631,-0.0036496295942924917,-1.1070750541985035,0.009281166829168797,0.1160888671875,0,0,0.00013563368702307343,0.16217748820781708,0.15988636016845703,0.17946545779705048,0.00038443359375000017,0.16712552309036255,4712,1.8896632969990605,0.717771798998001,-35.225135803222656,0.0,0.0,0.0,512.0,0.0,-121.0015404510498,88.0
legacy_log_hold,screen,434c37af8a3e1fc82611d6bb13d3fb55f28a2987,68,835584,12288,False,2.5907796829997096,0.7172881320002489,3.340018205999513,3679.0218621945414,240.4421193379967,240.4421193379967,51505177,5702088704,10825.0,89.0,10825.0,90.009009009009,9.453889310359955,-0.016510906789335422,-1.124028991907835,0.013236531056463718,0.1646321564912796,0,0,0.0008680556202307343,0.16133014857769012,0.15872642397880554,0.1782405972480774,0.00011390625000000006,0.1661309152841568,3714,2.5907796829997096,0.7172881320002489,-35.225135803222656,0.0,0.0,0.0,512.0,0.0,-121.0015404510498,88.0
legacy_log_hold,screen,434c37af8a3e1fc82611d6bb13d3fb55f28a2987,69,847872,12288,False,2.6526239779996104,0.7182622740001534,3.387087462004274,3627.89568850658,243.82920680000097,243.82920680000097,51505177,5702088704,10825.0,88.0,10825.0,90.08,6.344391390681267,-0.02243561183422571,-1.1652414128184319,0.015313747338950634,0.1915690302848816,0,0,0.000705295184161514,0.1581689715385437,0.15726977586746216,0.175824835896492,3.3750000000000014e-05,0.16375435888767242,3645,2.6526239779996104,0.7182622740001534,-35.225135803222656,0.0,0.0,0.0,512.0,0.0,-121.0015404510498,88.0
legacy_log_hold,screen,434c37af8a3e1fc82611d6bb13d3fb55f28a2987,70,860160,12288,False,2.4941559990038513,0.7388602179998998,3.2457008060009684,3785.931216235565,247.07490760600194,247.07490760600194,51505177,5702088704,10825.0,89.0,10825.0,90.15789473684211,10.153152585029602,-0.020764027501513738,-1.18557857722044,0.011471722275018692,0.1437378078699112,512.0,0.0,0.0003797743411269039,0.1567467749118805,0.15454304218292236,0.17430301010608673,0.00038443359375000017,0.1619386225938797,3800,2.4941559990038513,0.7388602179998998,-35.36726379394531,0.0,0.0,0.0,512.0,0.0,-123.54881080627442,88.0
legacy_log_hold,screen,434c37af8a3e1fc82611d6bb13d3fb55f28a2987,71,872448,12288,False,2.0634059340009117,0.7179944719973719,2.821650541998679,4354.897892953093,249.89655814800062,249.89655814800062,51505177,5702088704,10825.0,89.0,10825.0,90.22943722943722,7.384659379720688,-0.0014427499991143122,-1.208500660955906,0.011372020468115807,0.1429239958524704,0,0,0.00013563368702307343,0.15516580641269684,0.1545940339565277,0.17579981684684753,0.00038443359375000017,0.16187463700771332,4417,2.0634059340009117,0.7179944719973719,-35.36726379394531,0.0,0.0,0.0,512.0,0.0,-123.54881080627442,88.0
legacy_log_hold,screen,434c37af8a3e1fc82611d6bb13d3fb55f28a2987,72,884736,12288,False,2.6720060339939664,0.7179697150058928,3.4047999219983467,3609.022639071233,253.30135806999897,253.30135806999897,51505177,5702088704,10825.0,88.0,10825.0,90.2948717948718,8.730294972658157,-0.02127667251988896,-1.2425665110349655,0.016226058825850487,0.2008870542049408,0,0,0.0010850694961845875,0.15059171617031097,0.1525885909795761,0.17550791800022125,7.593750000000004e-05,0.1595585197210312,3624,2.6720060339939664,0.7179697150058928,-35.36726379394531,0.0,0.0,0.0,512.0,0.0,-123.54881080627442,88.0
legacy_log_hold,screen,434c37af8a3e1fc82611d6bb13d3fb55f28a2987,73,897024,12288,False,2.6411659799996414,0.7170703950032475,3.408344395000313,3605.269472775468,256.7097024649993,256.7097024649993,51505177,5702088704,10825.0,89.0,10825.0,90.36286919831224,3.930931106209755,-0.02108965502702631,-1.272244818508625,0.010212250985205173,0.1398518979549408,0,0,0.0004340278101153672,0.14975039660930634,0.15168903768062592,0.1718299388885498,0.0002562890625000001,0.1577720195055008,3659,2.6411659799996414,0.7170703950032475,-35.36726379394531,0.0,0.0,0.0,512.0,0.0,-123.54881080627442,88.0
legacy_log_hold,screen,434c37af8a3e1fc82611d6bb13d3fb55f28a2987,74,909312,12288,False,2.2518822669953806,0.7361755260062637,3.081813158998557,3987.2631357032096,259.79151562399784,259.79151562399784,51505177,5702088704,10825.0,94.0,10825.0,90.45,10.290596634149551,-0.016215850117077935,-1.320568136870861,0.011953456327319145,0.1561686247587204,512.0,0.0,0.00013563368702307343,0.1475704163312912,0.14738121628761292,0.16817839443683624,0.0005766503906250003,0.15440800786018372,4112,2.2518822669953806,0.7361755260062637,-35.31033706665039,0.0,0.0,0.0,512.0,0.0,-125.21456947326661,88.0
legacy_log_hold,screen,434c37af8a3e1fc82611d6bb13d3fb55f28a2987,75,921600,12288,False,2.3270313409957453,0.7151539570040768,3.082521002004796,3986.3475356723234,262.87403662600263,262.87403662600263,51505177,5702088704,10825.0,88.0,10825.0,90.51028806584362,6.676064923405647,-0.010973897180519998,-1.3905289135873318,0.01616344228386879,0.1880900114774704,0,0,0.000352647592080757,0.14432363212108612,0.14556345343589783,0.1677902191877365,0.00011390625000000006,0.15255120396614075,4039,2.3270313409957453,0.7151539570040768,-35.31033706665039,0.0,0.0,0.0,512.0,0.0,-125.21456947326661,88.0
legacy_log_hold,screen,434c37af8a3e1fc82611d6bb13d3fb55f28a2987,76,933888,12288,False,2.651160179004364,0.7181656100001419,3.395109658995352,3619.323448785494,266.269146284998,266.269146284998,51505177,5702088704,10825.0,99.0,10825.0,90.61382113821138,6.202154964208603,-0.018244186207084567,-1.4175932817161083,0.011795029044151306,0.1572469174861908,0,0,0.000352647592080757,0.14054927229881287,0.14339092373847961,0.16538572311401367,0.0002562890625000001,0.1498255729675293,3647,2.651160179004364,0.7181656100001419,-35.31033706665039,0.0,0.0,0.0,512.0,0.0,-125.21456947326661,88.0
legacy_log_hold,screen,434c37af8a3e1fc82611d6bb13d3fb55f28a2987,77,946176,12288,False,2.7353213379974477,0.7138089869986288,3.478262855001958,3532.797983432762,269.74740913999995,269.74740913999995,51505177,5702088704,10825.0,99.0,10825.0,90.71084337349397,4.955850005149841,-0.02721122632647166,-1.4651530720293522,0.016169648617506027,0.2023722529411316,512.0,0.0,0.00016276042151730508,0.13991907238960266,0.1416100412607193,0.1639753133058548,3.3750000000000014e-05,0.14850661158561707,3562,2.7353213379974477,0.7138089869986288,-35.36830139160156,0.0,0.0,0.0,512.0,0.0,-123.6697151184082,88.0
legacy_log_hold,screen,434c37af8a3e1fc82611d6bb13d3fb55f28a2987,78,958464,12288,False,1.8954767570030526,0.7178661999932956,2.6991742640020675,4552.503394790292,272.446583404002,272.446583404002,51505177,5702088704,10825.0,90.0,10825.0,90.73412698412699,8.830589398741722,-0.0018054426182061434,-1.4836625643074512,0.011310170404613018,0.1276652067899704,0,0,8.138021075865254e-05,0.13968569040298462,0.13961966335773468,0.1648591309785843,0.0002562890625000001,0.14801038801670074,4702,1.8954767570030526,0.7178661999932956,-35.36830139160156,0.0,0.0,0.0,512.0,0.0,-123.6697151184082,88.0
legacy_log_hold,screen,434c37af8a3e1fc82611d6bb13d3fb55f28a2987,79,970752,12288,False,2.588909855003294,0.7184257609987981,3.36913589300093,3647.225992138575,275.81571929700294,275.81571929700294,51505177,5702088704,10825.0,99.0,10825.0,90.83529411764705,8.690144464373589,-0.022107489203335717,-1.4951410070061684,0.015991127118468285,0.2033488154411316,0,0,0.0006781683769077063,0.1391630917787552,0.13861997425556183,0.16272348165512085,0.00017085937500000009,0.14683739840984344,3715,2.588909855003294,0.7184257609987981,-35.36830139160156,0.0,0.0,0.0,512.0,0.0,-123.6697151184082,88.0
legacy_log_hold,screen,434c37af8a3e1fc82611d6bb13d3fb55f28a2987,80,983040,12288,False,2.6466310379983042,0.7179357740023988,3.426021781997406,3586.6672140175274,279.24174107900035,279.24174107900035,51505177,5702088704,10825.0,100.0,10825.0,90.93410852713178,5.952193379402161,-0.0214229373523267,-1.518975779414177,0.014222542755305767,0.18328857421875,0,0,0.0002170139050576836,0.13855741918087006,0.13744376599788666,0.1608659327030182,0.00017085937500000009,0.14565248787403107,3652,2.6466310379983042,0.7179357740023988,-35.36830139160156,0.0,0.0,0.0,512.0,0.0,-123.6697151184082,88.0
legacy_log_hold,screen,434c37af8a3e1fc82611d6bb13d3fb55f28a2987,81,995328,12288,False,2.505991753998387,0.7369730740028899,3.274774867997621,3752.319012852802,282.51651594699797,282.51651594699797,51505177,5702088704,10825.0,90.0,10825.0,90.98473282442748,12.674775809049606,-0.021322894006516435,-1.5294173285365105,0.01279271300882101,0.1619466245174408,512.0,0.0,5.42534762644209e-05,0.13804152607917786,0.13804543018341064,0.1594538539648056,0.0002562890625000001,0.1451757401227951,3789,2.505991753998387,0.7369730740028899,-36.007057189941406,0.0,0.0,0.0,512.0,0.0,-126.41080253601075,88.0
legacy_log_hold,screen,434c37af8a3e1fc82611d6bb13d3fb55f28a2987,82,1007616,12288,False,2.0670704369986197,0.7175774069983163,2.857352406004793,4300.484593421686,285.37386835300276,285.37386835300276,51505177,5702088704,10825.0,99.0,10825.0,91.04545454545455,6.89454510807991,-0.0031596111366525292,-1.5102054923772812,0.011142358183860779,0.114990234375,0,0,0.00018988717056345195,0.13768842816352844,0.14180772006511688,0.16097256541252136,0.0002562890625000001,0.1468857377767563,4412,2.0670704369986197,0.7175774069983163,-36.007057189941406,0.0,0.0,0.0,512.0,0.0,-126.41080253601075,88.0
legacy_log_hold,screen,434c37af8a3e1fc82611d6bb13d3fb55f28a2987,83,1019904,12288,False,2.667527578996669,0.7245798920048401,3.4132305629973416,3600.108393852317,288.7870989160001,288.7870989160001,51505177,5702088704,10825.0,89.0,10825.0,91.05223880597015,6.2835377007722855,-0.025652185548096895,-1.5363694578409195,0.015631645917892456,0.1974690854549408,0,0,0.0003797743411269039,0.13595134019851685,0.14016050100326538,0.15893256664276123,1.5000000000000005e-05,0.14501447975635529,3622,2.667527578996669,0.7245798920048401,-36.007057189941406,0.0,0.0,0.0,512.0,0.0,-126.41080253601075,88.0
legacy_log_hold,screen,434c37af8a3e1fc82611d6bb13d3fb55f28a2987,84,1032192,12288,False,2.643270130996825,0.7203325439986656,3.398352429001534,3615.869824193109,292.18545134500164,292.18545134500164,51505177,5702088704,10825.0,87.0,10825.0,91.09594095940959,3.462314233183861,-0.01765698963572504,-1.5460002534091473,0.00994260236620903,0.1323649138212204,0,0,0.0002170139050576836,0.13546103239059448,0.13943453133106232,0.15752385556697845,0.0002562890625000001,0.14421136677265167,3653,2.643270130996825,0.7203325439986656,-36.007057189941406,0.0,0.0,0.0,512.0,0.0,-126.41080253601075,88.0
legacy_log_hold,screen,434c37af8a3e1fc82611d6bb13d3fb55f28a2987,85,1044480,12288,False,2.243490433997067,0.7385294910054654,2.997755756994593,4099.066433724195,295.18320710199623,295.18320710199623,51505177,5702088704,10825.0,89.0,10825.0,91.14598540145985,10.911317825317383,-0.010635238752001897,-1.588836271315813,0.01194314006716013,0.1567586362361908,512.0,0.0,0.00016276042151730508,0.1339670866727829,0.13756240904331207,0.15407204627990723,0.0005766503906250003,0.14199845492839813,4120,2.243490433997067,0.7385294910054654,-35.6702766418457,0.0,0.0,0.0,512.0,0.0,-125.10663345336914,88.0
legacy_log_hold,screen,434c37af8a3e1fc82611d6bb13d3fb55f28a2987,86,1056768,12288,False,2.32810491300188,0.7206148280019988,3.084024520001549,3984.4041188083124,298.2672316219978,298.2672316219978,51505177,5702088704,10825.0,88.0,10825.0,91.1913357400722,8.288310006260872,-0.007443136542860884,-1.6207014694809914,0.012867255136370659,0.15948486328125,0,0,0.00018988715601153672,0.1329975724220276,0.1388591229915619,0.15436065196990967,0.00038443359375000017,0.1420280933380127,4030,2.32810491300188,0.7206148280019988,-35.6702766418457,0.0,0.0,0.0,512.0,0.0,-125.10663345336914,88.0
legacy_log_hold,screen,434c37af8a3e1fc82611d6bb13d3fb55f28a2987,87,1069056,12288,False,2.6514216319992556,0.7190409940012614,3.3843871870049043,3630.790249762931,301.6516188090027,301.6516188090027,51505177,5702088704,10825.0,88.0,10825.0,91.23571428571428,6.9460906609892845,-0.01903482255875133,-1.604980368167162,0.015525564551353455,0.1933186948299408,0,0,0.00018988717056345195,0.1324547976255417,0.1393456906080246,0.15340453386306763,7.593750000000004e-05,0.1417616456747055,3645,2.6514216319992556,0.7190409940012614,-35.6702766418457,0.0,0.0,0.0,512.0,0.0,-125.10663345336914,88.0
legacy_log_hold,screen,434c37af8a3e1fc82611d6bb13d3fb55f28a2987,88,1081344,12288,False,2.734303909004666,0.7186146949970862,3.4914563369966345,3519.448280017785,305.1430751459993,305.1430751459993,51505177,5702088704,10825.0,99.0,10825.0,91.31802120141343,4.898293614387512,-0.024108144752972294,-1.6251071318984032,0.009795330464839935,0.1327921748161316,512.0,0.0,0.00018988717056345195,0.13053175806999207,0.138803631067276,0.15161050856113434,0.0002562890625000001,0.14037854969501495,3558,2.734303909004666,0.7186146949970862,-35.70618438720703,0.0,0.0,0.0,512.0,0.0,-124.01392753601074,88.0
legacy_log_hold,screen,434c37af8a3e1fc82611d6bb13d3fb55f28a2987,89,1093632,12288,False,1.8996164650015999,0.7179844769998454,2.7170352269968134,4522.5766224540785,307.86011037299613,307.86011037299613,51505177,5702088704,10825.0,87.0,10825.0,91.35664335664336,6.904047250747681,-0.002829225268214941,-1.6264611929655075,0.011036548763513565,0.1416422426700592,0,0,8.138021075865254e-05,0.13336297869682312,0.13929203152656555,0.15235373377799988,0.00038443359375000017,0.14163382351398468,4694,1.8996164650015999,0.7179844769998454,-35.70618438720703,0.0,0.0,0.0,512.0,0.0,-124.01392753601074,88.0
legacy_log_hold,screen,434c37af8a3e1fc82611d6bb13d3fb55f28a2987,90,1105920,12288,False,2.6198781920029433,0.725490600001649,3.362306327006081,3654.634291141961,311.2224167000022,311.2224167000022,51505177,5702088704,10825.0,88.0,10825.0,91.39792387543253,8.237130239605904,-0.016643425755319186,-1.6005260087549686,0.014462082646787167,0.1749267578125,0,0,0.000352647592080757,0.1327868402004242,0.14047911763191223,0.15206800401210785,0.00011390625000000006,0.14181269705295563,3673,2.6198781920029433,0.725490600001649,-35.70618438720703,0.0,0.0,0.0,512.0,0.0,-124.01392753601074,88.0
legacy_log_hold,screen,434c37af8a3e1fc82611d6bb13d3fb55f28a2987,91,1118208,12288,False,2.6421677749967785,0.7270373229985125,3.394091030000709,3620.4096741616954,314.6165077300029,314.6165077300029,51505177,5702088704,10825.0,99.0,10825.0,91.47945205479452,8.323752120137215,-0.019896812340448378,-1.6207517012953758,0.011531625874340534,0.1435750424861908,0,0,0.00027126737404614687,0.13026992976665497,0.14048892259597778,0.15161018073558807,0.00017085937500000009,0.1408100426197052,3647,2.6421677749967785,0.7270373229985125,-35.70618438720703,0.0,0.0,0.0,512.0,0.0,-124.01392753601074,88.0
legacy_log_hold,screen,434c37af8a3e1fc82611d6bb13d3fb55f28a2987,92,1130496,12288,False,2.4950939580012346,0.7448531280024326,3.280990182000096,3745.2108413531487,317.897497912003,317.897497912003,51505177,5702088704,10825.0,99.0,10825.0,91.55932203389831,622.8951774835587,-0.002268174954224378,-1.6384722851216793,0.01884504035115242,0.2022705078125,512.0,1.0,0.0002170139050576836,0.12957899272441864,0.14014169573783875,0.15126293897628784,1e-05,0.14032931625843048,3792,2.4950939580012346,0.7448531280024326,-34.68848419189453,0.001953125,1.0,0.0,512.0,0.001953125,-125.75445335388184,88.0
legacy_log_hold,screen,434c37af8a3e1fc82611d6bb13d3fb55f28a2987,93,1142784,12288,False,2.0632936260008137,0.7268382330003078,2.852087148996361,4308.423746561917,320.7495850609994,320.7495850609994,51505177,5702088704,10825.0,91.0,10825.0,91.60738255033557,6.01820795238018,-0.004930749622872099,-1.6506923511624336,0.008046664297580719,0.0987752303481102,0,0,8.138021075865254e-05,0.12902307510375977,0.13793885707855225,0.15179112553596497,0.00038443359375000017,0.1395796537399292,4404,2.0632936260008137,0.7268382330003078,-34.68848419189453,0.001953125,1.0,0.0,512.0,0.001953125,-125.75445335388184,88.0
legacy_log_hold,screen,434c37af8a3e1fc82611d6bb13d3fb55f28a2987,94,1155072,12288,False,2.662832558999071,0.727194799001154,3.4292743269979837,3583.265387449193,324.17885938799736,324.17885938799736,51505177,5702088704,10825.0,99.0,10825.0,91.68106312292359,7.619910433888435,-0.017274936428293586,-1.6731395870447159,0.013728872872889042,0.1710205078125,0,0,0.000732421875,0.1272190660238266,0.13670723140239716,0.15120872855186462,0.00011390625000000006,0.13840548694133759,3624,2.662832558999071,0.727194799001154,-34.68848419189453,0.001953125,1.0,0.0,512.0,0.001953125,-125.75445335388184,88.0
legacy_log_hold,screen,434c37af8a3e1fc82611d6bb13d3fb55f28a2987,95,1167360,12288,False,2.6543558119956288,0.724785171005351,3.407050205001724,3606.638957641595,327.5859095929991,327.5859095929991,51505177,5702088704,10825.0,99.0,10825.0,91.66118421052632,9.08857998251915,-0.023762890174111817,-1.7073933333158493,0.013956470414996147,0.1827596127986908,0,0,0.0001085069525288418,0.12625688314437866,0.13453611731529236,0.14860451221466064,0.0002562890625000001,0.13650727272033691,3636,2.6543558119956288,0.724785171005351,-34.68848419189453,0.001953125,1.0,0.0,512.0,0.001953125,-125.75445335388184,88.0
legacy_log_hold,screen,434c37af8a3e1fc82611d6bb13d3fb55f28a2987,96,1179648,12288,False,2.2459605839976575,0.7453227730002254,3.004773936001584,4089.492341760489,330.59068352900067,330.59068352900067,51505177,5702088704,10825.0,99.0,10825.0,91.66123778501628,11.226016789674759,-0.009764359285327373,-1.727721530944109,0.013657387346029282,0.1712443083524704,512.0,0.0,8.138021075865254e-05,0.12528713047504425,0.13629156351089478,0.14986088871955872,0.00038443359375000017,0.13710631430149078,4107,2.2459605839976575,0.7453227730002254,-35.00970458984375,0.0,0.0,0.0,512.0,0.0,-121.80403938293458,88.0
legacy_log_hold,screen,434c37af8a3e1fc82611d6bb13d3fb55f28a2987,97,1191936,12288,False,2.328992486000061,0.7251067239994882,3.0715857699979097,4000.5394347195333,333.6622692989986,333.6622692989986,51505177,5702088704,10825.0,99.0,10825.0,91.67096774193548,10.36004713177681,-0.008909748430596665,-1.720124438405037,0.013427414931356907,0.1630452573299408,0,0,0.0002170139050576836,0.12381457537412643,0.13567370176315308,0.14990000426769257,0.0002562890625000001,0.13647323846817017,4023,2.328992486000061,0.7251067239994882,-35.00970458984375,0.0,0.0,0.0,512.0,0.0,-121.80403938293458,88.0
legacy_log_hold,screen,434c37af8a3e1fc82611d6bb13d3fb55f28a2987,98,1204224,12288,False,2.6686617719969945,0.7239579490051256,3.4136903940016055,3599.6234519662244,337.0759596930002,337.0759596930002,51505177,5702088704,10825.0,99.0,10825.0,91.74121405750799,9.372063264250755,-0.020696882138508954,-1.7434276640415192,0.01578628271818161,0.2068074494600296,0,0,0.0006781684933230281,0.12201336771249771,0.13548773527145386,0.14810478687286377,0.00011390625000000006,0.13521535694599152,3621,2.6686617719969945,0.7239579490051256,-35.00970458984375,0.0,0.0,0.0,512.0,0.0,-121.80403938293458,88.0
legacy_log_hold,screen,434c37af8a3e1fc82611d6bb13d3fb55f28a2987,99,1216512,12288,False,2.7497839069983456,0.7225831230025506,3.487574778002454,3523.3653131985557,340.56353447100264,340.56353447100264,51505177,5702088704,10825.0,88.0,10825.0,91.76656151419559,14.65510892868042,-0.020704116497654468,-1.7491157539188862,0.016199802979826927,0.1945800930261612,512.0,0.0,0.00021701387595385313,0.1228255033493042,0.13544414937496185,0.1483944058418274,1.5000000000000005e-05,0.13555648922920227,3538,2.7497839069983456,0.7225831230025506,-34.87321090698242,0.0,0.0,0.0,512.0,0.0,-123.07451477050782,88.0
legacy_log_hold,screen,434c37af8a3e1fc82611d6bb13d3fb55f28a2987,100,1228800,12288,False,1.890858140999626,0.7198604750010418,2.6459107359987684,4644.147602115372,343.2094452070014,343.2094452070014,51505177,5702088704,10825.0,99.0,10825.0,91.81191222570533,6.496543541550636,-0.0033519437129143625,-1.7574305012822151,0.008649386465549469,0.1021321713924408,0,0,2.712673813221045e-05,0.12043418735265732,0.13408052921295166,0.14932367205619812,0.00038443359375000017,0.13462644815444946,4706,1.890858140999626,0.7198604750010418,-34.87321090698242,0.0,0.0,0.0,512.0,0.0,-123.07451477050782,88.0
